order_id,line_number,order_date,customer_key,product_key,quantity,gross_merchandise_value,promotional_discount,net_merchandise_value,shipping_revenue_allocated,is_promoted,is_first_order,return_rate,fiscal_year
15628,1,2023-03-25,9629,57,1,1956,231,1725,0.0,True,True,0.039576,2023
14218,1,2023-03-18,8782,74,1,3880,865,3015,0.0,True,True,0.084805,2023
18182,1,2023-04-05,11172,67,1,7535,1123,6412,0.0,True,True,0.10742,2023
8693,1,2023-02-18,5395,3,1,5360,0,5360,0.0,False,True,0.062191,2023
191530,1,2025-04-22,154796,15,1,2804,0,2804,0.0,False,False,0.039576,2025
106335,2,2024-04-17,65157,21,1,1851,0,1851,2.344535,False,True,0.039576,2024
14536,1,2023-03-20,8971,6,1,4322,539,3783,0.0,True,True,0.084805,2023
12348,1,2023-03-09,7616,3,1,5360,0,5360,0.0,False,True,0.062191,2023
6756,1,2023-02-08,4213,33,1,2230,0,2230,0.0,False,True,0.039576,2023
125634,1,2024-07-24,3804,27,1,1729,0,1729,0.0,False,False,0.039576,2024
192910,1,2025-04-28,131291,84,1,7500,0,7500,5.78999,False,False,0.062191,2025
35600,2,2023-06-29,21771,48,2,12746,0,12746,0.0,False,True,0.062191,2023
37711,1,2023-07-09,23064,84,1,7132,0,7132,0.0,False,True,0.062191,2023
7788,1,2023-02-13,4859,27,1,1686,0,1686,0.0,False,True,0.039576,2023
214964,1,2025-08-17,131711,39,2,5528,0,5528,5.78999,False,True,0.039576,2025
14541,1,2023-03-20,8976,2,1,5746,1311,4435,0.0,True,True,0.084805,2023
211197,2,2025-08-01,110521,56,1,6593,0,6593,0.0,False,False,0.062191,2025
223766,1,2025-09-26,137039,47,2,9977,0,9977,0.0,False,True,0.084805,2025
13280,1,2023-03-13,8199,5,1,6632,0,6632,0.0,False,True,0.062191,2023
10647,1,2023-02-28,6597,14,1,5478,0,5478,5.728833,False,True,0.084805,2023
242451,1,2025-11-26,136934,40,1,7090,1493,5596,0.0,True,False,0.062191,2025
30456,3,2023-06-05,18643,41,1,2682,0,2682,0.0,False,True,0.039576,2023
8791,1,2023-02-18,5458,22,1,5736,0,5736,0.0,False,True,0.062191,2023
92326,1,2024-02-06,56579,30,1,1792,0,1792,0.0,False,True,0.039576,2024
203423,2,2025-06-20,124613,36,1,1939,308,1630,0.0,True,True,0.039576,2025
213116,1,2025-08-09,130576,41,1,2820,0,2820,5.78999,False,True,0.039576,2025
12000,1,2023-03-07,25272,27,1,1686,0,1686,0.0,False,False,0.039576,2023
247542,1,2025-12-11,130046,49,1,1773,230,1543,0.0,True,False,0.039576,2025
10526,1,2023-02-28,6530,11,1,5114,0,5114,5.728833,False,True,0.062191,2023
32632,1,2023-06-15,41928,43,1,4834,663,4171,5.728833,True,False,0.084805,2023
216394,1,2025-08-24,132595,47,1,4989,794,4195,5.78999,True,True,0.084805,2025
15888,1,2023-03-26,15078,1,1,5753,861,4892,5.728833,True,False,0.062191,2023
13405,1,2023-03-14,22093,11,1,5114,0,5114,5.728833,False,False,0.062191,2023
118987,2,2024-06-18,72776,39,1,2695,427,2269,2.166242,True,True,0.039576,2024
13196,1,2023-03-13,8146,10,2,8533,0,8533,0.0,False,True,0.084805,2023
223829,1,2025-09-26,137085,27,1,1773,0,1773,0.0,False,True,0.039576,2025
15680,1,2023-03-25,9659,15,2,5334,910,4424,0.0,True,True,0.039576,2023
6608,1,2023-02-07,16543,1,1,5753,0,5753,5.728833,False,False,0.062191,2023
35982,1,2023-06-30,22007,52,1,6957,0,6957,0.0,False,True,0.062191,2023
174150,1,2025-01-23,106768,57,1,2057,0,2057,0.0,False,True,0.039576,2025
95631,2,2024-02-25,58583,30,1,1792,0,1792,1.443571,False,True,0.039576,2024
41749,1,2023-08-01,25541,36,1,1844,0,1844,1.51807,False,True,0.039576,2023
14044,1,2023-03-17,8679,18,1,2582,425,2157,0.0,True,True,0.039576,2023
130687,1,2024-08-18,18876,61,1,1779,0,1779,5.757974,False,False,0.039576,2024
88544,2,2024-01-16,71769,1,1,5899,0,5899,0.0,False,False,0.062191,2024
13876,2,2023-03-16,8567,1,2,11507,1738,9768,4.264132,True,True,0.062191,2023
216867,1,2025-08-26,110454,49,1,1773,219,1554,0.0,True,False,0.039576,2025
35519,2,2023-06-29,21729,36,1,1844,0,1844,0.0,False,True,0.039576,2023
10426,2,2023-02-27,6467,24,1,1773,0,1773,1.503348,False,True,0.039576,2023
114708,1,2024-05-30,70175,49,1,1729,0,1729,5.757974,False,True,0.039576,2024
12767,1,2023-03-11,32224,21,1,1805,0,1805,1.471691,False,False,0.039576,2023
84802,2,2023-12-28,12710,27,2,3372,0,3372,0.0,False,False,0.039576,2023
209619,1,2025-07-23,117101,39,1,2764,0,2764,1.434366,False,False,0.039576,2025
13139,3,2023-03-13,17581,2,1,5746,0,5746,0.0,False,False,0.084805,2023
57626,1,2023-10-10,35331,38,2,9154,0,9154,0.0,False,True,0.084805,2023
253984,2,2025-12-31,40239,45,2,5170,0,5170,0.0,False,False,0.039576,2025
8679,1,2023-02-18,4727,5,1,6632,0,6632,0.0,False,False,0.062191,2023
14084,1,2023-03-17,10172,15,1,2667,420,2246,0.0,True,False,0.039576,2023
106888,1,2024-04-20,76831,21,1,1851,0,1851,1.240818,False,False,0.039576,2024
12637,2,2023-03-10,15686,30,1,1747,0,1747,1.610808,False,False,0.039576,2023
10208,1,2023-02-26,6336,5,2,13264,0,13264,0.0,False,True,0.062191,2023
245087,1,2025-12-04,150016,43,1,5083,0,5083,0.0,False,True,0.084805,2025
92758,1,2024-02-08,56850,30,1,1792,0,1792,5.757974,False,True,0.039576,2024
11712,3,2023-03-05,35401,15,1,2667,0,2667,0.0,False,False,0.039576,2023
35073,2,2023-06-27,21469,39,2,5257,0,5257,4.307241,False,True,0.039576,2023
8190,1,2023-02-15,5101,22,2,11472,0,11472,0.0,False,True,0.062191,2023
41817,3,2023-08-01,33623,36,1,1844,0,1844,0.0,False,False,0.039576,2023
80995,3,2023-12-16,50209,27,2,3372,627,2744,0.0,True,False,0.039576,2023
81463,1,2023-12-18,49917,15,1,2667,504,2163,5.728833,True,True,0.039576,2023
52185,1,2023-09-17,9712,47,1,4744,0,4744,5.728833,False,False,0.084805,2023
24674,2,2023-05-06,15129,41,1,2682,0,2682,0.0,False,True,0.039576,2023
119898,1,2024-06-22,73356,36,1,1890,244,1646,5.757974,True,True,0.039576,2024
16281,1,2023-03-28,10046,53,1,2105,271,1834,0.0,True,True,0.039576,2023
19381,3,2023-04-10,11917,46,1,7654,1112,6542,0.0,True,True,0.10742,2023
11098,2,2023-03-02,6857,3,1,5360,0,5360,0.0,False,True,0.062191,2023
16089,1,2023-03-27,9912,18,1,2582,379,2203,5.728833,True,True,0.039576,2023
6384,2,2023-02-06,3977,5,1,6632,0,6632,0.0,False,True,0.062191,2023
9177,1,2023-02-20,5692,4,1,4467,0,4467,0.0,False,True,0.084805,2023
6078,1,2023-02-04,3782,11,1,5114,0,5114,5.728833,False,True,0.062191,2023
9362,1,2023-02-21,5812,2,1,5746,0,5746,0.0,False,True,0.084805,2023
88612,2,2024-01-16,54283,30,1,1792,0,1792,0.0,False,True,0.039576,2024
16932,3,2023-03-31,44891,29,2,8271,1195,7076,0.0,True,False,0.084805,2023
11444,1,2023-03-04,5170,1,1,5753,0,5753,5.728833,False,False,0.062191,2023
246680,3,2025-12-09,150992,60,1,6966,0,6966,0.0,False,True,0.062191,2025
16734,2,2023-03-30,10309,2,1,5746,1042,4704,2.787992,True,True,0.084805,2023
18001,2,2023-04-05,11053,43,1,4834,937,3897,0.0,True,True,0.084805,2023
20997,1,2023-04-18,12912,57,1,1956,0,1956,1.50884,False,True,0.039576,2023
34572,2,2023-06-24,30759,55,1,5668,739,4929,0.0,True,False,0.084805,2023
217160,1,2025-08-27,133042,78,1,6513,1237,5276,0.0,True,True,0.062191,2025
93469,1,2024-02-12,100973,30,1,1792,0,1792,0.0,False,False,0.039576,2024
23269,1,2023-04-29,14275,74,1,3880,0,3880,0.0,False,True,0.084805,2023
33255,1,2023-06-18,25194,80,1,6185,1230,4955,5.728833,True,False,0.062191,2023
250724,1,2025-12-21,153407,39,1,2764,450,2314,0.0,True,True,0.039576,2025
47362,1,2023-08-26,29072,68,2,8658,1752,6907,0.0,True,True,0.084805,2023
195378,2,2025-05-11,132410,61,1,1825,0,1825,0.0,False,False,0.039576,2025
37778,1,2023-07-10,23115,43,1,4834,0,4834,5.728833,False,True,0.084805,2023
232400,1,2025-11-03,115292,72,1,6478,0,6478,5.78999,False,False,0.062191,2025
13973,2,2023-03-17,8628,24,1,1773,358,1415,1.433128,True,True,0.039576,2023
251105,2,2025-12-22,153633,31,1,5640,0,5640,0.0,False,True,0.062191,2025
8012,1,2023-02-14,31160,31,1,5363,0,5363,0.0,False,False,0.062191,2023
197856,1,2025-05-24,56667,20,2,8397,0,8397,0.0,False,False,0.084805,2025
8266,2,2023-02-16,3262,1,1,5753,0,5753,0.0,False,False,0.062191,2023
8735,1,2023-02-18,5420,15,1,2667,0,2667,0.0,False,True,0.039576,2023
211418,2,2025-08-02,129559,53,1,2214,0,2214,0.0,False,True,0.039576,2025
23640,1,2023-04-30,47389,36,1,1844,0,1844,2.894446,False,False,0.039576,2023
214676,1,2025-08-16,131525,36,1,1939,0,1939,5.78999,False,True,0.039576,2025
251389,1,2025-12-23,153804,36,2,3878,0,3878,0.0,False,True,0.039576,2025
9078,2,2023-02-20,1457,30,1,1747,0,1747,1.649457,False,False,0.039576,2023
37475,1,2023-07-08,22934,71,2,7888,0,7888,0.0,False,True,0.084805,2023
128186,1,2024-08-07,78450,61,1,1779,0,1779,0.0,False,True,0.039576,2024
207318,1,2025-07-09,127034,47,1,4989,0,4989,0.0,False,True,0.084805,2025
192197,1,2025-04-25,77695,15,1,2804,0,2804,5.78999,False,False,0.039576,2025
11909,1,2023-03-07,26294,1,1,5753,0,5753,0.0,False,False,0.062191,2023
253200,2,2025-12-29,154896,19,1,5275,0,5275,0.0,False,True,0.062191,2025
10724,2,2023-03-01,6643,2,1,5746,0,5746,0.0,False,True,0.084805,2023
21016,2,2023-04-18,24899,43,1,4834,0,4834,0.0,False,False,0.084805,2023
40369,1,2023-07-24,30377,78,1,6194,0,6194,5.728833,False,False,0.062191,2023
12504,1,2023-03-10,7716,4,1,4467,0,4467,0.0,False,True,0.084805,2023
107404,2,2024-04-22,65779,21,1,1851,0,1851,1.69666,False,True,0.039576,2024
130999,1,2024-08-20,102783,45,1,2521,363,2158,0.0,True,False,0.039576,2024
13584,1,2023-03-15,3113,19,2,10033,1492,8542,3.738241,True,False,0.062191,2023
11387,1,2023-03-04,7037,3,1,5360,0,5360,5.728833,False,True,0.062191,2023
11237,1,2023-03-03,6945,22,1,5736,0,5736,0.0,False,True,0.062191,2023
188431,2,2025-04-08,115547,84,1,7500,727,6773,0.0,True,True,0.062191,2025
106976,2,2024-04-20,65526,49,2,3457,0,3457,0.0,False,True,0.039576,2024
16223,3,2023-03-27,10005,1,1,5753,929,4824,0.0,True,True,0.062191,2023
113460,2,2024-05-23,69391,20,1,4094,0,4094,0.0,False,True,0.084805,2024
125516,1,2024-07-23,8036,18,1,2647,0,2647,5.757974,False,False,0.039576,2024
8353,1,2023-02-16,48519,2,2,11492,0,11492,0.0,False,False,0.084805,2023
194760,1,2025-05-08,119375,18,1,2715,0,2715,0.0,False,True,0.039576,2025
12666,1,2023-03-10,7825,8,1,5223,0,5223,0.0,False,True,0.084805,2023
7680,2,2023-02-13,4788,16,1,6565,0,6565,0.0,False,True,0.062191,2023
14902,2,2023-03-22,26700,5,1,6632,870,5762,0.0,True,False,0.062191,2023
224997,1,2025-10-01,137793,47,1,4989,0,4989,0.0,False,True,0.084805,2025
207690,1,2025-07-12,127248,25,2,12446,0,12446,0.0,False,True,0.062191,2025
121193,1,2024-06-28,74141,39,1,2695,0,2695,5.757974,False,True,0.039576,2024
8866,1,2023-02-19,30990,18,1,2582,0,2582,5.728833,False,False,0.039576,2023
16354,1,2023-03-28,10091,29,1,4135,425,3711,5.728833,True,True,0.084805,2023
11540,1,2023-03-05,7119,32,1,3866,0,3866,0.0,False,True,0.084805,2023
17489,1,2023-04-02,10759,61,1,1735,354,1381,0.0,True,True,0.039576,2023
31463,1,2023-06-10,48868,43,1,4834,490,4344,0.0,True,False,0.084805,2023
44300,1,2023-08-13,27163,61,2,3470,0,3470,0.0,False,True,0.039576,2023
34423,1,2023-06-23,21085,48,2,12746,1290,11455,0.0,True,True,0.062191,2023
115927,1,2024-06-04,70921,49,2,3457,0,3457,5.757974,False,True,0.039576,2024
8142,1,2023-02-15,5077,24,1,1773,0,1773,5.728833,False,True,0.039576,2023
129596,2,2024-08-14,89982,53,1,2159,0,2159,0.0,False,False,0.039576,2024
16034,1,2023-03-27,9886,11,2,10228,1186,9042,0.0,True,True,0.062191,2023
15973,1,2023-03-26,9850,4,1,4467,693,3774,0.0,True,True,0.084805,2023
12400,2,2023-03-09,7647,13,2,9969,0,9969,0.0,False,True,0.062191,2023
28757,2,2023-05-29,42068,78,2,12388,0,12388,0.0,False,False,0.062191,2023
8760,1,2023-02-18,5435,3,2,10719,0,10719,0.0,False,True,0.062191,2023
14980,1,2023-03-22,9234,1,1,5753,582,5172,5.728833,True,True,0.062191,2023
26081,2,2023-05-14,47809,56,1,6269,0,6269,0.0,False,False,0.062191,2023
128931,2,2024-08-11,57543,36,1,1890,0,1890,1.473773,False,False,0.039576,2024
13264,1,2023-03-13,13802,9,2,11951,0,11951,0.0,False,False,0.062191,2023
6831,1,2023-02-08,4258,1,1,5753,0,5753,0.0,False,True,0.062191,2023
35265,1,2023-06-27,21578,39,1,2629,0,2629,5.728833,False,True,0.039576,2023
77998,2,2023-12-08,47804,27,1,1686,0,1686,0.0,False,True,0.039576,2023
250084,1,2025-12-19,67123,19,1,5275,709,4567,0.0,True,False,0.062191,2025
251845,1,2025-12-25,154081,45,1,2585,0,2585,0.0,False,True,0.039576,2025
13617,2,2023-03-15,8410,27,1,1686,98,1588,0.0,True,True,0.039576,2023
13333,1,2023-03-14,8233,1,1,5753,0,5753,0.0,False,True,0.062191,2023
28276,1,2023-05-26,17338,57,1,1956,0,1956,5.728833,False,True,0.039576,2023
25615,2,2023-05-11,15696,45,1,2458,0,2458,0.0,False,True,0.039576,2023
47636,1,2023-08-28,29244,67,1,7535,1060,6476,0.0,True,True,0.10742,2023
14548,1,2023-03-20,7054,49,1,1686,226,1460,0.0,True,False,0.039576,2023
11304,1,2023-03-03,6984,5,1,6632,0,6632,0.0,False,True,0.062191,2023
47019,1,2023-08-25,28864,61,1,1735,299,1436,0.0,True,True,0.039576,2023
39740,1,2023-07-21,27308,53,1,2105,0,2105,0.0,False,False,0.039576,2023
123822,1,2024-07-13,75729,18,1,2647,0,2647,5.757974,False,True,0.039576,2024
31198,1,2023-06-09,19094,51,1,4193,0,4193,2.431195,False,True,0.084805,2023
16628,1,2023-03-29,10251,21,1,1805,267,1538,5.728833,True,True,0.039576,2023
28969,1,2023-05-30,17747,39,1,2629,0,2629,5.728833,False,True,0.039576,2023
239844,1,2025-11-20,146808,49,2,3545,0,3545,5.78999,False,True,0.039576,2025
41090,1,2023-07-29,25134,42,1,8149,0,8149,0.0,False,True,0.10742,2023
90016,2,2024-01-24,83706,1,1,5899,0,5899,0.0,False,False,0.062191,2024
13415,3,2023-03-14,8290,2,1,5746,0,5746,0.0,False,True,0.084805,2023
6530,1,2023-02-07,1690,11,2,10228,0,10228,0.0,False,False,0.062191,2023
8180,3,2023-02-15,24333,2,1,5746,0,5746,0.0,False,False,0.084805,2023
80385,1,2023-12-15,49251,27,1,1686,338,1348,5.728833,True,True,0.039576,2023
9367,2,2023-02-21,5816,1,1,5753,0,5753,0.0,False,True,0.062191,2023
202427,2,2025-06-15,124006,36,1,1939,374,1565,0.0,True,True,0.039576,2025
250107,2,2025-12-19,150884,39,1,2764,381,2384,0.0,True,False,0.039576,2025
25152,1,2023-05-08,15413,49,1,1686,0,1686,2.736219,False,True,0.039576,2023
6746,2,2023-02-08,28842,1,1,5753,0,5753,0.0,False,False,0.062191,2023
14598,1,2023-03-20,9008,15,1,2667,367,2300,0.0,True,True,0.039576,2023
10734,1,2023-03-01,21581,1,1,5753,0,5753,0.0,False,False,0.062191,2023
12130,1,2023-03-08,26463,2,1,5746,0,5746,0.0,False,False,0.084805,2023
95936,3,2024-02-27,52762,4,1,4581,0,4581,0.0,False,False,0.084805,2024
121842,1,2024-06-30,74516,39,2,5391,0,5391,5.757974,False,True,0.039576,2024
15273,1,2023-03-23,22114,6,1,4322,359,3963,0.0,True,False,0.084805,2023
236088,1,2025-11-11,46954,49,1,1773,0,1773,0.0,False,False,0.039576,2025
111691,2,2024-05-14,68336,21,2,3703,0,3703,0.0,False,True,0.039576,2024
17805,1,2023-04-04,12657,45,1,2458,300,2159,5.728833,True,False,0.039576,2023
14525,1,2023-03-20,8966,2,1,5746,482,5264,0.0,True,True,0.084805,2023
11212,1,2023-03-03,23370,12,2,9660,0,9660,0.0,False,False,0.084805,2023
35037,3,2023-06-26,21452,54,2,11141,0,11141,0.0,False,True,0.10742,2023
80441,1,2023-12-15,49290,15,2,5334,1005,4329,0.0,True,True,0.039576,2023
16040,2,2023-03-27,9888,4,1,4467,1004,3463,0.0,True,True,0.084805,2023
241430,1,2025-11-24,147794,40,1,7090,1085,6005,5.78999,True,True,0.062191,2025
16069,1,2023-03-27,36750,5,1,6632,1302,5330,5.728833,True,False,0.062191,2023
115662,1,2024-06-03,70762,49,1,1729,0,1729,0.0,False,True,0.039576,2024
8883,1,2023-02-19,5515,10,1,4266,0,4266,0.0,False,True,0.084805,2023
8869,1,2023-02-19,5506,2,1,5746,0,5746,0.0,False,True,0.084805,2023
13249,2,2023-03-13,8181,5,1,6632,0,6632,0.0,False,True,0.062191,2023
10173,2,2023-02-26,6313,5,1,6632,0,6632,0.0,False,True,0.062191,2023
95792,1,2024-02-26,35506,30,1,1792,0,1792,5.757974,False,False,0.039576,2024
45294,1,2023-08-17,16917,36,1,1844,0,1844,5.728833,False,False,0.039576,2023
94817,1,2024-02-20,99222,4,2,9161,0,9161,0.0,False,False,0.084805,2024
38278,2,2023-07-13,23447,39,1,2629,0,2629,3.490393,False,True,0.039576,2023
239845,1,2025-11-20,146809,78,1,6513,0,6513,0.0,False,True,0.062191,2025
8894,2,2023-02-19,21234,9,2,11951,0,11951,0.0,False,False,0.062191,2023
194984,1,2025-05-09,119501,18,1,2715,0,2715,5.78999,False,True,0.039576,2025
10194,1,2023-02-26,6327,2,1,5746,0,5746,5.728833,False,True,0.084805,2023
14728,1,2023-03-21,9089,1,1,5753,1406,4347,5.728833,True,True,0.062191,2023
197875,2,2025-05-24,121242,18,1,2715,0,2715,0.0,False,True,0.039576,2025
214284,2,2025-08-15,131292,68,1,4553,0,4553,0.0,False,True,0.084805,2025
91017,1,2024-01-29,55774,30,1,1792,0,1792,0.0,False,True,0.039576,2024
19913,1,2023-04-13,30137,38,1,4577,0,4577,5.728833,False,False,0.084805,2023
230287,1,2025-10-26,141021,27,1,1773,0,1773,5.78999,False,True,0.039576,2025
202538,1,2025-06-15,124066,56,1,6593,1303,5290,0.0,True,True,0.062191,2025
13675,2,2023-03-15,8442,15,1,2667,418,2249,1.955012,True,True,0.039576,2023
27770,1,2023-05-23,23536,45,1,2458,0,2458,0.0,False,False,0.039576,2023
9236,1,2023-02-21,21877,13,2,9969,0,9969,0.0,False,False,0.062191,2023
124265,1,2024-07-16,76011,36,1,1890,0,1890,2.398888,False,True,0.039576,2024
113177,1,2024-05-22,69214,21,1,1851,0,1851,0.0,False,True,0.039576,2024
12608,1,2023-03-10,22958,1,2,11507,0,11507,0.0,False,False,0.062191,2023
10187,1,2023-02-26,6321,2,1,5746,0,5746,0.0,False,True,0.084805,2023
8513,1,2023-02-17,34570,18,2,5163,0,5163,5.728833,False,False,0.039576,2023
38782,2,2023-07-16,23731,42,1,8149,0,8149,0.0,False,True,0.10742,2023
11350,2,2023-03-03,7013,32,2,7733,0,7733,0.0,False,True,0.084805,2023
114609,1,2024-05-29,70107,21,1,1851,0,1851,5.757974,False,True,0.039576,2024
10901,1,2023-03-01,48822,1,1,5753,0,5753,0.0,False,False,0.062191,2023
13365,1,2023-03-14,27322,33,1,2230,0,2230,0.0,False,False,0.039576,2023
10289,2,2023-02-26,6390,4,1,4467,0,4467,0.0,False,True,0.084805,2023
14426,1,2023-03-19,23486,20,1,3992,753,3239,0.0,True,False,0.084805,2023
198016,1,2025-05-25,121325,18,1,2715,0,2715,0.0,False,True,0.039576,2025
13323,1,2023-03-13,8227,12,1,4830,0,4830,0.0,False,True,0.084805,2023
230640,2,2025-10-27,141230,49,1,1773,0,1773,0.0,False,True,0.039576,2025
31362,2,2023-06-10,51644,49,2,3372,326,3046,3.438398,True,False,0.039576,2023
16770,1,2023-03-30,25988,6,1,4322,739,3583,0.0,True,False,0.084805,2023
11379,1,2023-03-04,7032,17,1,5471,0,5471,0.0,False,True,0.084805,2023
11864,2,2023-03-06,7318,27,1,1686,0,1686,0.0,False,True,0.039576,2023
129000,1,2024-08-11,78956,41,1,2750,0,2750,5.757974,False,True,0.039576,2024
206793,1,2025-07-06,126735,45,1,2585,0,2585,0.0,False,True,0.039576,2025
12331,1,2023-03-09,7607,17,1,5471,0,5471,0.0,False,True,0.084805,2023
237245,1,2025-11-14,50000,48,1,6702,0,6702,0.0,False,False,0.062191,2025
46657,1,2023-08-23,35570,61,1,1735,293,1443,0.0,True,False,0.039576,2023
196098,1,2025-05-15,120169,18,1,2715,0,2715,0.0,False,True,0.039576,2025
208660,2,2025-07-18,127844,41,1,2820,0,2820,3.485221,False,True,0.039576,2025
194814,1,2025-05-08,48786,18,1,2715,0,2715,0.0,False,False,0.039576,2025
41047,3,2023-07-28,15988,73,1,5263,0,5263,0.0,False,False,0.10742,2023
248107,1,2025-12-13,151846,43,1,5083,619,4464,0.0,True,True,0.084805,2025
16588,1,2023-03-29,10228,13,1,4984,443,4542,5.728833,True,True,0.062191,2023
9028,2,2023-02-20,44290,5,1,6632,0,6632,0.0,False,False,0.062191,2023
12884,1,2023-03-11,7956,1,2,11507,0,11507,0.0,False,True,0.062191,2023
7670,1,2023-02-13,4781,14,1,5478,0,5478,5.728833,False,True,0.084805,2023
11850,2,2023-03-06,5740,1,1,5753,0,5753,3.290356,False,False,0.062191,2023
13402,2,2023-03-14,43007,18,1,2582,0,2582,0.0,False,False,0.039576,2023
12674,2,2023-03-10,2688,1,1,5753,0,5753,0.0,False,False,0.062191,2023
191283,1,2025-04-21,95385,15,1,2804,0,2804,0.0,False,False,0.039576,2025
19679,1,2023-04-12,12088,69,1,5081,0,5081,0.0,False,True,0.062191,2023
9049,1,2023-02-20,5616,33,1,2230,0,2230,0.0,False,True,0.039576,2023
13852,1,2023-03-16,35673,8,2,10445,1674,8772,0.0,True,False,0.084805,2023
19294,1,2023-04-10,31276,67,1,7535,1209,6326,5.728833,True,False,0.10742,2023
244997,1,2025-12-04,149961,39,1,2764,0,2764,0.0,False,True,0.039576,2025
40058,1,2023-07-23,24516,61,1,1735,0,1735,5.728833,False,True,0.039576,2023
14472,1,2023-03-20,28348,1,1,5753,1213,4540,0.0,True,False,0.062191,2023
34255,1,2023-06-23,2142,44,1,6472,882,5590,5.728833,True,False,0.062191,2023
13949,1,2023-03-17,8616,49,1,1686,241,1445,0.0,True,True,0.039576,2023
250625,1,2025-12-21,150732,44,1,6805,1263,5543,5.78999,True,False,0.062191,2025
80556,1,2023-12-15,49358,15,1,2667,409,2257,0.0,True,True,0.039576,2023
224486,1,2025-09-29,127041,27,1,1773,0,1773,5.78999,False,False,0.039576,2025
17082,1,2023-03-31,10521,49,2,3372,775,2596,0.0,True,True,0.039576,2023
31186,3,2023-06-09,19086,85,1,5694,0,5694,0.0,False,True,0.062191,2023
14222,1,2023-03-18,8786,2,1,5746,883,4863,0.0,True,True,0.084805,2023
122443,1,2024-07-04,74893,39,1,2695,0,2695,1.819926,False,True,0.039576,2024
42164,2,2023-08-03,25805,39,1,2629,0,2629,0.0,False,True,0.039576,2023
10553,1,2023-02-28,6545,3,1,5360,0,5360,0.0,False,True,0.062191,2023
31644,1,2023-06-11,34503,61,1,1735,264,1471,0.0,True,False,0.039576,2023
217317,1,2025-08-28,52655,49,1,1773,291,1482,0.0,True,False,0.039576,2025
15210,2,2023-03-23,25694,26,1,3901,620,3281,0.0,True,False,0.084805,2023
189620,1,2025-04-13,116266,15,1,2804,0,2804,0.0,False,True,0.039576,2025
16641,1,2023-03-29,19379,30,1,1747,238,1510,5.728833,True,False,0.039576,2023
236167,1,2025-11-12,144546,53,1,2214,0,2214,5.78999,False,True,0.039576,2025
249935,1,2025-12-19,4645,19,1,5275,549,4727,0.0,True,False,0.062191,2025
199442,2,2025-06-01,139577,61,1,1825,0,1825,0.0,False,False,0.039576,2025
190658,1,2025-04-18,116908,61,1,1825,0,1825,1.342911,False,True,0.039576,2025
45212,1,2023-08-17,27712,49,2,3372,0,3372,0.0,False,True,0.039576,2023
114485,1,2024-05-29,70022,13,1,5111,0,5111,0.0,False,True,0.062191,2024
10870,1,2023-03-01,6729,9,1,5975,0,5975,0.0,False,True,0.062191,2023
172831,1,2025-01-17,105958,57,1,2057,0,2057,5.78999,False,True,0.039576,2025
45682,1,2023-08-18,24774,73,1,5263,0,5263,0.0,False,False,0.10742,2023
32558,2,2023-06-15,19557,47,1,4744,700,4044,0.0,True,False,0.084805,2023
16769,1,2023-03-30,10332,32,1,3866,714,3153,5.728833,True,True,0.084805,2023
15065,2,2023-03-22,15761,1,1,5753,920,4834,0.0,True,False,0.062191,2023
10396,2,2023-02-27,6454,7,1,5688,0,5688,0.0,False,True,0.062191,2023
11029,1,2023-03-02,6815,1,2,11507,0,11507,0.0,False,True,0.062191,2023
207035,2,2025-07-08,42204,47,1,4989,0,4989,0.0,False,False,0.084805,2025
15989,2,2023-03-26,9859,30,1,1747,295,1452,1.492188,True,True,0.039576,2023
247002,1,2025-12-10,151186,39,1,2764,595,2169,5.78999,True,True,0.039576,2025
190682,2,2025-04-18,139968,15,1,2804,0,2804,0.0,False,False,0.039576,2025
11837,3,2023-03-06,7299,10,2,8533,0,8533,0.0,False,True,0.084805,2023
8250,1,2023-02-16,5137,16,1,6565,0,6565,0.0,False,True,0.062191,2023
8848,1,2023-02-19,5497,26,1,3901,0,3901,5.728833,False,True,0.084805,2023
119830,1,2024-06-22,102702,36,1,1890,429,1461,0.0,True,False,0.039576,2024
39970,1,2023-07-22,4519,57,1,1956,0,1956,5.728833,False,False,0.039576,2023
31246,2,2023-06-09,19125,41,1,2682,0,2682,0.0,False,True,0.039576,2023
41119,2,2023-07-29,14161,53,1,2105,0,2105,0.0,False,False,0.039576,2023
246666,1,2025-12-09,150983,49,2,3545,0,3545,0.0,False,True,0.039576,2025
226395,1,2025-10-08,37309,57,1,2057,0,2057,1.804037,False,False,0.039576,2025
163554,1,2024-12-12,100278,44,1,6636,1173,5463,0.0,True,True,0.062191,2024
117281,2,2024-06-11,71757,39,1,2695,465,2230,0.0,True,True,0.039576,2024
10384,1,2023-02-27,6448,23,1,4050,0,4050,0.0,False,True,0.084805,2023
6821,2,2023-02-08,4252,16,1,6565,0,6565,4.276328,False,True,0.062191,2023
172869,1,2025-01-17,105985,39,2,5528,0,5528,5.78999,False,True,0.039576,2025
8359,1,2023-02-16,46392,12,2,9660,0,9660,0.0,False,False,0.084805,2023
12456,3,2023-03-09,13396,6,1,4322,0,4322,1.428334,False,False,0.084805,2023
11713,1,2023-03-05,26091,18,1,2582,0,2582,0.0,False,False,0.039576,2023
40013,1,2023-07-23,24487,57,1,1956,0,1956,5.728833,False,True,0.039576,2023
26094,1,2023-05-14,15993,40,1,6742,0,6742,5.728833,False,True,0.062191,2023
14531,1,2023-03-20,8969,5,1,6632,1076,5556,0.0,True,True,0.062191,2023
192784,1,2025-04-28,118211,18,2,5430,0,5430,5.78999,False,True,0.039576,2025
11940,2,2023-03-07,7369,18,1,2582,0,2582,0.0,False,True,0.039576,2023
9338,1,2023-02-21,49662,7,1,5688,0,5688,0.0,False,False,0.062191,2023
9128,1,2023-02-20,5661,4,1,4467,0,4467,0.0,False,True,0.084805,2023
253082,1,2025-12-28,115053,44,1,6805,0,6805,0.0,False,False,0.062191,2025
13803,2,2023-03-16,8521,80,1,6185,1205,4980,0.0,True,True,0.062191,2023
14970,2,2023-03-22,9229,7,1,5688,526,5162,0.0,True,True,0.062191,2023
122575,1,2024-07-05,25986,45,1,2521,0,2521,1.78353,False,False,0.039576,2024
13628,1,2023-03-15,8415,2,2,11492,2159,9333,0.0,True,True,0.084805,2023
80351,1,2023-12-14,49232,27,1,1686,477,1209,0.0,True,True,0.039576,2023
46225,1,2023-08-21,28366,52,1,6957,1207,5750,0.0,True,True,0.062191,2023
106296,2,2024-04-17,7397,21,1,1851,0,1851,1.775325,False,False,0.039576,2024
32550,2,2023-06-15,19932,41,1,2682,568,2113,0.0,True,True,0.039576,2023
52053,2,2023-09-16,31929,43,1,4834,0,4834,0.0,False,True,0.084805,2023
28786,2,2023-05-29,17642,36,2,3687,0,3687,0.0,False,True,0.039576,2023
10336,1,2023-02-27,6417,21,1,1805,0,1805,0.0,False,True,0.039576,2023
13332,3,2023-03-14,8232,2,1,5746,0,5746,0.0,False,True,0.084805,2023
251643,1,2025-12-24,72411,15,1,2804,0,2804,0.0,False,False,0.039576,2025
9822,2,2023-02-23,6108,30,1,1747,0,1747,0.0,False,True,0.039576,2023
13256,1,2023-03-13,8185,32,1,3866,0,3866,0.0,False,True,0.084805,2023
15997,2,2023-03-26,9865,1,1,5753,1078,4676,0.0,True,True,0.062191,2023
8733,2,2023-02-18,41688,11,1,5114,0,5114,0.0,False,False,0.062191,2023
16080,3,2023-03-27,9907,21,2,3611,424,3187,0.0,True,True,0.039576,2023
44382,1,2023-08-13,27215,44,1,6472,0,6472,0.0,False,True,0.062191,2023
26348,1,2023-05-15,16138,61,1,1735,0,1735,0.0,False,True,0.039576,2023
29489,1,2023-06-01,18065,60,2,13249,0,13249,0.0,False,True,0.062191,2023
37089,1,2023-07-06,27006,47,1,4744,0,4744,0.0,False,False,0.084805,2023
29220,1,2023-05-31,17891,38,1,4577,0,4577,0.0,False,True,0.084805,2023
13602,1,2023-03-15,12211,3,1,5360,909,4451,5.728833,True,False,0.062191,2023
7590,1,2023-02-13,4735,12,2,9660,0,9660,0.0,False,True,0.084805,2023
35051,1,2023-06-26,11833,44,1,6472,0,6472,5.728833,False,False,0.062191,2023
128871,1,2024-08-10,4099,61,2,3558,0,3558,0.0,False,False,0.039576,2024
10893,1,2023-03-01,6745,4,2,8935,0,8935,0.0,False,True,0.084805,2023
15004,1,2023-03-22,9248,1,1,5753,1171,4583,0.0,True,True,0.062191,2023
11132,2,2023-03-02,6882,2,1,5746,0,5746,0.0,False,True,0.084805,2023
40056,2,2023-07-23,39089,74,1,3880,0,3880,0.0,False,False,0.084805,2023
9225,1,2023-02-21,5720,15,1,2667,0,2667,0.0,False,True,0.039576,2023
11488,1,2023-03-04,31806,35,1,5044,0,5044,5.728833,False,False,0.084805,2023
8389,1,2023-02-16,5215,14,1,5478,0,5478,5.728833,False,True,0.084805,2023
13860,1,2023-03-16,27657,24,1,1773,234,1540,1.531288,True,False,0.039576,2023
11597,1,2023-03-05,7151,18,1,2582,0,2582,0.0,False,True,0.039576,2023
12668,1,2023-03-10,7826,1,1,5753,0,5753,0.0,False,True,0.062191,2023
11609,1,2023-03-05,7159,28,1,4820,0,4820,0.0,False,True,0.062191,2023
14432,2,2023-03-19,8908,34,1,6924,1329,5595,0.0,True,True,0.062191,2023
160453,2,2024-12-02,72565,44,1,6636,0,6636,0.0,False,False,0.062191,2024
37242,1,2023-07-07,22787,65,1,5595,0,5595,0.0,False,True,0.084805,2023
12421,1,2023-03-09,22396,30,1,1747,0,1747,0.0,False,False,0.039576,2023
15829,1,2023-03-26,3505,24,2,3547,735,2812,5.728833,True,False,0.039576,2023
6985,2,2023-02-09,4364,6,2,8644,0,8644,0.0,False,True,0.084805,2023
214416,1,2025-08-15,117672,41,1,2820,0,2820,0.0,False,False,0.039576,2025
13559,2,2023-03-15,46223,2,1,5746,816,4930,0.0,True,False,0.084805,2023
16153,1,2023-03-27,9958,1,1,5753,761,4992,0.0,True,True,0.062191,2023
37846,1,2023-07-10,23161,59,1,3991,0,3991,0.0,False,True,0.084805,2023
16035,1,2023-03-27,42276,6,1,4322,657,3665,4.07508,True,False,0.084805,2023
214748,1,2025-08-17,53842,49,2,3545,0,3545,0.0,False,False,0.039576,2025
31281,2,2023-06-09,19150,61,1,1735,0,1735,0.0,False,True,0.039576,2023
12125,1,2023-03-08,7489,20,1,3992,0,3992,0.0,False,True,0.084805,2023
12937,1,2023-03-12,7986,2,1,5746,0,5746,5.728833,False,True,0.084805,2023
12365,1,2023-03-09,7628,1,1,5753,0,5753,0.0,False,True,0.062191,2023
45981,1,2023-08-20,28203,79,2,12210,1477,10733,0.0,True,True,0.062191,2023
37760,1,2023-07-10,25890,52,1,6957,0,6957,5.728833,False,False,0.062191,2023
242479,1,2025-11-27,148450,39,1,2764,485,2279,1.970772,True,True,0.039576,2025
88278,2,2024-01-14,54086,1,1,5899,0,5899,2.489906,False,True,0.062191,2024
30946,1,2023-06-08,18947,55,1,5668,0,5668,4.415595,False,True,0.084805,2023
9241,1,2023-02-21,5730,5,1,6632,0,6632,5.728833,False,True,0.062191,2023
26367,1,2023-05-15,428,46,1,7654,0,7654,0.0,False,False,0.10742,2023
10811,1,2023-03-01,267,3,1,5360,0,5360,0.0,False,False,0.062191,2023
9415,1,2023-02-22,5846,3,1,5360,0,5360,0.0,False,True,0.062191,2023
123292,1,2024-07-09,75406,36,1,1890,0,1890,0.0,False,True,0.039576,2024
193754,1,2025-05-03,88723,18,1,2715,0,2715,0.0,False,False,0.039576,2025
30444,2,2023-06-05,18637,36,1,1844,0,1844,0.0,False,True,0.039576,2023
251077,1,2025-12-22,119889,49,1,1773,0,1773,1.450417,False,False,0.039576,2025
83864,1,2023-12-25,51350,15,1,2667,0,2667,0.0,False,True,0.039576,2023
209335,1,2025-07-21,72447,58,1,5985,0,5985,0.0,False,False,0.10742,2025
16581,2,2023-03-29,10224,24,1,1773,286,1488,0.0,True,True,0.039576,2023
193715,1,2025-05-02,118760,18,1,2715,0,2715,5.78999,False,True,0.039576,2025
245567,1,2025-12-05,150303,53,2,4428,0,4428,5.78999,False,True,0.039576,2025
9156,1,2023-02-20,5681,3,2,10719,0,10719,0.0,False,True,0.062191,2023
109899,1,2024-05-04,67281,49,1,1729,0,1729,0.0,False,True,0.039576,2024
17057,3,2023-03-31,43314,6,1,4322,762,3560,1.451829,True,False,0.084805,2023
81460,2,2023-12-18,49915,15,1,2667,535,2132,1.647025,True,True,0.039576,2023
14619,1,2023-03-20,5628,5,1,6632,823,5809,0.0,True,False,0.062191,2023
58210,1,2023-10-13,17956,59,1,3991,0,3991,0.0,False,False,0.084805,2023
13324,1,2023-03-13,3222,5,1,6632,0,6632,5.728833,False,False,0.062191,2023
7551,2,2023-02-12,4711,14,1,5478,0,5478,4.308758,False,True,0.084805,2023
8339,3,2023-02-16,21753,27,1,1686,0,1686,0.0,False,False,0.039576,2023
113361,1,2024-05-23,69325,20,1,4094,0,4094,5.757974,False,True,0.084805,2024
21721,2,2023-04-22,16167,57,1,1956,0,1956,0.0,False,False,0.039576,2023
12214,2,2023-03-08,7545,14,1,5478,0,5478,0.0,False,True,0.084805,2023
118406,1,2024-06-15,72427,37,2,14000,2263,11737,0.0,True,True,0.062191,2024
130891,1,2024-08-19,80165,36,1,1890,0,1890,0.0,False,True,0.039576,2024
9845,1,2023-02-24,26515,21,1,1805,0,1805,0.0,False,False,0.039576,2023
13660,2,2023-03-15,8434,3,1,5360,600,4760,0.0,True,True,0.062191,2023
223547,1,2025-09-25,136913,27,1,1773,0,1773,1.478341,False,True,0.039576,2025
10581,2,2023-02-28,51985,17,1,5471,0,5471,3.892095,False,False,0.084805,2023
114043,2,2024-05-26,69758,21,1,1851,0,1851,2.369596,False,True,0.039576,2024
33921,1,2023-06-21,38840,61,1,1735,411,1324,0.0,True,False,0.039576,2023
240561,2,2025-11-22,152857,60,1,6966,1151,5815,0.0,True,False,0.062191,2025
132509,1,2024-08-27,17220,36,2,3781,562,3219,0.0,True,False,0.039576,2024
9736,2,2023-02-23,967,27,2,3372,0,3372,0.0,False,False,0.039576,2023
251662,1,2025-12-24,153976,15,1,2804,0,2804,5.78999,False,True,0.039576,2025
25313,1,2023-05-09,30120,39,2,5257,0,5257,5.728833,False,False,0.039576,2023
9259,1,2023-02-21,3777,13,1,4984,0,4984,5.728833,False,False,0.062191,2023
16862,3,2023-03-30,10386,13,1,4984,440,4544,0.0,True,True,0.062191,2023
6974,1,2023-02-09,4357,3,2,10719,0,10719,0.0,False,True,0.062191,2023
20218,3,2023-04-15,12430,55,1,5668,0,5668,0.0,False,True,0.084805,2023
230762,1,2025-10-28,141307,27,1,1773,0,1773,5.78999,False,True,0.039576,2025
40963,2,2023-07-28,34703,77,1,5047,0,5047,0.0,False,False,0.062191,2023
132398,1,2024-08-26,81090,49,2,3457,484,2973,5.757974,True,True,0.039576,2024
119486,1,2024-06-20,73097,37,1,7000,1189,5811,0.0,True,True,0.062191,2024
114502,1,2024-05-29,70034,21,1,1851,0,1851,5.757974,False,True,0.039576,2024
250711,1,2025-12-21,153400,39,1,2764,416,2348,0.0,True,True,0.039576,2025
12599,2,2023-03-10,7782,8,1,5223,0,5223,3.291843,False,True,0.084805,2023
88568,1,2024-01-16,54253,30,2,3584,0,3584,0.0,False,True,0.039576,2024
28123,1,2023-05-25,17251,38,1,4577,0,4577,0.0,False,True,0.084805,2023
210173,1,2025-07-26,128804,53,1,2214,0,2214,0.0,False,True,0.039576,2025
230939,1,2025-10-29,141420,27,1,1773,0,1773,0.0,False,True,0.039576,2025
17006,2,2023-03-31,35703,60,1,6625,853,5772,0.0,True,False,0.062191,2023
213398,1,2025-08-10,130738,49,2,3545,0,3545,0.0,False,True,0.039576,2025
193526,1,2025-05-01,78887,84,1,7500,0,7500,0.0,False,False,0.062191,2025
244558,1,2025-12-02,149716,39,1,2764,0,2764,1.643481,False,True,0.039576,2025
14855,1,2023-03-21,9160,33,2,4460,861,3599,0.0,True,True,0.039576,2023
8342,1,2023-02-16,43329,3,1,5360,0,5360,0.0,False,False,0.062191,2023
10817,2,2023-03-01,16220,2,2,11492,0,11492,0.0,False,False,0.084805,2023
107348,2,2024-04-22,65741,21,1,1851,0,1851,0.0,False,True,0.039576,2024
126433,1,2024-07-29,77345,27,1,1729,0,1729,5.757974,False,True,0.039576,2024
51550,1,2023-09-14,31606,43,1,4834,0,4834,0.0,False,True,0.084805,2023
14809,2,2023-03-21,9133,3,2,10719,1603,9116,0.0,True,True,0.062191,2023
34552,2,2023-06-24,21163,53,1,2105,345,1760,3.188299,True,True,0.039576,2023
28435,1,2023-05-27,17440,79,2,12210,0,12210,0.0,False,True,0.062191,2023
8387,3,2023-02-16,38961,15,1,2667,0,2667,0.0,False,False,0.039576,2023
24680,1,2023-05-06,15133,57,1,1956,0,1956,2.423972,False,True,0.039576,2023
6741,1,2023-02-08,4202,26,2,7802,0,7802,0.0,False,True,0.084805,2023
15159,1,2023-03-23,18371,7,2,11376,1059,10316,0.0,True,False,0.062191,2023
16930,2,2023-03-31,10431,1,1,5753,843,4910,0.0,True,True,0.062191,2023
13861,1,2023-03-16,8556,5,1,6632,952,5680,0.0,True,True,0.062191,2023
212036,1,2025-08-05,2760,49,1,1773,0,1773,5.78999,False,False,0.039576,2025
8485,1,2023-02-17,5271,31,1,5363,0,5363,0.0,False,True,0.062191,2023
126587,1,2024-07-30,77442,61,1,1779,0,1779,0.0,False,True,0.039576,2024
16138,1,2023-03-27,9946,2,2,11492,1916,9576,0.0,True,True,0.084805,2023
11640,2,2023-03-05,33269,1,2,11507,0,11507,0.0,False,False,0.062191,2023
213181,2,2025-08-10,94828,49,1,1773,0,1773,0.0,False,False,0.039576,2025
7951,1,2023-02-14,50148,4,1,4467,0,4467,0.0,False,False,0.084805,2023
28717,2,2023-05-28,36230,53,1,2105,0,2105,3.13049,False,False,0.039576,2023
12917,2,2023-03-12,7972,16,2,13131,0,13131,0.0,False,True,0.062191,2023
122998,1,2024-07-07,75232,18,2,5294,0,5294,0.0,False,True,0.039576,2024
198520,1,2025-05-28,121631,20,2,8397,0,8397,0.0,False,True,0.084805,2025
29710,1,2023-06-02,18201,40,1,6742,0,6742,5.728833,False,True,0.062191,2023
42951,1,2023-08-06,26297,67,2,15071,0,15071,0.0,False,True,0.10742,2023
88597,1,2024-01-16,54273,1,2,11799,0,11799,0.0,False,True,0.062191,2024
15130,1,2023-03-22,9327,5,1,6632,971,5661,5.728833,True,True,0.062191,2023
7899,1,2023-02-14,4924,6,1,4322,0,4322,5.728833,False,True,0.084805,2023
84983,1,2023-12-29,52022,15,1,2667,0,2667,2.203633,False,True,0.039576,2023
16394,1,2023-03-28,10119,15,1,2667,469,2198,5.728833,True,True,0.039576,2023
15609,1,2023-03-25,47299,1,1,5753,699,5055,0.0,True,False,0.062191,2023
27084,2,2023-05-19,23162,44,2,12943,0,12943,0.0,False,False,0.062191,2023
86884,2,2024-01-06,53237,27,1,1729,0,1729,1.354934,False,True,0.039576,2024
8618,3,2023-02-17,52130,13,2,9969,0,9969,0.0,False,False,0.062191,2023
41939,1,2023-08-02,25666,83,2,12541,0,12541,0.0,False,True,0.062191,2023
46047,1,2023-08-20,28249,54,1,5571,577,4994,0.0,True,True,0.10742,2023
250921,2,2025-12-22,103725,72,1,6478,0,6478,0.0,False,False,0.062191,2025
15325,1,2023-03-23,9447,2,2,11492,1881,9611,0.0,True,True,0.084805,2023
103272,1,2024-04-02,63300,28,1,4943,757,4186,0.0,True,True,0.062191,2024
35961,3,2023-06-30,45003,71,1,3944,0,3944,0.0,False,False,0.084805,2023
13527,1,2023-03-15,39790,1,1,5753,933,4820,0.0,True,False,0.062191,2023
150332,1,2024-11-08,92113,72,1,6317,0,6317,0.0,False,True,0.062191,2024
15898,1,2023-03-26,9800,3,1,5360,1124,4235,0.0,True,True,0.062191,2023
199757,1,2025-06-03,7480,53,1,2214,0,2214,0.0,False,False,0.039576,2025
252322,1,2025-12-26,154368,43,1,5083,0,5083,3.045849,False,True,0.084805,2025
16699,3,2023-03-30,10289,2,1,5746,905,4841,0.0,True,True,0.084805,2023
47042,2,2023-08-25,23013,77,1,5047,848,4199,0.0,True,False,0.062191,2023
13420,1,2023-03-14,41047,3,2,10719,0,10719,0.0,False,False,0.062191,2023
132801,3,2024-08-28,81334,41,1,2750,633,2117,0.0,True,True,0.039576,2024
211054,1,2025-07-31,129347,39,1,2764,0,2764,0.0,False,True,0.039576,2025
9535,1,2023-02-22,5929,34,1,6924,0,6924,0.0,False,True,0.062191,2023
230118,1,2025-10-25,107572,27,1,1773,0,1773,5.78999,False,False,0.039576,2025
187538,1,2025-04-04,32729,56,1,6593,709,5884,5.78999,True,False,0.062191,2025
16761,1,2023-03-30,28413,3,1,5360,837,4523,0.0,True,False,0.062191,2023
15482,2,2023-03-24,9535,2,1,5746,867,4878,3.135791,True,True,0.084805,2023
11139,1,2023-03-02,18958,3,2,10719,0,10719,0.0,False,False,0.062191,2023
46857,1,2023-08-24,28756,68,1,4329,742,3587,2.854796,True,True,0.084805,2023
8152,2,2023-02-15,8672,3,1,5360,0,5360,0.0,False,False,0.062191,2023
42554,1,2023-08-04,26043,75,1,7964,0,7964,0.0,False,True,0.10742,2023
38153,1,2023-07-12,23364,39,1,2629,0,2629,2.459173,False,True,0.039576,2023
15346,1,2023-03-23,9459,3,2,10719,1788,8931,0.0,True,True,0.062191,2023
12042,1,2023-03-07,7438,18,1,2582,0,2582,0.0,False,True,0.039576,2023
16995,2,2023-03-31,10473,11,1,5114,389,4725,0.0,True,True,0.062191,2023
30746,2,2023-06-07,46698,62,1,4730,0,4730,0.0,False,False,0.084805,2023
13715,1,2023-03-16,48962,8,1,5223,1054,4168,2.732343,True,False,0.084805,2023
158731,1,2024-11-28,97226,17,1,5609,1054,4556,5.757974,True,True,0.084805,2024
174686,1,2025-01-26,107090,71,1,4148,0,4148,5.78999,False,True,0.084805,2025
7869,1,2023-02-14,4910,13,1,4984,0,4984,5.728833,False,True,0.062191,2023
8694,1,2023-02-18,51595,35,1,5044,0,5044,0.0,False,False,0.084805,2023
120490,1,2024-06-25,43074,37,1,7000,0,7000,0.0,False,False,0.062191,2024
30836,2,2023-06-07,18880,74,1,3880,0,3880,0.0,False,True,0.084805,2023
30018,2,2023-06-03,30171,41,1,2682,0,2682,2.441411,False,False,0.039576,2023
11202,1,2023-03-03,6926,24,1,1773,0,1773,0.0,False,True,0.039576,2023
16377,1,2023-03-28,10109,5,2,13264,2326,10938,0.0,True,True,0.062191,2023
24702,2,2023-05-06,15148,71,1,3944,0,3944,2.330027,False,True,0.084805,2023
24630,2,2023-05-06,13030,80,1,6185,0,6185,0.0,False,False,0.062191,2023
88110,1,2024-01-13,53989,1,2,11799,0,11799,0.0,False,True,0.062191,2024
22787,3,2023-04-27,13996,53,1,2105,0,2105,0.0,False,True,0.039576,2023
13028,2,2023-03-12,21808,17,1,5471,0,5471,4.341925,False,False,0.084805,2023
8860,3,2023-02-19,5502,24,1,1773,0,1773,0.0,False,True,0.039576,2023
11320,2,2023-03-03,6996,1,1,5753,0,5753,0.0,False,True,0.062191,2023
171865,1,2025-01-11,105372,57,1,2057,0,2057,0.0,False,True,0.039576,2025
106954,1,2024-04-20,65516,49,1,1729,0,1729,5.757974,False,True,0.039576,2024
16128,1,2023-03-27,48712,2,1,5746,949,4797,0.0,True,False,0.084805,2023
118740,1,2024-06-17,72624,49,2,3457,397,3060,0.0,True,True,0.039576,2024
12458,2,2023-03-09,7689,3,1,5360,0,5360,4.358088,False,True,0.062191,2023
242241,1,2025-11-26,18175,57,1,2057,291,1766,5.78999,True,False,0.039576,2025
16970,1,2023-03-31,10456,2,1,5746,762,4984,5.728833,True,True,0.084805,2023
221096,3,2025-09-13,135431,48,1,6702,0,6702,0.0,False,True,0.062191,2025
119453,2,2024-06-20,73076,49,2,3457,573,2884,0.0,True,True,0.039576,2024
15416,1,2023-03-24,9499,32,1,3866,721,3145,5.728833,True,True,0.084805,2023
16502,1,2023-03-29,10181,11,2,10228,1739,8489,0.0,True,True,0.062191,2023
171010,2,2025-01-06,6881,44,2,13611,0,13611,0.0,False,False,0.062191,2025
15402,1,2023-03-24,29566,24,2,3547,442,3104,5.728833,True,False,0.039576,2023
14105,2,2023-03-18,5966,26,2,7802,1444,6358,0.0,True,False,0.084805,2023
15905,1,2023-03-26,9805,10,1,4266,847,3419,0.0,True,True,0.084805,2023
77653,1,2023-12-07,47602,15,1,2667,0,2667,0.0,False,True,0.039576,2023
10762,1,2023-03-01,33711,34,1,6924,0,6924,5.728833,False,False,0.062191,2023
161938,1,2024-12-07,99249,72,2,12634,0,12634,0.0,False,True,0.062191,2024
84479,1,2023-12-27,51709,27,1,1686,0,1686,0.0,False,True,0.039576,2023
27602,1,2023-05-22,25829,39,1,2629,0,2629,0.0,False,False,0.039576,2023
213762,1,2025-08-12,130963,84,1,7500,0,7500,0.0,False,True,0.062191,2025
13582,1,2023-03-15,8387,9,1,5975,1024,4951,5.728833,True,True,0.062191,2023
42078,2,2023-08-02,25755,79,1,6105,0,6105,0.0,False,True,0.062191,2023
39866,1,2023-07-22,24400,85,2,11388,0,11388,0.0,False,True,0.062191,2023
105616,1,2024-04-14,104088,21,2,3703,0,3703,5.757974,False,False,0.039576,2024
124430,1,2024-07-17,76119,36,1,1890,0,1890,0.803063,False,True,0.039576,2024
251058,2,2025-12-22,153608,64,1,6100,0,6100,0.0,False,True,0.10742,2025
8084,1,2023-02-15,5044,1,1,5753,0,5753,5.728833,False,True,0.062191,2023
13764,1,2023-03-16,12271,1,1,5753,855,4898,0.0,True,False,0.062191,2023
212945,1,2025-08-09,34180,84,2,15000,0,15000,0.0,False,False,0.062191,2025
52081,2,2023-09-17,3117,59,1,3991,0,3991,0.0,False,False,0.084805,2023
33710,1,2023-06-20,49589,37,1,6827,1181,5646,0.0,True,False,0.062191,2023
125866,3,2024-07-25,98668,18,1,2647,0,2647,0.0,False,False,0.039576,2024
15131,1,2023-03-22,7648,15,1,2667,510,2157,0.0,True,False,0.039576,2023
44692,1,2023-08-15,27406,40,1,6742,0,6742,0.0,False,True,0.062191,2023
9593,1,2023-02-23,5967,1,1,5753,0,5753,5.728833,False,True,0.062191,2023
223860,1,2025-09-26,137102,27,1,1773,0,1773,5.78999,False,True,0.039576,2025
16707,1,2023-03-30,10294,21,1,1805,333,1473,2.27667,True,True,0.039576,2023
10412,2,2023-02-27,6460,30,1,1747,0,1747,0.0,False,True,0.039576,2023
131713,1,2024-08-23,80658,36,1,1890,297,1593,0.0,True,True,0.039576,2024
225114,1,2025-10-02,145327,27,1,1773,0,1773,5.78999,False,False,0.039576,2025
15690,2,2023-03-25,19630,13,1,4984,866,4119,0.0,True,False,0.062191,2023
214922,1,2025-08-17,131690,47,1,4989,0,4989,4.01022,False,True,0.084805,2025
12234,2,2023-03-08,29264,8,1,5223,0,5223,0.0,False,False,0.084805,2023
43565,1,2023-08-09,26697,68,1,4329,0,4329,5.728833,False,True,0.084805,2023
14358,1,2023-03-19,8863,25,1,5917,1093,4825,5.728833,True,True,0.062191,2023
10629,2,2023-02-28,6585,6,2,8644,0,8644,0.0,False,True,0.084805,2023
252600,2,2025-12-27,139793,15,1,2804,0,2804,0.0,False,False,0.039576,2025
33499,1,2023-06-19,20520,51,1,4193,789,3405,0.0,True,True,0.084805,2023
190437,1,2025-04-17,116777,18,1,2715,0,2715,0.0,False,True,0.039576,2025
16741,1,2023-03-30,10311,18,1,2582,538,2044,0.0,True,True,0.039576,2023
8732,2,2023-02-18,27661,1,1,5753,0,5753,0.0,False,False,0.062191,2023
226663,1,2025-10-09,71761,27,1,1773,0,1773,2.842964,False,False,0.039576,2025
15864,1,2023-03-26,37543,43,1,4834,851,3983,0.0,True,False,0.084805,2023
16330,2,2023-03-28,10077,19,1,5017,846,4171,3.994757,True,True,0.062191,2023
251685,1,2025-12-24,26230,45,2,5170,0,5170,0.0,False,False,0.039576,2025
88088,1,2024-01-13,53974,30,1,1792,0,1792,5.757974,False,True,0.039576,2024
29016,2,2023-05-30,17779,39,1,2629,0,2629,0.0,False,True,0.039576,2023
30475,2,2023-06-05,18658,43,1,4834,0,4834,0.0,False,True,0.084805,2023
9771,1,2023-02-23,6081,5,1,6632,0,6632,0.0,False,True,0.062191,2023
73197,1,2023-11-25,44926,14,1,5478,756,4722,0.0,True,True,0.084805,2023
15965,1,2023-03-26,9843,69,1,5081,803,4277,0.0,True,True,0.062191,2023
211955,1,2025-08-04,78058,36,1,1939,0,1939,5.78999,False,False,0.039576,2025
36288,2,2023-07-02,22192,36,1,1844,0,1844,0.0,False,True,0.039576,2023
49160,2,2023-09-04,38892,55,1,5668,1117,4551,0.0,True,False,0.084805,2023
119195,3,2024-06-19,72908,45,1,2521,458,2063,0.0,True,True,0.039576,2024
28356,1,2023-05-26,17391,77,1,5047,0,5047,0.0,False,True,0.062191,2023
245757,2,2025-12-06,150417,43,1,5083,0,5083,3.171056,False,True,0.084805,2025
12610,2,2023-03-10,7787,3,1,5360,0,5360,0.0,False,True,0.062191,2023
253491,1,2025-12-29,18475,57,1,2057,0,2057,5.78999,False,False,0.039576,2025
50044,1,2023-09-08,30683,47,1,4744,753,3991,5.728833,True,True,0.084805,2023
11283,2,2023-03-03,6969,2,1,5746,0,5746,0.0,False,True,0.084805,2023
119015,1,2024-06-18,72794,36,1,1890,319,1571,5.757974,True,True,0.039576,2024
11746,1,2023-03-06,7239,18,1,2582,0,2582,1.60524,False,True,0.039576,2023
40464,1,2023-07-25,24765,37,1,6827,0,6827,5.728833,False,True,0.062191,2023
43433,1,2023-08-09,25456,49,2,3372,0,3372,5.728833,False,False,0.039576,2023
23378,1,2023-04-29,47434,82,1,4918,0,4918,5.728833,False,False,0.062191,2023
8893,2,2023-02-19,5521,29,1,4135,0,4135,0.0,False,True,0.084805,2023
242677,1,2025-11-27,148576,49,2,3545,633,2913,5.78999,True,True,0.039576,2025
15752,1,2023-03-25,9703,2,1,5746,808,4938,0.0,True,True,0.084805,2023
11270,1,2023-03-03,36593,13,1,4984,0,4984,5.728833,False,False,0.062191,2023
29236,1,2023-05-31,23554,51,1,4193,0,4193,0.0,False,False,0.084805,2023
19878,1,2023-04-13,12214,44,2,12943,0,12943,0.0,False,True,0.062191,2023
11421,1,2023-03-04,7057,2,1,5746,0,5746,5.728833,False,True,0.084805,2023
8629,1,2023-02-18,5352,2,2,11492,0,11492,0.0,False,True,0.084805,2023
29575,1,2023-06-01,28384,49,1,1686,0,1686,2.812935,False,False,0.039576,2023
7973,2,2023-02-14,4174,1,1,5753,0,5753,0.0,False,False,0.062191,2023
11090,2,2023-03-02,8351,16,2,13131,0,13131,0.0,False,False,0.062191,2023
231264,2,2025-10-30,141617,49,1,1773,0,1773,0.0,False,True,0.039576,2025
35427,1,2023-06-28,23378,45,1,2458,0,2458,0.0,False,False,0.039576,2023
169682,1,2024-12-30,79765,57,2,4011,0,4011,0.0,False,False,0.039576,2024
47119,1,2023-08-25,28924,43,1,4834,603,4231,3.966181,True,True,0.084805,2023
19923,2,2023-04-13,12247,48,2,12746,0,12746,0.0,False,True,0.062191,2023
10318,1,2023-02-26,6408,4,1,4467,0,4467,0.0,False,True,0.084805,2023
14871,1,2023-03-21,9169,8,1,5223,902,4320,0.0,True,True,0.084805,2023
38874,1,2023-07-16,23783,50,1,8043,0,8043,0.0,False,True,0.10742,2023
189636,1,2025-04-13,116276,18,2,5430,0,5430,0.0,False,True,0.039576,2025
8928,1,2023-02-19,5539,19,1,5017,0,5017,5.728833,False,True,0.062191,2023
9425,1,2023-02-22,5856,2,1,5746,0,5746,5.728833,False,True,0.084805,2023
8313,1,2023-02-16,9274,6,1,4322,0,4322,0.0,False,False,0.084805,2023
111291,2,2024-05-12,68083,21,1,1851,0,1851,1.479177,False,True,0.039576,2024
217242,1,2025-08-28,133095,68,1,4553,786,3767,0.0,True,True,0.084805,2025
16302,2,2023-03-28,10060,27,1,1686,309,1376,0.0,True,True,0.039576,2023
12289,1,2023-03-08,47538,26,1,3901,0,3901,3.72074,False,False,0.084805,2023
80428,1,2023-12-15,49281,27,1,1686,287,1399,5.728833,True,True,0.039576,2023
7458,2,2023-02-12,4655,29,2,8271,0,8271,0.0,False,True,0.084805,2023
31484,2,2023-06-10,19277,59,1,3991,868,3123,0.0,True,True,0.084805,2023
140420,1,2024-09-30,85962,72,1,6317,0,6317,0.0,False,True,0.062191,2024
37518,1,2023-07-08,22963,50,1,8043,0,8043,3.579216,False,True,0.10742,2023
15814,1,2023-03-26,9743,62,1,4730,911,3819,0.0,True,True,0.084805,2023
11085,2,2023-03-02,6852,15,1,2667,0,2667,0.0,False,True,0.039576,2023
209208,1,2025-07-21,128193,41,1,2820,0,2820,1.182819,False,True,0.039576,2025
223716,2,2025-09-25,13511,72,2,12957,0,12957,0.0,False,False,0.062191,2025
17077,1,2023-03-31,10519,15,1,2667,310,2357,0.0,True,True,0.039576,2023
11830,1,2023-03-06,7293,31,1,5363,0,5363,0.0,False,True,0.062191,2023
46218,1,2023-08-21,47074,74,1,3880,810,3070,5.728833,True,False,0.084805,2023
30063,1,2023-06-03,3496,44,1,6472,0,6472,0.0,False,False,0.062191,2023
8239,1,2023-02-16,20815,2,1,5746,0,5746,5.728833,False,False,0.084805,2023
55055,1,2023-09-29,33770,47,1,4744,0,4744,0.0,False,True,0.084805,2023
42025,2,2023-08-02,2337,62,1,4730,0,4730,4.183391,False,False,0.084805,2023
13905,1,2023-03-17,8588,15,1,2667,362,2305,2.258799,True,True,0.039576,2023
29267,1,2023-05-31,17918,51,1,4193,0,4193,0.0,False,True,0.084805,2023
129811,1,2024-08-15,79490,36,1,1890,0,1890,0.0,False,True,0.039576,2024
16200,1,2023-03-27,9993,14,1,5478,1132,4346,5.728833,True,True,0.084805,2023
11160,1,2023-03-03,5258,10,2,8533,0,8533,2.88907,False,False,0.084805,2023
6757,1,2023-02-08,43191,6,1,4322,0,4322,0.0,False,False,0.084805,2023
40994,1,2023-07-28,25071,82,2,9836,0,9836,0.0,False,True,0.062191,2023
12685,1,2023-03-10,7833,3,1,5360,0,5360,5.728833,False,True,0.062191,2023
130471,1,2024-08-18,91417,49,1,1729,0,1729,0.0,False,False,0.039576,2024
7655,1,2023-02-13,4772,17,2,10941,0,10941,0.0,False,True,0.084805,2023
233451,1,2025-11-05,46620,72,1,6478,0,6478,0.0,False,False,0.062191,2025
12341,1,2023-03-09,7613,18,1,2582,0,2582,5.728833,False,True,0.039576,2023
32607,2,2023-06-15,19967,57,2,3912,577,3335,0.0,True,True,0.039576,2023
21321,3,2023-04-20,13111,81,1,6779,0,6779,0.0,False,True,0.062191,2023
232724,1,2025-11-03,142493,65,2,11768,0,11768,4.688661,False,True,0.084805,2025
29181,3,2023-05-31,17872,45,1,2458,0,2458,0.0,False,True,0.039576,2023
6788,1,2023-02-08,4233,3,1,5360,0,5360,5.728833,False,True,0.062191,2023
40912,2,2023-07-28,40134,47,1,4744,0,4744,0.0,False,False,0.084805,2023
12040,2,2023-03-07,19099,5,1,6632,0,6632,0.0,False,False,0.062191,2023
8043,2,2023-02-15,35657,6,2,8644,0,8644,0.0,False,False,0.084805,2023
190483,1,2025-04-17,116809,15,1,2804,0,2804,0.0,False,True,0.039576,2025
114529,1,2024-05-29,70051,36,1,1890,0,1890,5.757974,False,True,0.039576,2024
125892,1,2024-07-25,77007,27,1,1729,0,1729,0.0,False,True,0.039576,2024
9429,2,2023-02-22,5859,1,1,5753,0,5753,0.0,False,True,0.062191,2023
37819,3,2023-07-10,23145,64,1,5800,0,5800,0.0,False,True,0.10742,2023
15936,1,2023-03-26,12779,11,1,5114,844,4270,5.728833,True,False,0.062191,2023
7514,2,2023-02-12,52267,10,1,4266,0,4266,0.0,False,False,0.084805,2023
25576,2,2023-05-11,15671,41,1,2682,0,2682,0.0,False,True,0.039576,2023
228904,2,2025-10-20,140190,27,1,1773,0,1773,1.451216,False,True,0.039576,2025
6870,2,2023-02-09,4286,6,1,4322,0,4322,0.0,False,True,0.084805,2023
32383,1,2023-06-14,11652,73,1,5263,818,4445,0.0,True,False,0.10742,2023
26782,2,2023-05-17,47960,36,1,1844,0,1844,0.0,False,False,0.039576,2023
14048,1,2023-03-17,8682,14,2,10956,1601,9355,0.0,True,True,0.084805,2023
11961,2,2023-03-07,7385,29,1,4135,0,4135,0.0,False,True,0.084805,2023
128003,1,2024-08-06,78330,49,1,1729,0,1729,0.0,False,True,0.039576,2024
29651,1,2023-06-02,18163,36,1,1844,0,1844,5.728833,False,True,0.039576,2023
41084,1,2023-07-29,29066,41,1,2682,0,2682,5.728833,False,False,0.039576,2023
44526,1,2023-08-14,27294,71,1,3944,0,3944,5.728833,False,True,0.084805,2023
12162,1,2023-03-08,7508,14,2,10956,0,10956,0.0,False,True,0.084805,2023
113642,1,2024-05-24,69508,21,1,1851,0,1851,0.0,False,True,0.039576,2024
230376,1,2025-10-26,141074,78,2,13027,0,13027,0.0,False,True,0.062191,2025
10591,1,2023-02-28,48659,7,2,11376,0,11376,0.0,False,False,0.062191,2023
16445,2,2023-03-29,10155,30,1,1747,185,1562,2.727576,True,True,0.039576,2023
16751,1,2023-03-30,10320,5,1,6632,1108,5524,0.0,True,True,0.062191,2023
253211,2,2025-12-29,154906,49,1,1773,0,1773,1.478341,False,True,0.039576,2025
13354,1,2023-03-14,8249,17,1,5471,0,5471,5.728833,False,True,0.084805,2023
13976,1,2023-03-17,8630,3,1,5360,991,4369,5.728833,True,True,0.062191,2023
126047,1,2024-07-26,77098,39,1,2695,0,2695,5.757974,False,True,0.039576,2024
242487,3,2025-11-27,148455,48,1,6702,1258,5444,0.0,True,True,0.062191,2025
16020,2,2023-03-26,25438,6,1,4322,484,3838,0.0,True,False,0.084805,2023
12334,1,2023-03-09,7608,4,1,4467,0,4467,5.728833,False,True,0.084805,2023
46082,1,2023-08-20,26710,41,1,2682,486,2195,0.0,True,False,0.039576,2023
76624,1,2023-12-04,46972,15,1,2667,0,2667,5.728833,False,True,0.039576,2023
24542,1,2023-05-05,15046,49,1,1686,0,1686,0.0,False,True,0.039576,2023
8682,2,2023-02-18,5390,20,2,7985,0,7985,0.0,False,True,0.084805,2023
43889,1,2023-08-11,41931,36,2,3687,0,3687,5.728833,False,False,0.039576,2023
17564,1,2023-04-03,10800,47,1,4744,574,4170,5.728833,True,True,0.084805,2023
22432,1,2023-04-25,13776,74,1,3880,0,3880,5.728833,False,True,0.084805,2023
7203,2,2023-02-11,29131,33,1,2230,0,2230,0.0,False,False,0.039576,2023
250236,1,2025-12-20,76453,45,2,5170,1048,4122,5.78999,True,False,0.039576,2025
211682,2,2025-08-03,129717,36,1,1939,0,1939,0.0,False,True,0.039576,2025
86121,1,2024-01-02,52752,27,1,1729,0,1729,0.0,False,True,0.039576,2024
94985,1,2024-02-21,58183,4,1,4581,0,4581,0.0,False,True,0.084805,2024
17037,1,2023-03-31,6734,5,2,13264,2398,10866,0.0,True,False,0.062191,2023
8309,1,2023-02-16,5173,21,2,3611,0,3611,5.728833,False,True,0.039576,2023
11977,1,2023-03-07,7394,3,1,5360,0,5360,5.728833,False,True,0.062191,2023
101145,1,2024-03-22,61980,28,1,4943,1060,3882,2.602802,True,True,0.062191,2024
15880,1,2023-03-26,8699,21,1,1805,402,1403,0.0,True,False,0.039576,2023
10517,2,2023-02-28,6523,17,1,5471,0,5471,0.0,False,True,0.084805,2023
10665,1,2023-02-28,46904,6,1,4322,0,4322,5.728833,False,False,0.084805,2023
8955,1,2023-02-19,5555,20,1,3992,0,3992,0.0,False,True,0.084805,2023
12605,2,2023-03-10,22634,6,1,4322,0,4322,3.651688,False,False,0.084805,2023
28774,1,2023-05-29,18547,78,1,6194,0,6194,0.0,False,False,0.062191,2023
195987,2,2025-05-14,120101,18,1,2715,0,2715,0.0,False,True,0.039576,2025
12258,1,2023-03-08,43412,24,1,1773,0,1773,0.0,False,False,0.039576,2023
17360,1,2023-04-02,10674,38,1,4577,614,3964,3.038807,True,True,0.084805,2023
15867,1,2023-03-26,37728,27,1,1686,195,1491,5.728833,True,False,0.039576,2023
15488,1,2023-03-24,5988,27,1,1686,296,1390,5.728833,True,False,0.039576,2023
9094,2,2023-02-20,5642,21,1,1805,0,1805,1.558728,False,True,0.039576,2023
11526,1,2023-03-04,7110,20,1,3992,0,3992,0.0,False,True,0.084805,2023
8733,1,2023-02-18,41688,2,1,5746,0,5746,0.0,False,False,0.084805,2023
78854,1,2023-12-10,48308,15,1,2667,429,2238,0.0,True,True,0.039576,2023
102246,1,2024-03-28,5340,28,2,9885,1448,8437,0.0,True,False,0.062191,2024
214480,3,2025-08-16,112711,36,1,1939,0,1939,0.0,False,False,0.039576,2025
46319,2,2023-08-21,49142,64,1,5800,1193,4608,2.02608,True,False,0.10742,2023
131416,2,2024-08-22,80483,45,1,2521,424,2097,1.65762,True,True,0.039576,2024
28231,1,2023-05-25,48630,59,1,3991,0,3991,5.728833,False,False,0.084805,2023
16319,1,2023-03-28,10072,18,1,2582,472,2110,1.829038,True,True,0.039576,2023
11453,1,2023-03-04,7073,11,1,5114,0,5114,0.0,False,True,0.062191,2023
16630,2,2023-03-29,10252,21,1,1805,259,1546,2.843703,True,True,0.039576,2023
209848,1,2025-07-25,58276,25,1,6223,0,6223,5.78999,False,False,0.062191,2025
107947,2,2024-04-25,66114,21,1,1851,0,1851,0.0,False,True,0.039576,2024
12248,2,2023-03-08,24124,5,1,6632,0,6632,0.0,False,False,0.062191,2023
233956,2,2025-11-07,143232,48,1,6702,0,6702,0.0,False,True,0.062191,2025
40953,2,2023-07-28,25052,45,1,2458,0,2458,1.644594,False,True,0.039576,2023
15417,1,2023-03-24,43998,35,2,10087,2214,7874,0.0,True,False,0.084805,2023
15971,1,2023-03-26,9848,4,1,4467,698,3770,0.0,True,True,0.084805,2023
29775,1,2023-06-02,47769,53,2,4211,0,4211,0.0,False,False,0.039576,2023
13145,1,2023-03-13,43392,19,1,5017,0,5017,0.0,False,False,0.062191,2023
14421,2,2023-03-19,8903,22,1,5736,929,4807,0.0,True,True,0.062191,2023
7997,1,2023-02-14,4991,15,2,5334,0,5334,0.0,False,True,0.039576,2023
10620,2,2023-02-28,6578,2,1,5746,0,5746,0.0,False,True,0.084805,2023
234788,1,2025-11-09,18318,49,1,1773,0,1773,5.78999,False,False,0.039576,2025
31989,1,2023-06-12,19592,45,1,2458,369,2090,5.728833,True,True,0.039576,2023
7482,1,2023-02-12,4668,2,2,11492,0,11492,0.0,False,True,0.084805,2023
30525,1,2023-06-06,18684,49,1,1686,0,1686,0.0,False,True,0.039576,2023
14721,1,2023-03-21,9085,19,1,5017,650,4367,0.0,True,True,0.062191,2023
167032,2,2024-12-23,102390,22,1,5882,0,5882,0.0,False,True,0.062191,2024
16575,2,2023-03-29,10220,33,1,2230,329,1901,0.0,True,True,0.039576,2023
8160,1,2023-02-15,5087,9,2,11951,0,11951,0.0,False,True,0.062191,2023
12270,1,2023-03-08,7571,18,1,2582,0,2582,5.728833,False,True,0.039576,2023
25187,2,2023-05-09,5986,49,1,1686,0,1686,1.447842,False,False,0.039576,2023
27963,1,2023-05-24,17393,40,2,13484,0,13484,4.778474,False,False,0.062191,2023
212877,2,2025-08-08,130435,58,1,5985,0,5985,0.0,False,True,0.10742,2025
13664,1,2023-03-15,43823,2,1,5746,456,5290,0.0,True,False,0.084805,2023
9160,1,2023-02-20,5683,5,1,6632,0,6632,0.0,False,True,0.062191,2023
15591,2,2023-03-25,45248,1,1,5753,681,5072,0.0,True,False,0.062191,2023
12140,1,2023-03-08,16398,18,1,2582,0,2582,5.728833,False,False,0.039576,2023
9290,1,2023-02-21,5765,7,2,11376,0,11376,0.0,False,True,0.062191,2023
8597,1,2023-02-17,5330,30,1,1747,0,1747,0.0,False,True,0.039576,2023
47705,2,2023-08-28,29290,49,1,1686,200,1486,2.384544,True,True,0.039576,2023
9482,2,2023-02-22,5896,7,1,5688,0,5688,0.0,False,True,0.062191,2023
202738,1,2025-06-16,124183,53,1,2214,401,1813,5.78999,True,True,0.039576,2025
132222,1,2024-08-25,38880,49,1,1729,361,1368,5.757974,True,False,0.039576,2024
166755,1,2024-12-22,102208,22,1,5882,0,5882,0.0,False,True,0.062191,2024
11418,1,2023-03-04,7055,24,1,1773,0,1773,5.728833,False,True,0.039576,2023
32215,2,2023-06-13,13571,37,1,6827,1210,5617,0.0,True,False,0.062191,2023
87986,1,2024-01-12,53908,1,1,5899,0,5899,0.0,False,True,0.062191,2024
245672,1,2025-12-06,150366,60,2,13933,0,13933,0.0,False,True,0.062191,2025
10079,2,2023-02-25,3257,3,2,10719,0,10719,0.0,False,False,0.062191,2023
16440,2,2023-03-29,10151,28,1,4820,724,4096,3.693233,True,True,0.062191,2023
49935,1,2023-09-07,46969,43,1,4834,492,4342,0.0,True,False,0.084805,2023
36779,2,2023-07-04,256,36,2,3687,0,3687,3.369637,False,False,0.039576,2023
226283,2,2025-10-07,138566,49,1,1773,0,1773,0.0,False,True,0.039576,2025
129133,2,2024-08-11,58589,61,1,1779,0,1779,0.0,False,False,0.039576,2024
28004,2,2023-05-24,17172,59,1,3991,0,3991,0.0,False,True,0.084805,2023
10158,2,2023-02-25,11180,5,1,6632,0,6632,0.0,False,False,0.062191,2023
203738,2,2025-06-21,124813,36,1,1939,318,1621,0.0,True,True,0.039576,2025
84662,1,2023-12-28,51815,21,1,1805,0,1805,5.728833,False,True,0.039576,2023
16734,1,2023-03-30,10309,1,1,5753,792,4962,2.940841,True,True,0.062191,2023
142737,2,2024-10-11,87405,38,2,9387,0,9387,2.896362,False,True,0.084805,2024
16011,1,2023-03-26,28091,1,1,5753,1072,4682,5.728833,True,False,0.062191,2023
25149,1,2023-05-08,18493,63,1,6515,0,6515,0.0,False,False,0.062191,2023
89382,1,2024-01-20,5996,1,1,5899,0,5899,0.0,False,False,0.062191,2024
6997,1,2023-02-09,4783,1,2,11507,0,11507,0.0,False,False,0.062191,2023
16577,1,2023-03-29,47918,18,1,2582,603,1979,5.728833,True,False,0.039576,2023
15121,1,2023-03-22,15903,2,1,5746,913,4833,3.988403,True,False,0.084805,2023
207956,2,2025-07-13,154788,77,1,5308,0,5308,0.0,False,False,0.062191,2025
34620,1,2023-06-24,21200,77,1,5047,737,4311,0.0,True,True,0.062191,2023
32949,1,2023-06-17,20194,38,1,4577,731,3846,0.0,True,True,0.084805,2023
42600,2,2023-08-05,26071,57,2,3912,0,3912,3.451235,False,True,0.039576,2023
19710,1,2023-04-12,12111,40,1,6742,0,6742,0.0,False,True,0.062191,2023
13334,1,2023-03-14,8234,18,2,5163,0,5163,5.728833,False,True,0.039576,2023
34014,1,2023-06-22,43190,85,1,5694,596,5098,0.0,True,False,0.062191,2023
50088,1,2023-09-08,30712,51,1,4193,814,3380,0.0,True,True,0.084805,2023
187578,1,2025-04-04,64189,61,1,1825,254,1570,5.78999,True,False,0.039576,2025
13520,2,2023-03-15,44355,22,1,5736,948,4788,0.0,True,False,0.062191,2023
14836,1,2023-03-21,41368,1,1,5753,1123,4630,5.728833,True,False,0.062191,2023
87768,1,2024-01-11,53777,27,1,1729,0,1729,5.757974,False,True,0.039576,2024
9496,1,2023-02-22,5906,26,1,3901,0,3901,5.728833,False,True,0.084805,2023
201396,2,2025-06-10,123380,41,1,2820,512,2308,0.0,True,True,0.039576,2025
7313,2,2023-02-11,4570,30,1,1747,0,1747,0.0,False,True,0.039576,2023
6891,2,2023-02-09,4300,2,2,11492,0,11492,0.0,False,True,0.084805,2023
22876,1,2023-04-27,14046,76,1,6133,0,6133,2.766987,False,True,0.062191,2023
20191,1,2023-04-14,10402,57,2,3912,0,3912,5.728833,False,False,0.039576,2023
95460,1,2024-02-24,58482,4,1,4581,0,4581,5.757974,False,True,0.084805,2024
95501,1,2024-02-24,58503,4,1,4581,0,4581,2.617589,False,True,0.084805,2024
6870,1,2023-02-09,4286,14,1,5478,0,5478,0.0,False,True,0.084805,2023
159423,1,2024-11-30,97683,44,1,6636,782,5854,0.0,True,True,0.062191,2024
13011,1,2023-03-12,12738,6,1,4322,0,4322,0.0,False,False,0.084805,2023
40190,2,2023-07-24,11486,43,1,4834,0,4834,2.63193,False,False,0.084805,2023
23657,1,2023-04-30,35154,43,1,4834,0,4834,5.728833,False,False,0.084805,2023
9465,1,2023-02-22,5882,2,2,11492,0,11492,0.0,False,True,0.084805,2023
9195,1,2023-02-21,5701,10,2,8533,0,8533,0.0,False,True,0.084805,2023
210040,1,2025-07-25,31784,36,1,1939,0,1939,0.0,False,False,0.039576,2025
16721,1,2023-03-30,34202,1,2,11507,1688,9818,0.0,True,False,0.062191,2023
13375,2,2023-03-14,8263,10,1,4266,0,4266,0.0,False,True,0.084805,2023
11239,1,2023-03-03,6946,9,1,5975,0,5975,5.728833,False,True,0.062191,2023
14883,1,2023-03-21,6077,24,1,1773,374,1400,5.728833,True,False,0.039576,2023
21625,1,2023-04-21,13293,52,1,6957,0,6957,0.0,False,True,0.062191,2023
83913,1,2023-12-25,51377,27,1,1686,0,1686,5.728833,False,True,0.039576,2023
166449,1,2024-12-21,102013,57,1,2006,290,1716,0.0,True,True,0.039576,2024
9462,1,2023-02-22,8194,30,1,1747,0,1747,5.728833,False,False,0.039576,2023
90517,2,2024-01-26,39751,1,1,5899,0,5899,0.0,False,False,0.062191,2024
235498,2,2025-11-10,87411,48,2,13403,0,13403,0.0,False,False,0.062191,2025
7028,3,2023-02-09,4386,2,1,5746,0,5746,0.0,False,True,0.084805,2023
223306,2,2025-09-24,136776,47,1,4989,0,4989,0.0,False,True,0.084805,2025
133022,3,2024-08-29,102806,49,1,1729,336,1393,0.0,True,False,0.039576,2024
12848,2,2023-03-11,7929,8,1,5223,0,5223,0.0,False,True,0.084805,2023
31616,2,2023-06-11,19354,62,2,9461,1464,7997,2.56064,True,True,0.084805,2023
12460,2,2023-03-09,7691,33,1,2230,0,2230,0.0,False,True,0.039576,2023
9835,1,2023-02-24,6118,5,2,13264,0,13264,0.0,False,True,0.062191,2023
202717,1,2025-06-16,72,84,1,7500,1477,6022,5.78999,True,False,0.062191,2025
46050,1,2023-08-20,44221,71,1,3944,701,3244,5.728833,True,False,0.084805,2023
13221,1,2023-03-13,8164,21,2,3611,0,3611,0.0,False,True,0.039576,2023
210584,1,2025-07-28,129056,77,2,10616,0,10616,5.78999,False,True,0.062191,2025
24699,1,2023-05-06,15145,82,1,4918,0,4918,0.0,False,True,0.062191,2023
16794,2,2023-03-30,10348,15,1,2667,541,2125,1.563311,True,True,0.039576,2023
45421,1,2023-08-18,27852,54,1,5571,0,5571,5.728833,False,True,0.10742,2023
78620,1,2023-12-10,6017,15,1,2667,315,2352,1.965122,True,False,0.039576,2023
43174,1,2023-08-07,29935,71,1,3944,0,3944,5.728833,False,False,0.084805,2023
32959,1,2023-06-17,20200,54,1,5571,485,5086,0.0,True,True,0.10742,2023
97611,2,2024-03-06,59790,28,1,4943,0,4943,0.0,False,True,0.062191,2024
240188,1,2025-11-21,147030,49,1,1773,0,1773,0.0,False,True,0.039576,2025
48104,1,2023-08-30,32373,59,2,7982,1447,6535,0.0,True,False,0.084805,2023
30171,1,2023-06-04,18473,80,2,12371,0,12371,0.0,False,True,0.062191,2023
8911,1,2023-02-19,36016,4,1,4467,0,4467,0.0,False,False,0.084805,2023
16231,1,2023-03-27,42113,4,2,8935,1530,7405,0.0,True,False,0.084805,2023
113697,1,2024-05-25,69540,20,2,8187,0,8187,0.0,False,True,0.084805,2024
123771,1,2024-07-12,75695,61,1,1779,0,1779,5.757974,False,True,0.039576,2024
20954,2,2023-04-18,37544,48,1,6373,0,6373,0.0,False,False,0.062191,2023
14415,1,2023-03-19,8898,28,1,4820,984,3836,5.728833,True,True,0.062191,2023
9031,1,2023-02-20,39714,4,1,4467,0,4467,0.0,False,False,0.084805,2023
15935,2,2023-03-26,9823,4,2,8935,1240,7695,0.0,True,True,0.084805,2023
8814,2,2023-02-19,5476,3,1,5360,0,5360,0.0,False,True,0.062191,2023
11884,2,2023-03-06,33274,21,1,1805,0,1805,0.90795,False,False,0.039576,2023
15574,1,2023-03-24,9592,8,1,5223,920,4303,0.0,True,True,0.084805,2023
215447,1,2025-08-20,132017,39,1,2764,403,2361,0.0,True,True,0.039576,2025
214492,1,2025-08-16,117566,36,2,3878,0,3878,5.78999,False,False,0.039576,2025
84033,2,2023-12-25,41877,27,1,1686,0,1686,2.218766,False,False,0.039576,2023
7262,1,2023-02-11,4540,29,1,4135,0,4135,0.0,False,True,0.084805,2023
28779,2,2023-05-29,13705,39,1,2629,0,2629,0.94754,False,False,0.039576,2023
7199,1,2023-02-11,26,29,1,4135,0,4135,5.728833,False,False,0.084805,2023
41444,1,2023-07-30,30550,74,1,3880,0,3880,0.0,False,False,0.084805,2023
41251,1,2023-07-29,27055,39,1,2629,0,2629,0.0,False,False,0.039576,2023
251553,1,2025-12-24,153910,19,1,5275,0,5275,5.78999,False,True,0.062191,2025
6587,1,2023-02-07,4105,10,2,8533,0,8533,0.0,False,True,0.084805,2023
45245,2,2023-08-17,27731,57,2,3912,0,3912,3.451235,False,True,0.039576,2023
210609,1,2025-07-28,64260,36,1,1939,0,1939,0.0,False,False,0.039576,2025
14909,2,2023-03-22,41768,10,1,4266,834,3432,0.0,True,False,0.084805,2023
7223,1,2023-02-11,30396,16,2,13131,0,13131,5.728833,False,False,0.062191,2023
95809,1,2024-02-26,93215,24,2,3637,0,3637,5.757974,False,False,0.039576,2024
40791,1,2023-07-27,24956,79,2,12210,0,12210,0.0,False,True,0.062191,2023
245422,2,2025-12-05,150217,60,1,6966,0,6966,2.115482,False,True,0.062191,2025
11805,1,2023-03-06,7278,10,1,4266,0,4266,0.0,False,True,0.084805,2023
35509,1,2023-06-28,8852,45,1,2458,0,2458,1.932244,False,False,0.039576,2023
13253,1,2023-03-13,43013,21,1,1805,0,1805,0.0,False,False,0.039576,2023
189439,1,2025-04-13,136283,18,2,5430,0,5430,0.0,False,False,0.039576,2025
45850,1,2023-08-19,28119,52,1,6957,0,6957,0.0,False,True,0.062191,2023
24960,2,2023-05-07,15301,52,1,6957,0,6957,0.0,False,True,0.062191,2023
25583,1,2023-05-11,15676,45,1,2458,0,2458,5.728833,False,True,0.039576,2023
17664,1,2023-04-03,10859,65,1,5595,565,5030,5.728833,True,True,0.084805,2023
31016,1,2023-06-08,18988,61,2,3470,0,3470,5.728833,False,True,0.039576,2023
29443,2,2023-06-01,18029,41,1,2682,0,2682,0.0,False,True,0.039576,2023
16593,1,2023-03-29,22661,1,1,5753,895,4859,0.0,True,False,0.062191,2023
12872,2,2023-03-11,2160,23,1,4050,0,4050,0.0,False,False,0.084805,2023
209922,1,2025-07-25,134374,47,1,4989,0,4989,5.78999,False,False,0.084805,2025
95800,1,2024-02-26,38077,30,1,1792,0,1792,0.0,False,False,0.039576,2024
40775,2,2023-07-27,24947,36,1,1844,0,1844,0.0,False,True,0.039576,2023
174488,3,2025-01-25,106974,11,1,5378,0,5378,0.0,False,True,0.062191,2025
8836,2,2023-02-19,9449,3,1,5360,0,5360,0.0,False,False,0.062191,2023
41766,1,2023-08-01,24931,40,2,13484,0,13484,0.0,False,False,0.062191,2023
45328,1,2023-08-17,27789,70,1,7521,0,7521,0.0,False,True,0.10742,2023
11956,1,2023-03-07,50129,25,1,5917,0,5917,5.728833,False,False,0.062191,2023
47090,2,2023-08-25,28903,51,1,4193,618,3575,0.0,True,True,0.084805,2023
209158,1,2025-07-21,128159,53,1,2214,0,2214,0.0,False,True,0.039576,2025
31930,1,2023-06-12,19548,74,1,3880,587,3293,0.0,True,True,0.084805,2023
212082,2,2025-08-05,129947,49,1,1773,0,1773,1.893041,False,True,0.039576,2025
36213,3,2023-07-02,22144,42,1,8149,0,8149,0.0,False,True,0.10742,2023
19829,1,2023-04-13,12185,61,2,3470,0,3470,5.728833,False,True,0.039576,2023
13465,1,2023-03-14,8325,9,2,11951,0,11951,0.0,False,True,0.062191,2023
12433,2,2023-03-09,7671,15,1,2667,0,2667,2.186122,False,True,0.039576,2023
8129,1,2023-02-15,5068,27,1,1686,0,1686,0.0,False,True,0.039576,2023
11684,1,2023-03-05,20922,20,1,3992,0,3992,0.0,False,False,0.084805,2023
7137,1,2023-02-10,4459,4,1,4467,0,4467,0.0,False,True,0.084805,2023
237353,2,2025-11-14,145272,49,1,1773,0,1773,0.0,False,True,0.039576,2025
13932,1,2023-03-17,3698,20,1,3992,579,3413,0.0,True,False,0.084805,2023
14261,1,2023-03-19,8808,61,1,1735,289,1447,5.728833,True,True,0.039576,2023
15108,3,2023-03-22,48686,22,1,5736,422,5314,0.0,True,False,0.062191,2023
11968,1,2023-03-07,14074,3,1,5360,0,5360,5.728833,False,False,0.062191,2023
202635,1,2025-06-16,98611,41,2,5640,560,5080,5.78999,True,False,0.039576,2025
124636,1,2024-07-18,76237,36,1,1890,0,1890,5.757974,False,True,0.039576,2024
15228,2,2023-03-23,9386,61,2,3470,600,2871,0.0,True,True,0.039576,2023
227001,1,2025-10-11,139007,72,1,6478,0,6478,0.0,False,True,0.062191,2025
17961,1,2023-04-05,11033,46,1,7654,1346,6307,0.0,True,True,0.10742,2023
127313,2,2024-08-02,77914,36,1,1890,0,1890,0.0,False,True,0.039576,2024
229696,3,2025-10-23,6036,27,1,1773,0,1773,0.0,False,False,0.039576,2025
9686,1,2023-02-23,6019,7,1,5688,0,5688,5.728833,False,True,0.062191,2023
247633,1,2025-12-12,151558,19,1,5275,785,4490,4.292968,True,True,0.062191,2025
161337,1,2024-12-05,37831,44,1,6636,0,6636,0.0,False,False,0.062191,2024
12004,1,2023-03-07,7410,2,1,5746,0,5746,0.0,False,True,0.084805,2023
29065,1,2023-05-30,17807,53,2,4211,0,4211,5.728833,False,True,0.039576,2023
217121,1,2025-08-27,133023,41,2,5640,771,4870,2.817184,True,True,0.039576,2025
47058,1,2023-08-25,28882,36,1,1844,294,1549,0.0,True,True,0.039576,2023
43069,1,2023-08-07,10878,61,1,1735,0,1735,0.0,False,False,0.039576,2023
157809,1,2024-11-26,96660,17,1,5609,1004,4606,5.757974,True,True,0.084805,2024
14411,2,2023-03-19,8895,15,2,5334,971,4363,0.0,True,True,0.039576,2023
10171,2,2023-02-25,1868,9,1,5975,0,5975,0.0,False,False,0.062191,2023
242073,1,2025-11-26,143138,60,2,13933,1756,12177,0.0,True,False,0.062191,2025
16744,1,2023-03-30,10314,6,2,8644,1678,6966,0.0,True,True,0.084805,2023
81350,1,2023-12-18,1242,27,1,1686,301,1385,0.0,True,False,0.039576,2023
14550,1,2023-03-20,8980,3,1,5360,927,4433,0.0,True,True,0.062191,2023
189821,1,2025-04-15,123263,15,2,5609,0,5609,0.0,False,False,0.039576,2025
41624,1,2023-07-31,22515,80,1,6185,0,6185,0.0,False,False,0.062191,2023
45941,1,2023-08-20,28180,66,1,6780,1090,5690,5.728833,True,True,0.062191,2023
32646,2,2023-06-15,19995,49,2,3372,489,2883,0.0,True,True,0.039576,2023
16334,2,2023-03-28,27145,6,1,4322,814,3508,0.0,True,False,0.084805,2023
10552,2,2023-02-28,6544,30,1,1747,0,1747,1.271278,False,True,0.039576,2023
227218,1,2025-10-12,87532,27,1,1773,0,1773,5.78999,False,False,0.039576,2025
87884,1,2024-01-11,43704,27,2,3457,0,3457,5.757974,False,False,0.039576,2024
42761,2,2023-08-05,47297,45,2,4917,0,4917,0.0,False,False,0.039576,2023
229484,2,2025-10-22,32798,27,2,3545,0,3545,0.0,False,False,0.039576,2025
32198,2,2023-06-13,4024,49,1,1686,336,1350,1.224423,True,False,0.039576,2023
22254,1,2023-04-24,13666,65,2,11191,0,11191,0.0,False,True,0.084805,2023
16491,1,2023-03-29,37751,6,1,4322,611,3710,0.0,True,False,0.084805,2023
166877,1,2024-12-22,102282,44,1,6636,0,6636,0.0,False,True,0.062191,2024
23891,1,2023-05-02,14638,46,1,7654,0,7654,0.0,False,True,0.10742,2023
42544,1,2023-08-04,26034,39,1,2629,0,2629,0.0,False,True,0.039576,2023
90581,1,2024-01-26,55484,1,1,5899,0,5899,5.757974,False,True,0.062191,2024
243334,2,2025-11-28,34369,49,1,1773,205,1568,1.959664,True,False,0.039576,2025
105850,1,2024-04-15,11543,28,1,4943,0,4943,0.0,False,False,0.062191,2024
232629,2,2025-11-03,142436,65,1,5884,0,5884,0.0,False,True,0.084805,2025
24881,1,2023-05-07,21831,61,2,3470,0,3470,5.728833,False,False,0.039576,2023
35660,1,2023-06-29,35019,58,2,11383,0,11383,0.0,False,False,0.10742,2023
16909,1,2023-03-30,3856,18,2,5163,849,4315,5.728833,True,False,0.039576,2023
9520,1,2023-02-22,49367,2,1,5746,0,5746,0.0,False,False,0.084805,2023
7335,1,2023-02-11,4586,7,2,11376,0,11376,0.0,False,True,0.062191,2023
190681,1,2025-04-18,116922,61,1,1825,0,1825,5.78999,False,True,0.039576,2025
123611,1,2024-07-11,75596,18,1,2647,0,2647,0.0,False,True,0.039576,2024
213827,2,2025-08-13,130997,61,2,3649,0,3649,1.146904,False,True,0.039576,2025
7678,1,2023-02-13,4786,13,1,4984,0,4984,0.0,False,True,0.062191,2023
15297,2,2023-03-23,17467,22,1,5736,896,4840,0.0,True,False,0.062191,2023
14052,1,2023-03-17,8684,4,1,4467,629,3838,5.728833,True,True,0.084805,2023
8686,2,2023-02-18,5393,18,1,2582,0,2582,0.0,False,True,0.039576,2023
21009,1,2023-04-18,12920,45,1,2458,0,2458,5.728833,False,True,0.039576,2023
242502,2,2025-11-27,148466,48,1,6702,712,5989,0.0,True,True,0.062191,2025
27381,1,2023-05-21,16761,47,1,4744,0,4744,5.728833,False,True,0.084805,2023
244086,1,2025-11-30,149429,72,1,6478,1081,5397,0.0,True,True,0.062191,2025
37452,1,2023-07-08,36654,37,1,6827,0,6827,5.728833,False,False,0.062191,2023
11616,1,2023-03-05,30799,3,1,5360,0,5360,5.728833,False,False,0.062191,2023
9712,1,2023-02-23,6035,15,1,2667,0,2667,0.0,False,True,0.039576,2023
7427,1,2023-02-12,4638,20,1,3992,0,3992,5.728833,False,True,0.084805,2023
120798,2,2024-06-26,97343,49,1,1729,0,1729,0.0,False,False,0.039576,2024
35374,1,2023-06-28,21640,38,1,4577,0,4577,5.728833,False,True,0.084805,2023
8445,1,2023-02-17,5248,33,1,2230,0,2230,0.0,False,True,0.039576,2023
216024,1,2025-08-22,132372,53,1,2214,281,1933,5.78999,True,True,0.039576,2025
11947,1,2023-03-07,7375,12,1,4830,0,4830,5.728833,False,True,0.084805,2023
240993,1,2025-11-23,48416,49,1,1773,207,1566,5.78999,True,False,0.039576,2025
6924,3,2023-02-09,4321,32,2,7733,0,7733,0.0,False,True,0.084805,2023
46146,2,2023-08-21,28311,36,2,3687,497,3191,0.0,True,True,0.039576,2023
123044,2,2024-07-08,75259,18,1,2647,0,2647,0.0,False,True,0.039576,2024
88123,1,2024-01-13,89455,1,2,11799,0,11799,0.0,False,False,0.062191,2024
90756,2,2024-01-28,6742,1,1,5899,0,5899,0.0,False,False,0.062191,2024
87728,1,2024-01-11,53748,27,2,3457,0,3457,5.757974,False,True,0.039576,2024
7986,1,2023-02-14,4983,28,1,4820,0,4820,5.728833,False,True,0.062191,2023
17238,1,2023-04-01,34475,69,1,5081,550,4531,0.0,True,False,0.062191,2023
34189,1,2023-06-22,472,84,1,7132,754,6378,0.0,True,False,0.062191,2023
212012,2,2025-08-05,129909,58,1,5985,0,5985,0.0,False,True,0.10742,2025
28125,1,2023-05-25,17252,48,1,6373,0,6373,0.0,False,True,0.062191,2023
9264,1,2023-02-21,5746,1,1,5753,0,5753,5.728833,False,True,0.062191,2023
34480,1,2023-06-24,21117,53,1,2105,272,1833,2.729084,True,True,0.039576,2023
126642,1,2024-07-30,77483,36,1,1890,0,1890,0.0,False,True,0.039576,2024
9618,1,2023-02-23,33453,9,1,5975,0,5975,5.728833,False,False,0.062191,2023
