po_id,line_number,supplier_key,product_key,order_date,quantity,expected_receipt_date,shipment_mode,is_launch_order,deposit_pct,balance_days,term_type,shipment_date,deposit_date,balance_due_date,cancellation_date,actual_receipt_date,actual_shipment_date,outstanding_quantity,commitment_status
1,1,1,1,2023-01-01,9600,2023-04-01,Ocean,False,0.3,30,core,2023-02-28,2023-01-01,2023-03-30,2023-02-05,2023-04-01,2023-02-28,0,received
2,1,3,2,2023-01-01,5000,2023-04-01,Ocean,False,0.3,30,core,2023-02-28,2023-01-01,2023-03-30,2023-02-05,2023-04-01,2023-02-28,0,received
3,1,1,3,2023-01-01,6000,2023-04-01,Ocean,False,0.3,30,core,2023-02-28,2023-01-01,2023-03-30,2023-02-05,2023-04-01,2023-02-28,0,received
4,1,3,4,2023-01-01,6000,2023-04-01,Ocean,False,0.3,30,core,2023-02-28,2023-01-01,2023-03-30,2023-02-05,2023-04-01,2023-02-28,0,received
5,1,1,5,2023-01-01,3600,2023-04-01,Ocean,False,0.3,30,core,2023-02-28,2023-01-01,2023-03-30,2023-02-05,2023-04-01,2023-02-28,0,received
6,1,3,6,2023-01-01,6000,2023-04-01,Ocean,False,0.3,30,core,2023-02-28,2023-01-01,2023-03-30,2023-02-05,2023-04-01,2023-02-28,0,received
7,1,1,7,2023-01-01,2400,2023-04-01,Ocean,False,0.3,30,core,2023-02-28,2023-01-01,2023-03-30,2023-02-05,2023-04-01,2023-02-28,0,received
8,1,3,8,2023-01-01,3000,2023-04-01,Ocean,False,0.3,30,core,2023-02-28,2023-01-01,2023-03-30,2023-02-05,2023-04-01,2023-02-28,0,received
9,1,1,9,2023-01-01,3600,2023-04-01,Ocean,False,0.3,30,core,2023-02-28,2023-01-01,2023-03-30,2023-02-05,2023-04-01,2023-02-28,0,received
10,1,3,10,2023-01-01,3000,2023-04-01,Ocean,False,0.3,30,core,2023-02-28,2023-01-01,2023-03-30,2023-02-05,2023-04-01,2023-02-28,0,received
11,1,1,11,2023-01-01,2400,2023-04-01,Ocean,False,0.3,30,core,2023-02-28,2023-01-01,2023-03-30,2023-02-05,2023-04-01,2023-02-28,0,received
12,1,3,12,2023-01-01,2000,2023-04-01,Ocean,False,0.3,30,core,2023-02-28,2023-01-01,2023-03-30,2023-02-05,2023-04-01,2023-02-28,0,received
13,1,1,13,2023-01-01,1200,2023-04-01,Ocean,False,0.3,30,core,2023-02-28,2023-01-01,2023-03-30,2023-02-05,2023-04-01,2023-02-28,0,received
14,1,3,14,2023-01-01,1000,2023-04-01,Ocean,False,0.3,30,core,2023-02-28,2023-01-01,2023-03-30,2023-02-05,2023-04-01,2023-02-28,0,received
15,1,4,15,2023-01-01,2250,2023-04-01,Ocean,False,0.3,30,core,2023-02-28,2023-01-01,2023-03-30,2023-02-05,2023-04-01,2023-02-28,0,received
16,1,1,16,2023-01-01,2400,2023-04-01,Ocean,False,0.3,30,core,2023-02-28,2023-01-01,2023-03-30,2023-02-05,2023-04-01,2023-02-28,0,received
17,1,3,17,2023-01-01,2000,2023-04-01,Ocean,False,0.3,30,core,2023-02-28,2023-01-01,2023-03-30,2023-02-05,2023-04-01,2023-02-28,0,received
18,1,4,18,2023-01-01,1500,2023-04-01,Ocean,False,0.3,30,core,2023-02-28,2023-01-01,2023-03-30,2023-02-05,2023-04-01,2023-02-28,0,received
19,1,1,19,2023-01-01,1200,2023-04-01,Ocean,False,0.3,30,core,2023-02-28,2023-01-01,2023-03-30,2023-02-05,2023-04-01,2023-02-28,0,received
20,1,3,20,2023-01-01,1000,2023-04-01,Ocean,False,0.3,30,core,2023-02-28,2023-01-01,2023-03-30,2023-02-05,2023-04-01,2023-02-28,0,received
21,1,4,21,2023-01-01,3000,2023-04-01,Ocean,False,0.3,30,core,2023-02-28,2023-01-01,2023-03-30,2023-02-05,2023-04-01,2023-02-28,0,received
22,1,1,22,2023-01-01,1200,2023-04-01,Ocean,False,0.3,30,core,2023-02-28,2023-01-01,2023-03-30,2023-02-05,2023-04-01,2023-02-28,0,received
23,1,3,23,2023-01-01,1000,2023-04-01,Ocean,False,0.3,30,core,2023-02-28,2023-01-01,2023-03-30,2023-02-05,2023-04-01,2023-02-28,0,received
24,1,4,24,2023-01-01,3000,2023-04-01,Ocean,False,0.3,30,core,2023-02-28,2023-01-01,2023-03-30,2023-02-05,2023-04-01,2023-02-28,0,received
25,1,1,25,2023-01-01,1200,2023-04-01,Ocean,False,0.3,30,core,2023-02-28,2023-01-01,2023-03-30,2023-02-05,2023-04-01,2023-02-28,0,received
26,1,3,26,2023-01-01,2000,2023-04-01,Ocean,False,0.3,30,core,2023-02-28,2023-01-01,2023-03-30,2023-02-05,2023-04-01,2023-02-28,0,received
27,1,4,27,2023-01-01,1500,2023-04-01,Ocean,False,0.3,30,core,2023-02-28,2023-01-01,2023-03-30,2023-02-05,2023-04-01,2023-02-28,0,received
28,1,1,28,2023-01-01,1200,2023-04-01,Ocean,False,0.3,30,core,2023-02-28,2023-01-01,2023-03-30,2023-02-05,2023-04-01,2023-02-28,0,received
29,1,3,29,2023-01-01,1000,2023-04-01,Ocean,False,0.3,30,core,2023-02-28,2023-01-01,2023-03-30,2023-02-05,2023-04-01,2023-02-28,0,received
30,1,4,30,2023-01-01,2250,2023-04-01,Ocean,False,0.3,30,core,2023-02-28,2023-01-01,2023-03-30,2023-02-05,2023-04-01,2023-02-28,0,received
31,1,1,31,2023-01-01,1200,2023-04-01,Ocean,False,0.3,30,core,2023-02-28,2023-01-01,2023-03-30,2023-02-05,2023-04-01,2023-02-28,0,received
32,1,3,32,2023-01-01,1000,2023-04-01,Ocean,False,0.3,30,core,2023-02-28,2023-01-01,2023-03-30,2023-02-05,2023-04-01,2023-02-28,0,received
33,1,4,33,2023-01-01,1500,2023-04-01,Ocean,False,0.3,30,core,2023-02-28,2023-01-01,2023-03-30,2023-02-05,2023-04-01,2023-02-28,0,received
34,1,1,34,2023-01-01,1200,2023-04-01,Ocean,False,0.3,30,core,2023-02-28,2023-01-01,2023-03-30,2023-02-05,2023-04-01,2023-02-28,0,received
35,1,3,35,2023-01-01,2000,2023-04-01,Ocean,False,0.3,30,core,2023-02-28,2023-01-01,2023-03-30,2023-02-05,2023-04-01,2023-02-28,0,received
36,1,3,2,2023-02-01,3000,2023-05-02,Ocean,False,0.3,30,core,2023-03-31,2023-02-01,2023-04-30,2023-03-08,2023-05-02,2023-03-31,0,received
37,1,1,7,2023-02-01,1200,2023-05-02,Ocean,False,0.3,30,core,2023-03-31,2023-02-01,2023-04-30,2023-03-08,2023-05-02,2023-03-31,0,received
38,1,3,10,2023-02-01,1000,2023-05-02,Ocean,False,0.3,30,core,2023-03-31,2023-02-01,2023-04-30,2023-03-08,2023-05-02,2023-03-31,0,received
39,1,4,18,2023-02-01,1500,2023-05-02,Ocean,False,0.3,30,core,2023-03-31,2023-02-01,2023-04-30,2023-03-08,2023-05-02,2023-03-31,0,received
40,1,3,29,2023-02-01,1000,2023-05-02,Ocean,False,0.3,30,core,2023-03-31,2023-02-01,2023-04-30,2023-03-08,2023-05-02,2023-03-31,0,received
41,1,1,5,2023-03-01,2400,2023-05-30,Ocean,False,0.3,30,core,2023-04-28,2023-03-01,2023-05-28,2023-04-05,2023-05-30,2023-04-28,0,received
42,1,3,12,2023-03-01,1000,2023-05-30,Ocean,False,0.3,30,core,2023-04-28,2023-03-01,2023-05-28,2023-04-05,2023-05-30,2023-04-28,0,received
43,1,1,13,2023-03-01,1200,2023-05-30,Ocean,False,0.3,30,core,2023-04-28,2023-03-01,2023-05-28,2023-04-05,2023-05-30,2023-04-28,0,received
44,1,4,27,2023-03-01,750,2023-05-30,Ocean,False,0.3,30,core,2023-04-28,2023-03-01,2023-05-28,2023-04-05,2023-05-30,2023-04-28,0,received
45,1,3,14,2023-04-01,2000,2023-06-30,Ocean,False,0.3,30,core,2023-05-29,2023-04-01,2023-06-28,2023-05-06,2023-06-30,2023-05-29,0,received
46,1,4,15,2023-04-01,1500,2023-06-30,Ocean,False,0.3,30,core,2023-05-29,2023-04-01,2023-06-28,2023-05-06,2023-06-30,2023-05-29,0,received
47,1,3,20,2023-04-01,1000,2023-06-30,Ocean,False,0.3,30,core,2023-05-29,2023-04-01,2023-06-28,2023-05-06,2023-06-30,2023-05-29,0,received
48,1,1,22,2023-04-01,2400,2023-06-30,Ocean,False,0.3,30,core,2023-05-29,2023-04-01,2023-06-28,2023-05-06,2023-06-30,2023-05-29,0,received
49,1,3,23,2023-04-01,1000,2023-06-30,Ocean,False,0.3,30,core,2023-05-29,2023-04-01,2023-06-28,2023-05-06,2023-06-30,2023-05-29,0,received
50,1,4,24,2023-04-01,2250,2023-06-30,Ocean,False,0.3,30,core,2023-05-29,2023-04-01,2023-06-28,2023-05-06,2023-06-30,2023-05-29,0,received
51,1,3,2,2023-05-01,3000,2023-07-30,Ocean,False,0.3,30,core,2023-06-28,2023-05-01,2023-07-28,2023-06-05,2023-07-30,2023-06-28,0,received
52,1,1,3,2023-05-01,4800,2023-07-30,Ocean,False,0.3,30,core,2023-06-28,2023-05-01,2023-07-28,2023-06-05,2023-07-30,2023-06-28,0,received
53,1,3,4,2023-05-01,3000,2023-07-30,Ocean,False,0.3,30,core,2023-06-28,2023-05-01,2023-07-28,2023-06-05,2023-07-30,2023-06-28,0,received
54,1,3,6,2023-05-01,4000,2023-07-30,Ocean,False,0.3,30,core,2023-06-28,2023-05-01,2023-07-28,2023-06-05,2023-07-30,2023-06-28,0,received
55,1,1,7,2023-05-01,2400,2023-07-30,Ocean,False,0.3,30,core,2023-06-28,2023-05-01,2023-07-28,2023-06-05,2023-07-30,2023-06-28,0,received
56,1,3,8,2023-05-01,2000,2023-07-30,Ocean,False,0.3,30,core,2023-06-28,2023-05-01,2023-07-28,2023-06-05,2023-07-30,2023-06-28,0,received
57,1,3,10,2023-05-01,3000,2023-07-30,Ocean,False,0.3,30,core,2023-06-28,2023-05-01,2023-07-28,2023-06-05,2023-07-30,2023-06-28,0,received
58,1,1,11,2023-05-01,2400,2023-07-30,Ocean,False,0.3,30,core,2023-06-28,2023-05-01,2023-07-28,2023-06-05,2023-07-30,2023-06-28,0,received
59,1,3,12,2023-05-01,2000,2023-07-30,Ocean,False,0.3,30,core,2023-06-28,2023-05-01,2023-07-28,2023-06-05,2023-07-30,2023-06-28,0,received
60,1,1,13,2023-05-01,1200,2023-07-30,Ocean,False,0.3,30,core,2023-06-28,2023-05-01,2023-07-28,2023-06-05,2023-07-30,2023-06-28,0,received
61,1,4,18,2023-05-01,1500,2023-07-30,Ocean,False,0.3,30,core,2023-06-28,2023-05-01,2023-07-28,2023-06-05,2023-07-30,2023-06-28,0,received
62,1,1,19,2023-05-01,1200,2023-07-30,Ocean,False,0.3,30,core,2023-06-28,2023-05-01,2023-07-28,2023-06-05,2023-07-30,2023-06-28,0,received
63,1,3,20,2023-05-01,2000,2023-07-30,Ocean,False,0.3,30,core,2023-06-28,2023-05-01,2023-07-28,2023-06-05,2023-07-30,2023-06-28,0,received
64,1,4,21,2023-05-01,3000,2023-07-30,Ocean,False,0.3,30,core,2023-06-28,2023-05-01,2023-07-28,2023-06-05,2023-07-30,2023-06-28,0,received
65,1,3,26,2023-05-01,1000,2023-07-30,Ocean,False,0.3,30,core,2023-06-28,2023-05-01,2023-07-28,2023-06-05,2023-07-30,2023-06-28,0,received
66,1,4,27,2023-05-01,2250,2023-07-30,Ocean,False,0.3,30,core,2023-06-28,2023-05-01,2023-07-28,2023-06-05,2023-07-30,2023-06-28,0,received
67,1,4,30,2023-05-01,750,2023-07-30,Ocean,False,0.3,30,core,2023-06-28,2023-05-01,2023-07-28,2023-06-05,2023-07-30,2023-06-28,0,received
68,1,3,32,2023-05-01,1000,2023-07-30,Ocean,False,0.3,30,core,2023-06-28,2023-05-01,2023-07-28,2023-06-05,2023-07-30,2023-06-28,0,received
69,1,4,33,2023-05-01,1500,2023-07-30,Ocean,False,0.3,30,core,2023-06-28,2023-05-01,2023-07-28,2023-06-05,2023-07-30,2023-06-28,0,received
70,1,1,1,2023-06-01,2400,2023-08-30,Ocean,False,0.3,30,core,2023-07-29,2023-06-01,2023-08-28,2023-07-06,2023-08-30,2023-07-29,0,received
71,1,3,8,2023-06-01,2000,2023-08-30,Ocean,False,0.3,30,core,2023-07-29,2023-06-01,2023-08-28,2023-07-06,2023-08-30,2023-07-29,0,received
72,1,1,9,2023-06-01,1200,2023-08-30,Ocean,False,0.3,30,core,2023-07-29,2023-06-01,2023-08-28,2023-07-06,2023-08-30,2023-07-29,0,received
73,1,4,15,2023-06-01,2250,2023-08-30,Ocean,False,0.3,30,core,2023-07-29,2023-06-01,2023-08-28,2023-07-06,2023-08-30,2023-07-29,0,received
74,1,3,17,2023-06-01,2000,2023-08-30,Ocean,False,0.3,30,core,2023-07-29,2023-06-01,2023-08-28,2023-07-06,2023-08-30,2023-07-29,0,received
75,1,1,25,2023-06-01,1200,2023-08-30,Ocean,False,0.3,30,core,2023-07-29,2023-06-01,2023-08-28,2023-07-06,2023-08-30,2023-07-29,0,received
76,1,4,36,2023-06-01,3750,2023-08-30,Ocean,False,0.3,30,core,2023-07-29,2023-06-01,2023-08-28,2023-07-06,2023-08-30,2023-07-29,0,received
77,1,1,37,2023-06-01,1200,2023-08-30,Ocean,False,0.3,30,core,2023-07-29,2023-06-01,2023-08-28,2023-07-06,2023-08-30,2023-07-29,0,received
78,1,3,38,2023-06-01,1500,2023-10-14,Ocean,True,0.3,30,core,2023-09-12,2023-06-01,2023-10-12,2023-08-20,2023-10-14,2023-09-12,0,received
79,1,4,39,2023-06-01,2250,2023-08-30,Ocean,False,0.3,30,core,2023-07-29,2023-06-01,2023-08-28,2023-07-06,2023-08-30,2023-07-29,0,received
80,1,1,40,2023-06-01,1200,2023-08-30,Ocean,False,0.3,30,core,2023-07-29,2023-06-01,2023-08-28,2023-07-06,2023-08-30,2023-07-29,0,received
81,1,4,41,2023-06-01,1500,2023-08-30,Ocean,False,0.3,30,core,2023-07-29,2023-06-01,2023-08-28,2023-07-06,2023-08-30,2023-07-29,0,received
82,1,5,42,2023-06-01,2000,2023-08-30,Ocean,False,0.5,-5,launch,2023-07-29,2023-06-01,2023-07-24,2023-07-06,2023-08-30,2023-07-29,0,received
83,1,3,43,2023-06-01,1500,2023-10-14,Air,True,0.3,30,core,2023-09-12,2023-06-01,2023-10-12,2023-08-20,2023-10-14,2023-09-12,0,received
84,1,1,44,2023-06-01,1200,2023-08-30,Ocean,False,0.3,30,core,2023-07-29,2023-06-01,2023-08-28,2023-07-06,2023-08-30,2023-07-29,0,received
85,1,4,45,2023-06-01,1500,2023-08-30,Ocean,False,0.3,30,core,2023-07-29,2023-06-01,2023-08-28,2023-07-06,2023-08-30,2023-07-29,0,received
86,1,5,46,2023-06-01,2000,2023-08-30,Ocean,False,0.5,-5,launch,2023-07-29,2023-06-01,2023-07-24,2023-07-06,2023-08-30,2023-07-29,0,received
87,1,3,47,2023-06-01,1500,2023-10-14,Air,True,0.3,30,core,2023-09-12,2023-06-01,2023-10-12,2023-08-20,2023-10-14,2023-09-12,0,received
88,1,1,48,2023-06-01,1200,2023-08-30,Ocean,False,0.3,30,core,2023-07-29,2023-06-01,2023-08-28,2023-07-06,2023-08-30,2023-07-29,0,received
89,1,4,49,2023-06-01,2250,2023-08-30,Ocean,False,0.3,30,core,2023-07-29,2023-06-01,2023-08-28,2023-07-06,2023-08-30,2023-07-29,0,received
90,1,5,50,2023-06-01,2000,2023-08-30,Ocean,False,0.5,-5,launch,2023-07-29,2023-06-01,2023-07-24,2023-07-06,2023-08-30,2023-07-29,0,received
91,1,3,51,2023-06-01,1500,2023-10-14,Ocean,True,0.3,30,core,2023-09-12,2023-06-01,2023-10-12,2023-08-20,2023-10-14,2023-09-12,0,received
92,1,1,52,2023-06-01,1200,2023-08-30,Ocean,False,0.3,30,core,2023-07-29,2023-06-01,2023-08-28,2023-07-06,2023-08-30,2023-07-29,0,received
93,1,4,53,2023-06-01,1500,2023-08-30,Ocean,False,0.3,30,core,2023-07-29,2023-06-01,2023-08-28,2023-07-06,2023-08-30,2023-07-29,0,received
94,1,5,54,2023-06-01,2000,2023-08-30,Ocean,False,0.5,-5,launch,2023-07-29,2023-06-01,2023-07-24,2023-07-06,2023-08-30,2023-07-29,0,received
95,1,3,55,2023-06-01,1500,2023-10-14,Ocean,True,0.3,30,core,2023-09-12,2023-06-01,2023-10-12,2023-08-20,2023-10-14,2023-09-12,0,received
96,1,1,56,2023-06-01,1200,2023-08-30,Ocean,False,0.3,30,core,2023-07-29,2023-06-01,2023-08-28,2023-07-06,2023-08-30,2023-07-29,0,received
97,1,4,57,2023-06-01,2250,2023-08-30,Ocean,False,0.3,30,core,2023-07-29,2023-06-01,2023-08-28,2023-07-06,2023-08-30,2023-07-29,0,received
98,1,5,58,2023-06-01,2000,2023-08-30,Ocean,False,0.5,-5,launch,2023-07-29,2023-06-01,2023-07-24,2023-07-06,2023-08-30,2023-07-29,0,received
99,1,3,59,2023-06-01,1500,2023-10-14,Ocean,True,0.3,30,core,2023-09-12,2023-06-01,2023-10-12,2023-08-20,2023-10-14,2023-09-12,0,received
100,1,1,60,2023-06-01,1200,2023-08-30,Ocean,False,0.3,30,core,2023-07-29,2023-06-01,2023-08-28,2023-07-06,2023-08-30,2023-07-29,0,received
101,1,4,61,2023-06-01,2250,2023-08-30,Ocean,False,0.3,30,core,2023-07-29,2023-06-01,2023-08-28,2023-07-06,2023-08-30,2023-07-29,0,received
102,1,3,62,2023-06-01,1000,2023-08-30,Ocean,False,0.3,30,core,2023-07-29,2023-06-01,2023-08-28,2023-07-06,2023-08-30,2023-07-29,0,received
103,1,1,63,2023-06-01,1200,2023-08-30,Ocean,False,0.3,30,core,2023-07-29,2023-06-01,2023-08-28,2023-07-06,2023-08-30,2023-07-29,0,received
104,1,5,64,2023-06-01,2000,2023-08-30,Ocean,False,0.5,-5,launch,2023-07-29,2023-06-01,2023-07-24,2023-07-06,2023-08-30,2023-07-29,0,received
105,1,3,65,2023-06-01,1000,2023-08-30,Ocean,False,0.3,30,core,2023-07-29,2023-06-01,2023-08-28,2023-07-06,2023-08-30,2023-07-29,0,received
106,1,1,66,2023-06-01,1200,2023-08-30,Ocean,False,0.3,30,core,2023-07-29,2023-06-01,2023-08-28,2023-07-06,2023-08-30,2023-07-29,0,received
107,1,5,67,2023-06-01,2000,2023-08-30,Ocean,False,0.5,-5,launch,2023-07-29,2023-06-01,2023-07-24,2023-07-06,2023-08-30,2023-07-29,0,received
108,1,3,68,2023-06-01,1000,2023-08-30,Ocean,False,0.3,30,core,2023-07-29,2023-06-01,2023-08-28,2023-07-06,2023-08-30,2023-07-29,0,received
109,1,1,69,2023-06-01,1200,2023-08-30,Ocean,False,0.3,30,core,2023-07-29,2023-06-01,2023-08-28,2023-07-06,2023-08-30,2023-07-29,0,received
110,1,5,70,2023-06-01,2000,2023-08-30,Ocean,False,0.5,-5,launch,2023-07-29,2023-06-01,2023-07-24,2023-07-06,2023-08-30,2023-07-29,0,received
111,1,3,71,2023-06-01,1000,2023-08-30,Ocean,False,0.3,30,core,2023-07-29,2023-06-01,2023-08-28,2023-07-06,2023-08-30,2023-07-29,0,received
112,1,1,72,2023-06-01,1200,2023-08-30,Ocean,False,0.3,30,core,2023-07-29,2023-06-01,2023-08-28,2023-07-06,2023-08-30,2023-07-29,0,received
113,1,5,73,2023-06-01,2000,2023-08-30,Ocean,False,0.5,-5,launch,2023-07-29,2023-06-01,2023-07-24,2023-07-06,2023-08-30,2023-07-29,0,received
114,1,3,74,2023-06-01,1000,2023-08-30,Ocean,False,0.3,30,core,2023-07-29,2023-06-01,2023-08-28,2023-07-06,2023-08-30,2023-07-29,0,received
115,1,5,75,2023-06-01,2000,2023-08-30,Ocean,False,0.5,-5,launch,2023-07-29,2023-06-01,2023-07-24,2023-07-06,2023-08-30,2023-07-29,0,received
116,1,1,76,2023-06-01,1200,2023-08-30,Ocean,False,0.3,30,core,2023-07-29,2023-06-01,2023-08-28,2023-07-06,2023-08-30,2023-07-29,0,received
117,1,1,77,2023-06-01,1200,2023-08-30,Ocean,False,0.3,30,core,2023-07-29,2023-06-01,2023-08-28,2023-07-06,2023-08-30,2023-07-29,0,received
118,1,1,78,2023-06-01,1200,2023-08-30,Ocean,False,0.3,30,core,2023-07-29,2023-06-01,2023-08-28,2023-07-06,2023-08-30,2023-07-29,0,received
119,1,1,79,2023-06-01,1200,2023-08-30,Ocean,False,0.3,30,core,2023-07-29,2023-06-01,2023-08-28,2023-07-06,2023-08-30,2023-07-29,0,received
120,1,1,80,2023-06-01,1200,2023-08-30,Ocean,False,0.3,30,core,2023-07-29,2023-06-01,2023-08-28,2023-07-06,2023-08-30,2023-07-29,0,received
121,1,1,81,2023-06-01,1200,2023-08-30,Ocean,False,0.3,30,core,2023-07-29,2023-06-01,2023-08-28,2023-07-06,2023-08-30,2023-07-29,0,received
122,1,1,82,2023-06-01,1200,2023-08-30,Ocean,False,0.3,30,core,2023-07-29,2023-06-01,2023-08-28,2023-07-06,2023-08-30,2023-07-29,0,received
123,1,1,83,2023-06-01,1200,2023-08-30,Ocean,False,0.3,30,core,2023-07-29,2023-06-01,2023-08-28,2023-07-06,2023-08-30,2023-07-29,0,received
124,1,1,84,2023-06-01,1200,2023-08-30,Ocean,False,0.3,30,core,2023-07-29,2023-06-01,2023-08-28,2023-07-06,2023-08-30,2023-07-29,0,received
125,1,1,85,2023-06-01,1200,2023-08-30,Ocean,False,0.3,30,core,2023-07-29,2023-06-01,2023-08-28,2023-07-06,2023-08-30,2023-07-29,0,received
126,1,1,1,2023-07-01,3600,2023-09-29,Ocean,False,0.3,30,core,2023-08-28,2023-07-01,2023-09-27,2023-08-05,2023-09-29,2023-08-28,0,received
127,1,3,2,2023-07-01,6000,2023-09-29,Ocean,False,0.3,30,core,2023-08-28,2023-07-01,2023-09-27,2023-08-05,2023-09-29,2023-08-28,0,received
128,1,1,3,2023-07-01,3600,2023-09-29,Ocean,False,0.3,30,core,2023-08-28,2023-07-01,2023-09-27,2023-08-05,2023-09-29,2023-08-28,0,received
129,1,3,4,2023-07-01,4000,2023-09-29,Ocean,False,0.3,30,core,2023-08-28,2023-07-01,2023-09-27,2023-08-05,2023-09-29,2023-08-28,0,received
130,1,1,5,2023-07-01,2400,2023-09-29,Ocean,False,0.3,30,core,2023-08-28,2023-07-01,2023-09-27,2023-08-05,2023-09-29,2023-08-28,0,received
131,1,1,16,2023-07-01,2400,2023-09-29,Ocean,False,0.3,30,core,2023-08-28,2023-07-01,2023-09-27,2023-08-05,2023-09-29,2023-08-28,0,received
132,1,3,23,2023-07-01,1000,2023-09-29,Ocean,False,0.3,30,core,2023-08-28,2023-07-01,2023-09-27,2023-08-05,2023-09-29,2023-08-28,0,received
133,1,1,28,2023-07-01,1200,2023-09-29,Ocean,False,0.3,30,core,2023-08-28,2023-07-01,2023-09-27,2023-08-05,2023-09-29,2023-08-28,0,received
134,1,3,29,2023-07-01,1000,2023-09-29,Ocean,False,0.3,30,core,2023-08-28,2023-07-01,2023-09-27,2023-08-05,2023-09-29,2023-08-28,0,received
135,1,4,30,2023-07-01,1500,2023-09-29,Ocean,False,0.3,30,core,2023-08-28,2023-07-01,2023-09-27,2023-08-05,2023-09-29,2023-08-28,0,received
136,1,4,33,2023-07-01,1500,2023-09-29,Ocean,False,0.3,30,core,2023-08-28,2023-07-01,2023-09-27,2023-08-05,2023-09-29,2023-08-28,0,received
137,1,1,9,2023-08-01,1200,2023-10-30,Ocean,False,0.3,30,core,2023-09-28,2023-08-01,2023-10-28,2023-09-05,2023-10-30,2023-09-28,0,received
138,1,1,11,2023-08-01,1200,2023-10-30,Ocean,False,0.3,30,core,2023-09-28,2023-08-01,2023-10-28,2023-09-05,2023-10-30,2023-09-28,0,received
139,1,1,13,2023-08-01,2400,2023-10-30,Ocean,False,0.3,30,core,2023-09-28,2023-08-01,2023-10-28,2023-09-05,2023-10-30,2023-09-28,0,received
140,1,4,18,2023-08-01,2250,2023-10-30,Ocean,False,0.3,30,core,2023-09-28,2023-08-01,2023-10-28,2023-09-05,2023-10-30,2023-09-28,0,received
141,1,1,19,2023-08-01,1200,2023-10-30,Ocean,False,0.3,30,core,2023-09-28,2023-08-01,2023-10-28,2023-09-05,2023-10-30,2023-09-28,0,received
142,1,1,31,2023-08-01,1200,2023-10-30,Ocean,False,0.3,30,core,2023-09-28,2023-08-01,2023-10-28,2023-09-05,2023-10-30,2023-09-28,0,received
143,1,3,14,2023-09-01,1000,2023-11-30,Ocean,False,0.3,30,core,2023-10-29,2023-09-01,2023-11-28,2023-10-06,2023-11-30,2023-10-29,0,received
144,1,3,23,2023-09-01,1000,2023-11-30,Ocean,False,0.3,30,core,2023-10-29,2023-09-01,2023-11-28,2023-10-06,2023-11-30,2023-10-29,0,received
145,1,4,24,2023-09-01,1500,2023-11-30,Ocean,False,0.3,30,core,2023-10-29,2023-09-01,2023-11-28,2023-10-06,2023-11-30,2023-10-29,0,received
146,1,3,26,2023-09-01,1000,2023-11-30,Ocean,False,0.3,30,core,2023-10-29,2023-09-01,2023-11-28,2023-10-06,2023-11-30,2023-10-29,0,received
147,1,3,32,2023-09-01,1000,2023-11-30,Ocean,False,0.3,30,core,2023-10-29,2023-09-01,2023-11-28,2023-10-06,2023-11-30,2023-10-29,0,received
148,1,1,7,2023-10-01,1200,2023-12-30,Ocean,False,0.3,30,core,2023-11-28,2023-10-01,2023-12-28,2023-11-05,2023-12-30,2023-11-28,0,received
149,1,3,8,2023-10-01,2000,2023-12-30,Ocean,False,0.3,30,core,2023-11-28,2023-10-01,2023-12-28,2023-11-05,2023-12-30,2023-11-28,0,received
150,1,4,15,2023-10-01,1500,2023-12-30,Ocean,False,0.3,30,core,2023-11-28,2023-10-01,2023-12-28,2023-11-05,2023-12-30,2023-11-28,0,received
151,1,4,21,2023-10-01,3000,2023-12-30,Ocean,False,0.3,30,core,2023-11-28,2023-10-01,2023-12-28,2023-11-05,2023-12-30,2023-11-28,0,received
152,1,3,35,2023-10-01,2000,2023-12-30,Ocean,False,0.3,30,core,2023-11-28,2023-10-01,2023-12-28,2023-11-05,2023-12-30,2023-11-28,0,received
153,1,1,1,2023-11-01,6000,2024-01-30,Ocean,False,0.3,30,core,2023-12-29,2023-11-01,2024-01-28,2023-12-06,2024-01-30,2023-12-29,0,received
154,1,1,5,2023-11-01,2400,2024-01-30,Ocean,False,0.3,30,core,2023-12-29,2023-11-01,2024-01-28,2023-12-06,2024-01-30,2023-12-29,0,received
155,1,3,6,2023-11-01,4000,2024-01-30,Ocean,False,0.3,30,core,2023-12-29,2023-11-01,2024-01-28,2023-12-06,2024-01-30,2023-12-29,0,received
156,1,1,7,2023-11-01,2400,2024-01-30,Ocean,False,0.3,30,core,2023-12-29,2023-11-01,2024-01-28,2023-12-06,2024-01-30,2023-12-29,0,received
157,1,1,9,2023-11-01,2400,2024-01-30,Ocean,False,0.3,30,core,2023-12-29,2023-11-01,2024-01-28,2023-12-06,2024-01-30,2023-12-29,0,received
158,1,3,12,2023-11-01,1000,2024-01-30,Ocean,False,0.3,30,core,2023-12-29,2023-11-01,2024-01-28,2023-12-06,2024-01-30,2023-12-29,0,received
159,1,4,18,2023-11-01,1500,2024-01-30,Ocean,False,0.3,30,core,2023-12-29,2023-11-01,2024-01-28,2023-12-06,2024-01-30,2023-12-29,0,received
160,1,3,20,2023-11-01,1000,2024-01-30,Ocean,False,0.3,30,core,2023-12-29,2023-11-01,2024-01-28,2023-12-06,2024-01-30,2023-12-29,0,received
161,1,4,27,2023-11-01,1500,2024-01-30,Ocean,False,0.3,30,core,2023-12-29,2023-11-01,2024-01-28,2023-12-06,2024-01-30,2023-12-29,0,received
162,1,1,34,2023-11-01,1200,2024-01-30,Ocean,False,0.3,30,core,2023-12-29,2023-11-01,2024-01-28,2023-12-06,2024-01-30,2023-12-29,0,received
163,1,4,41,2023-11-01,750,2024-01-30,Ocean,False,0.3,30,core,2023-12-29,2023-11-01,2024-01-28,2023-12-06,2024-01-30,2023-12-29,0,received
164,1,4,53,2023-11-01,750,2024-01-30,Ocean,False,0.3,30,core,2023-12-29,2023-11-01,2024-01-28,2023-12-06,2024-01-30,2023-12-29,0,received
165,1,1,1,2023-12-01,6000,2024-02-29,Ocean,False,0.3,30,core,2024-01-28,2023-12-01,2024-02-27,2024-01-05,2024-02-29,2024-01-28,0,received
166,1,3,2,2023-12-01,3000,2024-02-29,Ocean,False,0.3,30,core,2024-01-28,2023-12-01,2024-02-27,2024-01-05,2024-02-29,2024-01-28,0,received
167,1,1,3,2023-12-01,4800,2024-02-29,Ocean,False,0.3,30,core,2024-01-28,2023-12-01,2024-02-27,2024-01-05,2024-02-29,2024-01-28,0,received
168,1,3,4,2023-12-01,4000,2024-02-29,Ocean,False,0.3,30,core,2024-01-28,2023-12-01,2024-02-27,2024-01-05,2024-02-29,2024-01-28,0,received
169,1,1,7,2023-12-01,2400,2024-02-29,Ocean,False,0.3,30,core,2024-01-28,2023-12-01,2024-02-27,2024-01-05,2024-02-29,2024-01-28,0,received
170,1,3,10,2023-12-01,1000,2024-02-29,Ocean,False,0.3,30,core,2024-01-28,2023-12-01,2024-02-27,2024-01-05,2024-02-29,2024-01-28,0,received
171,1,1,11,2023-12-01,1200,2024-02-29,Ocean,False,0.3,30,core,2024-01-28,2023-12-01,2024-02-27,2024-01-05,2024-02-29,2024-01-28,0,received
172,1,3,12,2023-12-01,2000,2024-02-29,Ocean,False,0.3,30,core,2024-01-28,2023-12-01,2024-02-27,2024-01-05,2024-02-29,2024-01-28,0,received
173,1,3,14,2023-12-01,2000,2024-02-29,Ocean,False,0.3,30,core,2024-01-28,2023-12-01,2024-02-27,2024-01-05,2024-02-29,2024-01-28,0,received
174,1,4,15,2023-12-01,2250,2024-02-29,Ocean,False,0.3,30,core,2024-01-28,2023-12-01,2024-02-27,2024-01-05,2024-02-29,2024-01-28,0,received
175,1,3,17,2023-12-01,1000,2024-02-29,Ocean,False,0.3,30,core,2024-01-28,2023-12-01,2024-02-27,2024-01-05,2024-02-29,2024-01-28,0,received
176,1,1,22,2023-12-01,2400,2024-02-29,Ocean,False,0.3,30,core,2024-01-28,2023-12-01,2024-02-27,2024-01-05,2024-02-29,2024-01-28,0,received
177,1,3,23,2023-12-01,1000,2024-02-29,Ocean,False,0.3,30,core,2024-01-28,2023-12-01,2024-02-27,2024-01-05,2024-02-29,2024-01-28,0,received
178,1,4,24,2023-12-01,1500,2024-02-29,Ocean,False,0.3,30,core,2024-01-28,2023-12-01,2024-02-27,2024-01-05,2024-02-29,2024-01-28,0,received
179,1,3,26,2023-12-01,1000,2024-02-29,Ocean,False,0.3,30,core,2024-01-28,2023-12-01,2024-02-27,2024-01-05,2024-02-29,2024-01-28,0,received
180,1,4,27,2023-12-01,1500,2024-02-29,Ocean,False,0.3,30,core,2024-01-28,2023-12-01,2024-02-27,2024-01-05,2024-02-29,2024-01-28,0,received
181,1,4,30,2023-12-01,1500,2024-02-29,Ocean,False,0.3,30,core,2024-01-28,2023-12-01,2024-02-27,2024-01-05,2024-02-29,2024-01-28,0,received
182,1,4,33,2023-12-01,750,2024-02-29,Ocean,False,0.3,30,core,2024-01-28,2023-12-01,2024-02-27,2024-01-05,2024-02-29,2024-01-28,0,received
183,1,3,10,2024-01-01,1000,2024-03-31,Ocean,False,0.3,30,core,2024-02-28,2024-01-01,2024-03-29,2024-02-05,2024-03-31,2024-02-28,0,received
184,1,4,18,2024-01-01,1500,2024-03-31,Ocean,False,0.3,30,core,2024-02-28,2024-01-01,2024-03-29,2024-02-05,2024-03-31,2024-02-28,0,received
185,1,1,25,2024-01-01,1200,2024-03-31,Ocean,False,0.3,30,core,2024-02-28,2024-01-01,2024-03-29,2024-02-05,2024-03-31,2024-02-28,0,received
186,1,3,29,2024-01-01,1000,2024-03-31,Ocean,False,0.3,30,core,2024-02-28,2024-01-01,2024-03-29,2024-02-05,2024-03-31,2024-02-28,0,received
187,1,3,4,2024-02-01,3000,2024-05-01,Ocean,False,0.3,30,core,2024-03-30,2024-02-01,2024-04-29,2024-03-07,2024-05-01,2024-03-30,0,received
188,1,1,5,2024-02-01,2400,2024-05-01,Ocean,False,0.3,30,core,2024-03-30,2024-02-01,2024-04-29,2024-03-07,2024-05-01,2024-03-30,0,received
189,1,3,6,2024-02-01,2000,2024-05-01,Ocean,False,0.3,30,core,2024-03-30,2024-02-01,2024-04-29,2024-03-07,2024-05-01,2024-03-30,0,received
190,1,1,9,2024-02-01,2400,2024-05-01,Ocean,False,0.3,30,core,2024-03-30,2024-02-01,2024-04-29,2024-03-07,2024-05-01,2024-03-30,0,received
191,1,1,11,2024-02-01,2400,2024-05-01,Ocean,False,0.3,30,core,2024-03-30,2024-02-01,2024-04-29,2024-03-07,2024-05-01,2024-03-30,0,received
192,1,1,16,2024-02-01,1200,2024-05-01,Ocean,False,0.3,30,core,2024-03-30,2024-02-01,2024-04-29,2024-03-07,2024-05-01,2024-03-30,0,received
193,1,1,19,2024-02-01,1200,2024-05-01,Ocean,False,0.3,30,core,2024-03-30,2024-02-01,2024-04-29,2024-03-07,2024-05-01,2024-03-30,0,received
194,1,1,28,2024-02-01,1200,2024-05-01,Ocean,False,0.3,30,core,2024-03-30,2024-02-01,2024-04-29,2024-03-07,2024-05-01,2024-03-30,0,received
195,1,4,30,2024-02-01,750,2024-05-01,Ocean,False,0.3,30,core,2024-03-30,2024-02-01,2024-04-29,2024-03-07,2024-05-01,2024-03-30,0,received
196,1,3,2,2024-03-01,3000,2024-05-30,Ocean,False,0.3,30,core,2024-04-28,2024-03-01,2024-05-28,2024-04-05,2024-05-30,2024-04-28,0,received
197,1,1,3,2024-03-01,2400,2024-05-30,Ocean,False,0.3,30,core,2024-04-28,2024-03-01,2024-05-28,2024-04-05,2024-05-30,2024-04-28,0,received
198,1,3,8,2024-03-01,2000,2024-05-30,Ocean,False,0.3,30,core,2024-04-28,2024-03-01,2024-05-28,2024-04-05,2024-05-30,2024-04-28,0,received
199,1,1,13,2024-03-01,1200,2024-05-30,Ocean,False,0.3,30,core,2024-04-28,2024-03-01,2024-05-28,2024-04-05,2024-05-30,2024-04-28,0,received
200,1,3,17,2024-03-01,2000,2024-05-30,Ocean,False,0.3,30,core,2024-04-28,2024-03-01,2024-05-28,2024-04-05,2024-05-30,2024-04-28,0,received
201,1,3,20,2024-03-01,2000,2024-05-30,Ocean,False,0.3,30,core,2024-04-28,2024-03-01,2024-05-28,2024-04-05,2024-05-30,2024-04-28,0,received
202,1,4,21,2024-03-01,2250,2024-05-30,Ocean,False,0.3,30,core,2024-04-28,2024-03-01,2024-05-28,2024-04-05,2024-05-30,2024-04-28,0,received
203,1,4,24,2024-03-01,2250,2024-05-30,Ocean,False,0.3,30,core,2024-04-28,2024-03-01,2024-05-28,2024-04-05,2024-05-30,2024-04-28,0,received
204,1,1,3,2024-04-01,2400,2024-06-30,Ocean,False,0.3,30,core,2024-05-29,2024-04-01,2024-06-28,2024-05-06,2024-06-30,2024-05-29,0,received
205,1,3,10,2024-04-01,2000,2024-06-30,Ocean,False,0.3,30,core,2024-05-29,2024-04-01,2024-06-28,2024-05-06,2024-06-30,2024-05-29,0,received
206,1,4,15,2024-04-01,2250,2024-06-30,Ocean,False,0.3,30,core,2024-05-29,2024-04-01,2024-06-28,2024-05-06,2024-06-30,2024-05-29,0,received
207,1,3,26,2024-04-01,1000,2024-06-30,Ocean,False,0.3,30,core,2024-05-29,2024-04-01,2024-06-28,2024-05-06,2024-06-30,2024-05-29,0,received
208,1,1,1,2024-05-01,3600,2024-07-30,Ocean,False,0.3,30,core,2024-06-28,2024-05-01,2024-07-28,2024-06-05,2024-07-30,2024-06-28,0,received
209,1,3,2,2024-05-01,3000,2024-07-30,Ocean,False,0.3,30,core,2024-06-28,2024-05-01,2024-07-28,2024-06-05,2024-07-30,2024-06-28,0,received
210,1,3,4,2024-05-01,6000,2024-07-30,Ocean,False,0.3,30,core,2024-06-28,2024-05-01,2024-07-28,2024-06-05,2024-07-30,2024-06-28,0,received
211,1,1,5,2024-05-01,4800,2024-07-30,Ocean,False,0.3,30,core,2024-06-28,2024-05-01,2024-07-28,2024-06-05,2024-07-30,2024-06-28,0,received
212,1,3,6,2024-05-01,3000,2024-07-30,Ocean,False,0.3,30,core,2024-06-28,2024-05-01,2024-07-28,2024-06-05,2024-07-30,2024-06-28,0,received
213,1,1,7,2024-05-01,2400,2024-07-30,Ocean,False,0.3,30,core,2024-06-28,2024-05-01,2024-07-28,2024-06-05,2024-07-30,2024-06-28,0,received
214,1,3,8,2024-05-01,4000,2024-07-30,Ocean,False,0.3,30,core,2024-06-28,2024-05-01,2024-07-28,2024-06-05,2024-07-30,2024-06-28,0,received
215,1,3,10,2024-05-01,2000,2024-07-30,Ocean,False,0.3,30,core,2024-06-28,2024-05-01,2024-07-28,2024-06-05,2024-07-30,2024-06-28,0,received
216,1,3,12,2024-05-01,1000,2024-07-30,Ocean,False,0.3,30,core,2024-06-28,2024-05-01,2024-07-28,2024-06-05,2024-07-30,2024-06-28,0,received
217,1,1,13,2024-05-01,1200,2024-07-30,Ocean,False,0.3,30,core,2024-06-28,2024-05-01,2024-07-28,2024-06-05,2024-07-30,2024-06-28,0,received
218,1,3,14,2024-05-01,3000,2024-07-30,Ocean,False,0.3,30,core,2024-06-28,2024-05-01,2024-07-28,2024-06-05,2024-07-30,2024-06-28,0,received
219,1,4,18,2024-05-01,2250,2024-07-30,Ocean,False,0.3,30,core,2024-06-28,2024-05-01,2024-07-28,2024-06-05,2024-07-30,2024-06-28,0,received
220,1,4,21,2024-05-01,2250,2024-07-30,Ocean,False,0.3,30,core,2024-06-28,2024-05-01,2024-07-28,2024-06-05,2024-07-30,2024-06-28,0,received
221,1,3,23,2024-05-01,1000,2024-07-30,Ocean,False,0.3,30,core,2024-06-28,2024-05-01,2024-07-28,2024-06-05,2024-07-30,2024-06-28,0,received
222,1,1,25,2024-05-01,1200,2024-07-30,Ocean,False,0.3,30,core,2024-06-28,2024-05-01,2024-07-28,2024-06-05,2024-07-30,2024-06-28,0,received
223,1,4,27,2024-05-01,2250,2024-07-30,Ocean,False,0.3,30,core,2024-06-28,2024-05-01,2024-07-28,2024-06-05,2024-07-30,2024-06-28,0,received
224,1,1,28,2024-05-01,2400,2024-07-30,Ocean,False,0.3,30,core,2024-06-28,2024-05-01,2024-07-28,2024-06-05,2024-07-30,2024-06-28,0,received
225,1,4,30,2024-05-01,1500,2024-07-30,Ocean,False,0.3,30,core,2024-06-28,2024-05-01,2024-07-28,2024-06-05,2024-07-30,2024-06-28,0,received
226,1,3,32,2024-05-01,1000,2024-07-30,Ocean,False,0.3,30,core,2024-06-28,2024-05-01,2024-07-28,2024-06-05,2024-07-30,2024-06-28,0,received
227,1,4,33,2024-05-01,2250,2024-07-30,Ocean,False,0.3,30,core,2024-06-28,2024-05-01,2024-07-28,2024-06-05,2024-07-30,2024-06-28,0,received
228,1,1,1,2024-06-01,7200,2024-08-30,Ocean,False,0.3,30,core,2024-07-29,2024-06-01,2024-08-28,2024-07-06,2024-08-30,2024-07-29,0,received
229,1,3,2,2024-06-01,4000,2024-08-30,Ocean,False,0.3,30,core,2024-07-29,2024-06-01,2024-08-28,2024-07-06,2024-08-30,2024-07-29,0,received
230,1,1,3,2024-06-01,6000,2024-08-30,Ocean,False,0.3,30,core,2024-07-29,2024-06-01,2024-08-28,2024-07-06,2024-08-30,2024-07-29,0,received
231,1,1,11,2024-06-01,2400,2024-08-30,Ocean,False,0.3,30,core,2024-07-29,2024-06-01,2024-08-28,2024-07-06,2024-08-30,2024-07-29,0,received
232,1,3,12,2024-06-01,1000,2024-08-30,Ocean,False,0.3,30,core,2024-07-29,2024-06-01,2024-08-28,2024-07-06,2024-08-30,2024-07-29,0,received
233,1,1,13,2024-06-01,2400,2024-08-30,Ocean,False,0.3,30,core,2024-07-29,2024-06-01,2024-08-28,2024-07-06,2024-08-30,2024-07-29,0,received
234,1,4,18,2024-06-01,1500,2024-08-30,Ocean,False,0.3,30,core,2024-07-29,2024-06-01,2024-08-28,2024-07-06,2024-08-30,2024-07-29,0,received
235,1,1,19,2024-06-01,1200,2024-08-30,Ocean,False,0.3,30,core,2024-07-29,2024-06-01,2024-08-28,2024-07-06,2024-08-30,2024-07-29,0,received
236,1,4,21,2024-06-01,3000,2024-08-30,Ocean,False,0.3,30,core,2024-07-29,2024-06-01,2024-08-28,2024-07-06,2024-08-30,2024-07-29,0,received
237,1,3,26,2024-06-01,1000,2024-08-30,Ocean,False,0.3,30,core,2024-07-29,2024-06-01,2024-08-28,2024-07-06,2024-08-30,2024-07-29,0,received
238,1,3,32,2024-06-01,1000,2024-08-30,Ocean,False,0.3,30,core,2024-07-29,2024-06-01,2024-08-28,2024-07-06,2024-08-30,2024-07-29,0,received
239,1,4,36,2024-06-01,3000,2024-08-30,Ocean,False,0.3,30,core,2024-07-29,2024-06-01,2024-08-28,2024-07-06,2024-08-30,2024-07-29,0,received
240,1,1,37,2024-06-01,1200,2024-08-30,Ocean,False,0.3,30,core,2024-07-29,2024-06-01,2024-08-28,2024-07-06,2024-08-30,2024-07-29,0,received
241,1,3,38,2024-06-01,1500,2024-10-14,Ocean,True,0.3,30,core,2024-09-12,2024-06-01,2024-10-12,2024-08-20,2024-10-14,2024-09-12,0,received
242,1,4,39,2024-06-01,1500,2024-08-30,Ocean,False,0.3,30,core,2024-07-29,2024-06-01,2024-08-28,2024-07-06,2024-08-30,2024-07-29,0,received
243,1,1,40,2024-06-01,1200,2024-08-30,Ocean,False,0.3,30,core,2024-07-29,2024-06-01,2024-08-28,2024-07-06,2024-08-30,2024-07-29,0,received
244,1,4,41,2024-06-01,1500,2024-08-30,Ocean,False,0.3,30,core,2024-07-29,2024-06-01,2024-08-28,2024-07-06,2024-08-30,2024-07-29,0,received
245,1,3,43,2024-06-01,1500,2024-10-14,Ocean,True,0.3,30,core,2024-09-12,2024-06-01,2024-10-12,2024-08-20,2024-10-14,2024-09-12,0,received
246,1,4,45,2024-06-01,2250,2024-08-30,Ocean,False,0.3,30,core,2024-07-29,2024-06-01,2024-08-28,2024-07-06,2024-08-30,2024-07-29,0,received
247,1,3,47,2024-06-01,1500,2024-10-14,Ocean,True,0.3,30,core,2024-09-12,2024-06-01,2024-10-12,2024-08-20,2024-10-14,2024-09-12,0,received
248,1,1,48,2024-06-01,1200,2024-08-30,Ocean,False,0.3,30,core,2024-07-29,2024-06-01,2024-08-28,2024-07-06,2024-08-30,2024-07-29,0,received
249,1,4,49,2024-06-01,2250,2024-08-30,Ocean,False,0.3,30,core,2024-07-29,2024-06-01,2024-08-28,2024-07-06,2024-08-30,2024-07-29,0,received
250,1,3,51,2024-06-01,1500,2024-10-14,Ocean,True,0.3,30,core,2024-09-12,2024-06-01,2024-10-12,2024-08-20,2024-10-14,2024-09-12,0,received
251,1,1,52,2024-06-01,1200,2024-08-30,Ocean,False,0.3,30,core,2024-07-29,2024-06-01,2024-08-28,2024-07-06,2024-08-30,2024-07-29,0,received
252,1,4,53,2024-06-01,1500,2024-08-30,Ocean,False,0.3,30,core,2024-07-29,2024-06-01,2024-08-28,2024-07-06,2024-08-30,2024-07-29,0,received
253,1,4,57,2024-06-01,750,2024-08-30,Ocean,False,0.3,30,core,2024-07-29,2024-06-01,2024-08-28,2024-07-06,2024-08-30,2024-07-29,0,received
254,1,1,60,2024-06-01,1200,2024-08-30,Ocean,False,0.3,30,core,2024-07-29,2024-06-01,2024-08-28,2024-07-06,2024-08-30,2024-07-29,0,received
255,1,4,61,2024-06-01,2250,2024-08-30,Ocean,False,0.3,30,core,2024-07-29,2024-06-01,2024-08-28,2024-07-06,2024-08-30,2024-07-29,0,received
256,1,3,68,2024-06-01,1000,2024-08-30,Ocean,False,0.3,30,core,2024-07-29,2024-06-01,2024-08-28,2024-07-06,2024-08-30,2024-07-29,0,received
257,1,3,74,2024-06-01,1000,2024-08-30,Ocean,False,0.3,30,core,2024-07-29,2024-06-01,2024-08-28,2024-07-06,2024-08-30,2024-07-29,0,received
258,1,1,78,2024-06-01,1200,2024-08-30,Ocean,False,0.3,30,core,2024-07-29,2024-06-01,2024-08-28,2024-07-06,2024-08-30,2024-07-29,0,received
259,1,1,82,2024-06-01,1200,2024-08-30,Ocean,False,0.3,30,core,2024-07-29,2024-06-01,2024-08-28,2024-07-06,2024-08-30,2024-07-29,0,received
260,1,3,4,2024-07-01,5000,2024-09-29,Ocean,False,0.3,30,core,2024-08-28,2024-07-01,2024-09-27,2024-08-05,2024-09-29,2024-08-28,0,received
261,1,3,6,2024-07-01,7000,2024-09-29,Ocean,False,0.3,30,core,2024-08-28,2024-07-01,2024-09-27,2024-08-05,2024-09-29,2024-08-28,0,received
262,1,1,7,2024-07-01,2400,2024-09-29,Ocean,False,0.3,30,core,2024-08-28,2024-07-01,2024-09-27,2024-08-05,2024-09-29,2024-08-28,0,received
263,1,1,9,2024-07-01,4800,2024-09-29,Ocean,False,0.3,30,core,2024-08-28,2024-07-01,2024-09-27,2024-08-05,2024-09-29,2024-08-28,0,received
264,1,3,10,2024-07-01,3000,2024-09-29,Ocean,False,0.3,30,core,2024-08-28,2024-07-01,2024-09-27,2024-08-05,2024-09-29,2024-08-28,0,received
265,1,3,12,2024-07-01,2000,2024-09-29,Ocean,False,0.3,30,core,2024-08-28,2024-07-01,2024-09-27,2024-08-05,2024-09-29,2024-08-28,0,received
266,1,4,15,2024-07-01,3000,2024-09-29,Ocean,False,0.3,30,core,2024-08-28,2024-07-01,2024-09-27,2024-08-05,2024-09-29,2024-08-28,0,received
267,1,1,16,2024-07-01,2400,2024-09-29,Ocean,False,0.3,30,core,2024-08-28,2024-07-01,2024-09-27,2024-08-05,2024-09-29,2024-08-28,0,received
268,1,3,20,2024-07-01,2000,2024-09-29,Ocean,False,0.3,30,core,2024-08-28,2024-07-01,2024-09-27,2024-08-05,2024-09-29,2024-08-28,0,received
269,1,3,23,2024-07-01,2000,2024-09-29,Ocean,False,0.3,30,core,2024-08-28,2024-07-01,2024-09-27,2024-08-05,2024-09-29,2024-08-28,0,received
270,1,4,24,2024-07-01,6000,2024-09-29,Ocean,False,0.3,30,core,2024-08-28,2024-07-01,2024-09-27,2024-08-05,2024-09-29,2024-08-28,0,received
271,1,3,26,2024-07-01,3000,2024-09-29,Ocean,False,0.3,30,core,2024-08-28,2024-07-01,2024-09-27,2024-08-05,2024-09-29,2024-08-28,0,received
272,1,3,29,2024-07-01,3000,2024-09-29,Ocean,False,0.3,30,core,2024-08-28,2024-07-01,2024-09-27,2024-08-05,2024-09-29,2024-08-28,0,received
273,1,4,30,2024-07-01,2250,2024-09-29,Ocean,False,0.3,30,core,2024-08-28,2024-07-01,2024-09-27,2024-08-05,2024-09-29,2024-08-28,0,received
274,1,1,31,2024-07-01,1200,2024-09-29,Ocean,False,0.3,30,core,2024-08-28,2024-07-01,2024-09-27,2024-08-05,2024-09-29,2024-08-28,0,received
275,1,3,2,2024-08-01,6000,2024-10-30,Ocean,False,0.3,30,core,2024-09-28,2024-08-01,2024-10-28,2024-09-05,2024-10-30,2024-09-28,0,received
276,1,3,8,2024-08-01,2000,2024-10-30,Ocean,False,0.3,30,core,2024-09-28,2024-08-01,2024-10-28,2024-09-05,2024-10-30,2024-09-28,0,received
277,1,4,27,2024-08-01,2250,2024-10-30,Ocean,False,0.3,30,core,2024-09-28,2024-08-01,2024-10-28,2024-09-05,2024-10-30,2024-09-28,0,received
278,1,3,17,2024-09-01,1000,2024-11-30,Ocean,False,0.3,30,core,2024-10-29,2024-09-01,2024-11-28,2024-10-06,2024-11-30,2024-10-29,0,received
279,1,4,18,2024-09-01,3000,2024-11-30,Ocean,False,0.3,30,core,2024-10-29,2024-09-01,2024-11-28,2024-10-06,2024-11-30,2024-10-29,0,received
280,1,1,19,2024-09-01,1200,2024-11-30,Ocean,False,0.3,30,core,2024-10-29,2024-09-01,2024-11-28,2024-10-06,2024-11-30,2024-10-29,0,received
281,1,1,1,2024-10-01,6000,2024-12-30,Ocean,False,0.3,30,core,2024-11-28,2024-10-01,2024-12-28,2024-11-05,2024-12-30,2024-11-28,0,received
282,1,1,5,2024-10-01,3600,2024-12-30,Ocean,False,0.3,30,core,2024-11-28,2024-10-01,2024-12-28,2024-11-05,2024-12-30,2024-11-28,0,received
283,1,4,15,2024-10-01,2250,2024-12-30,Ocean,False,0.3,30,core,2024-11-28,2024-10-01,2024-12-28,2024-11-05,2024-12-30,2024-11-28,0,received
284,1,3,17,2024-10-01,3000,2024-12-30,Ocean,False,0.3,30,core,2024-11-28,2024-10-01,2024-12-28,2024-11-05,2024-12-30,2024-11-28,0,received
285,1,1,22,2024-10-01,1200,2024-12-30,Ocean,False,0.3,30,core,2024-11-28,2024-10-01,2024-12-28,2024-11-05,2024-12-30,2024-11-28,0,received
286,1,4,27,2024-10-01,2250,2024-12-30,Ocean,False,0.3,30,core,2024-11-28,2024-10-01,2024-12-28,2024-11-05,2024-12-30,2024-11-28,0,received
287,1,4,33,2024-10-01,1500,2024-12-30,Ocean,False,0.3,30,core,2024-11-28,2024-10-01,2024-12-28,2024-11-05,2024-12-30,2024-11-28,0,received
288,1,1,34,2024-10-01,1200,2024-12-30,Ocean,False,0.3,30,core,2024-11-28,2024-10-01,2024-12-28,2024-11-05,2024-12-30,2024-11-28,0,received
289,1,1,3,2024-11-01,3600,2025-01-30,Ocean,False,0.3,30,core,2024-12-29,2024-11-01,2025-01-28,2024-12-06,2025-01-30,2024-12-29,0,received
290,1,3,8,2024-11-01,2000,2025-01-30,Ocean,False,0.3,30,core,2024-12-29,2024-11-01,2025-01-28,2024-12-06,2025-01-30,2024-12-29,0,received
291,1,1,11,2024-11-01,2400,2025-01-30,Ocean,False,0.3,30,core,2024-12-29,2024-11-01,2025-01-28,2024-12-06,2025-01-30,2024-12-29,0,received
292,1,4,21,2024-11-01,2250,2025-01-30,Ocean,False,0.3,30,core,2024-12-29,2024-11-01,2025-01-28,2024-12-06,2025-01-30,2024-12-29,0,received
293,1,1,25,2024-11-01,1200,2025-01-30,Ocean,False,0.3,30,core,2024-12-29,2024-11-01,2025-01-28,2024-12-06,2025-01-30,2024-12-29,0,received
294,1,3,32,2024-11-01,1000,2025-01-30,Ocean,False,0.3,30,core,2024-12-29,2024-11-01,2025-01-28,2024-12-06,2025-01-30,2024-12-29,0,received
295,1,4,36,2024-11-01,750,2025-01-30,Ocean,False,0.3,30,core,2024-12-29,2024-11-01,2025-01-28,2024-12-06,2025-01-30,2024-12-29,0,received
296,1,3,38,2024-11-01,1500,2025-03-16,Ocean,True,0.3,30,core,2025-02-12,2024-11-01,2025-03-14,2025-01-20,2025-03-16,2025-02-12,0,received
297,1,4,39,2024-11-01,1500,2025-01-30,Ocean,False,0.3,30,core,2024-12-29,2024-11-01,2025-01-28,2024-12-06,2025-01-30,2024-12-29,0,received
298,1,4,41,2024-11-01,750,2025-01-30,Ocean,False,0.3,30,core,2024-12-29,2024-11-01,2025-01-28,2024-12-06,2025-01-30,2024-12-29,0,received
299,1,1,44,2024-11-01,1200,2025-01-30,Ocean,False,0.3,30,core,2024-12-29,2024-11-01,2025-01-28,2024-12-06,2025-01-30,2024-12-29,0,received
300,1,4,45,2024-11-01,750,2025-01-30,Ocean,False,0.3,30,core,2024-12-29,2024-11-01,2025-01-28,2024-12-06,2025-01-30,2024-12-29,0,received
301,1,4,49,2024-11-01,750,2025-01-30,Ocean,False,0.3,30,core,2024-12-29,2024-11-01,2025-01-28,2024-12-06,2025-01-30,2024-12-29,0,received
302,1,4,53,2024-11-01,750,2025-01-30,Ocean,False,0.3,30,core,2024-12-29,2024-11-01,2025-01-28,2024-12-06,2025-01-30,2024-12-29,0,received
303,1,5,54,2024-11-01,2000,2025-01-30,Ocean,False,0.5,-5,launch,2024-12-29,2024-11-01,2024-12-24,2024-12-06,2025-01-30,2024-12-29,0,received
304,1,4,57,2024-11-01,1500,2025-01-30,Ocean,False,0.3,30,core,2024-12-29,2024-11-01,2025-01-28,2024-12-06,2025-01-30,2024-12-29,0,received
305,1,3,59,2024-11-01,3000,2025-03-16,Air,True,0.3,30,core,2025-02-12,2024-11-01,2025-03-14,2025-01-20,2025-03-16,2025-02-12,0,received
306,1,3,62,2024-11-01,1000,2025-01-30,Ocean,False,0.3,30,core,2024-12-29,2024-11-01,2025-01-28,2024-12-06,2025-01-30,2024-12-29,0,received
307,1,1,63,2024-11-01,1200,2025-01-30,Ocean,False,0.3,30,core,2024-12-29,2024-11-01,2025-01-28,2024-12-06,2025-01-30,2024-12-29,0,received
308,1,3,65,2024-11-01,1000,2025-01-30,Ocean,False,0.3,30,core,2024-12-29,2024-11-01,2025-01-28,2024-12-06,2025-01-30,2024-12-29,0,received
309,1,1,66,2024-11-01,1200,2025-01-30,Ocean,False,0.3,30,core,2024-12-29,2024-11-01,2025-01-28,2024-12-06,2025-01-30,2024-12-29,0,received
310,1,1,69,2024-11-01,1200,2025-01-30,Ocean,False,0.3,30,core,2024-12-29,2024-11-01,2025-01-28,2024-12-06,2025-01-30,2024-12-29,0,received
311,1,3,71,2024-11-01,1000,2025-01-30,Ocean,False,0.3,30,core,2024-12-29,2024-11-01,2025-01-28,2024-12-06,2025-01-30,2024-12-29,0,received
312,1,1,72,2024-11-01,1200,2025-01-30,Ocean,False,0.3,30,core,2024-12-29,2024-11-01,2025-01-28,2024-12-06,2025-01-30,2024-12-29,0,received
313,1,1,76,2024-11-01,1200,2025-01-30,Ocean,False,0.3,30,core,2024-12-29,2024-11-01,2025-01-28,2024-12-06,2025-01-30,2024-12-29,0,received
314,1,1,80,2024-11-01,1200,2025-01-30,Ocean,False,0.3,30,core,2024-12-29,2024-11-01,2025-01-28,2024-12-06,2025-01-30,2024-12-29,0,received
315,1,1,85,2024-11-01,1200,2025-01-30,Ocean,False,0.3,30,core,2024-12-29,2024-11-01,2025-01-28,2024-12-06,2025-01-30,2024-12-29,0,received
316,1,3,4,2024-12-01,5000,2025-03-01,Ocean,False,0.3,30,core,2025-01-28,2024-12-01,2025-02-27,2025-01-05,2025-03-01,2025-01-28,0,received
317,1,1,7,2024-12-01,1200,2025-03-01,Ocean,False,0.3,30,core,2025-01-28,2024-12-01,2025-02-27,2025-01-05,2025-03-01,2025-01-28,0,received
318,1,3,10,2024-12-01,3000,2025-03-01,Ocean,False,0.3,30,core,2025-01-28,2024-12-01,2025-02-27,2025-01-05,2025-03-01,2025-01-28,0,received
319,1,3,12,2024-12-01,2000,2025-03-01,Ocean,False,0.3,30,core,2025-01-28,2024-12-01,2025-02-27,2025-01-05,2025-03-01,2025-01-28,0,received
320,1,1,13,2024-12-01,1200,2025-03-01,Ocean,False,0.3,30,core,2025-01-28,2024-12-01,2025-02-27,2025-01-05,2025-03-01,2025-01-28,0,received
321,1,3,14,2024-12-01,2000,2025-03-01,Ocean,False,0.3,30,core,2025-01-28,2024-12-01,2025-02-27,2025-01-05,2025-03-01,2025-01-28,0,received
322,1,3,20,2024-12-01,1000,2025-03-01,Ocean,False,0.3,30,core,2025-01-28,2024-12-01,2025-02-27,2025-01-05,2025-03-01,2025-01-28,0,received
323,1,1,22,2024-12-01,1200,2025-03-01,Ocean,False,0.3,30,core,2025-01-28,2024-12-01,2025-02-27,2025-01-05,2025-03-01,2025-01-28,0,received
324,1,3,23,2024-12-01,1000,2025-03-01,Ocean,False,0.3,30,core,2025-01-28,2024-12-01,2025-02-27,2025-01-05,2025-03-01,2025-01-28,0,received
325,1,4,30,2024-12-01,1500,2025-03-01,Ocean,False,0.3,30,core,2025-01-28,2024-12-01,2025-02-27,2025-01-05,2025-03-01,2025-01-28,0,received
326,1,3,35,2024-12-01,1000,2025-03-01,Ocean,False,0.3,30,core,2025-01-28,2024-12-01,2025-02-27,2025-01-05,2025-03-01,2025-01-28,0,received
327,1,1,1,2025-01-01,8400,2025-04-01,Ocean,False,0.3,30,core,2025-02-28,2025-01-01,2025-03-30,2025-02-05,2025-04-01,2025-02-28,0,received
328,1,1,3,2025-01-01,9600,2025-04-01,Ocean,False,0.3,30,core,2025-02-28,2025-01-01,2025-03-30,2025-02-05,2025-04-01,2025-02-28,0,received
329,1,3,6,2025-01-01,6000,2025-04-01,Ocean,False,0.3,30,core,2025-02-28,2025-01-01,2025-03-30,2025-02-05,2025-04-01,2025-02-28,0,received
330,1,3,8,2025-01-01,5000,2025-04-01,Ocean,False,0.3,30,core,2025-02-28,2025-01-01,2025-03-30,2025-02-05,2025-04-01,2025-02-28,0,received
331,1,1,9,2025-01-01,3600,2025-04-01,Ocean,False,0.3,30,core,2025-02-28,2025-01-01,2025-03-30,2025-02-05,2025-04-01,2025-02-28,0,received
332,1,1,13,2025-01-01,3600,2025-04-01,Ocean,False,0.3,30,core,2025-02-28,2025-01-01,2025-03-30,2025-02-05,2025-04-01,2025-02-28,0,received
333,1,3,23,2025-01-01,3000,2025-04-01,Ocean,False,0.3,30,core,2025-02-28,2025-01-01,2025-03-30,2025-02-05,2025-04-01,2025-02-28,0,received
334,1,3,2,2025-02-01,14000,2025-05-02,Ocean,False,0.3,30,core,2025-03-31,2025-02-01,2025-04-30,2025-03-08,2025-05-02,2025-03-31,0,received
335,1,1,5,2025-02-01,4800,2025-05-02,Ocean,False,0.3,30,core,2025-03-31,2025-02-01,2025-04-30,2025-03-08,2025-05-02,2025-03-31,0,received
336,1,1,7,2025-02-01,6000,2025-05-02,Ocean,False,0.3,30,core,2025-03-31,2025-02-01,2025-04-30,2025-03-08,2025-05-02,2025-03-31,0,received
337,1,4,15,2025-02-01,3000,2025-05-02,Ocean,False,0.3,30,core,2025-03-31,2025-02-01,2025-04-30,2025-03-08,2025-05-02,2025-03-31,0,received
338,1,1,19,2025-02-01,2400,2025-05-02,Ocean,False,0.3,30,core,2025-03-31,2025-02-01,2025-04-30,2025-03-08,2025-05-02,2025-03-31,0,received
339,1,4,21,2025-02-01,4500,2025-05-02,Ocean,False,0.3,30,core,2025-03-31,2025-02-01,2025-04-30,2025-03-08,2025-05-02,2025-03-31,0,received
340,1,4,24,2025-02-01,3000,2025-05-02,Ocean,False,0.3,30,core,2025-03-31,2025-02-01,2025-04-30,2025-03-08,2025-05-02,2025-03-31,0,received
341,1,4,27,2025-02-01,4500,2025-05-02,Ocean,False,0.3,30,core,2025-03-31,2025-02-01,2025-04-30,2025-03-08,2025-05-02,2025-03-31,0,received
342,1,4,33,2025-02-01,3000,2025-05-02,Ocean,False,0.3,30,core,2025-03-31,2025-02-01,2025-04-30,2025-03-08,2025-05-02,2025-03-31,0,received
343,1,3,4,2025-03-01,13000,2025-05-30,Ocean,False,0.3,30,core,2025-04-28,2025-03-01,2025-05-28,2025-04-05,2025-05-30,2025-04-28,0,received
344,1,3,10,2025-03-01,7000,2025-05-30,Ocean,False,0.3,30,core,2025-04-28,2025-03-01,2025-05-28,2025-04-05,2025-05-30,2025-04-28,0,received
345,1,1,11,2025-03-01,6000,2025-05-30,Ocean,False,0.3,30,core,2025-04-28,2025-03-01,2025-05-28,2025-04-05,2025-05-30,2025-04-28,0,received
346,1,3,12,2025-03-01,7000,2025-05-30,Ocean,False,0.3,30,core,2025-04-28,2025-03-01,2025-05-28,2025-04-05,2025-05-30,2025-04-28,0,received
347,1,1,16,2025-03-01,2400,2025-05-30,Ocean,False,0.3,30,core,2025-04-28,2025-03-01,2025-05-28,2025-04-05,2025-05-30,2025-04-28,0,received
348,1,4,18,2025-03-01,7500,2025-05-30,Ocean,False,0.3,30,core,2025-04-28,2025-03-01,2025-05-28,2025-04-05,2025-05-30,2025-04-28,0,received
349,1,3,20,2025-03-01,6000,2025-05-30,Ocean,False,0.3,30,core,2025-04-28,2025-03-01,2025-05-28,2025-04-05,2025-05-30,2025-04-28,0,received
350,1,3,29,2025-03-01,3000,2025-05-30,Ocean,False,0.3,30,core,2025-04-28,2025-03-01,2025-05-28,2025-04-05,2025-05-30,2025-04-28,0,received
351,1,4,30,2025-03-01,6000,2025-05-30,Ocean,False,0.3,30,core,2025-04-28,2025-03-01,2025-05-28,2025-04-05,2025-05-30,2025-04-28,0,received
352,1,1,31,2025-03-01,1200,2025-05-30,Ocean,False,0.3,30,core,2025-04-28,2025-03-01,2025-05-28,2025-04-05,2025-05-30,2025-04-28,0,received
353,1,3,6,2025-04-01,8000,2025-06-30,Ocean,False,0.3,30,core,2025-05-29,2025-04-01,2025-06-28,2025-05-06,2025-06-30,2025-05-29,0,received
354,1,1,13,2025-04-01,8400,2025-06-30,Ocean,False,0.3,30,core,2025-05-29,2025-04-01,2025-06-28,2025-05-06,2025-06-30,2025-05-29,0,received
355,1,3,14,2025-04-01,3000,2025-06-30,Ocean,False,0.3,30,core,2025-05-29,2025-04-01,2025-06-28,2025-05-06,2025-06-30,2025-05-29,0,received
356,1,4,15,2025-04-01,4500,2025-06-30,Ocean,False,0.3,30,core,2025-05-29,2025-04-01,2025-06-28,2025-05-06,2025-06-30,2025-05-29,0,received
357,1,3,17,2025-04-01,5000,2025-06-30,Ocean,False,0.3,30,core,2025-05-29,2025-04-01,2025-06-28,2025-05-06,2025-06-30,2025-05-29,0,received
358,1,4,21,2025-04-01,8250,2025-06-30,Ocean,False,0.3,30,core,2025-05-29,2025-04-01,2025-06-28,2025-05-06,2025-06-30,2025-05-29,0,received
359,1,1,28,2025-04-01,1200,2025-06-30,Ocean,False,0.3,30,core,2025-05-29,2025-04-01,2025-06-28,2025-05-06,2025-06-30,2025-05-29,0,received
360,1,3,32,2025-04-01,2000,2025-06-30,Ocean,False,0.3,30,core,2025-05-29,2025-04-01,2025-06-28,2025-05-06,2025-06-30,2025-05-29,0,received
361,1,1,34,2025-04-01,2400,2025-06-30,Ocean,False,0.3,30,core,2025-05-29,2025-04-01,2025-06-28,2025-05-06,2025-06-30,2025-05-29,0,received
362,1,1,9,2025-05-01,4800,2025-07-30,Ocean,False,0.3,30,core,2025-06-28,2025-05-01,2025-07-28,2025-06-05,2025-07-30,2025-06-28,0,received
363,1,1,22,2025-05-01,3600,2025-07-30,Ocean,False,0.3,30,core,2025-06-28,2025-05-01,2025-07-28,2025-06-05,2025-07-30,2025-06-28,0,received
364,1,4,24,2025-05-01,6750,2025-07-30,Ocean,False,0.3,30,core,2025-06-28,2025-05-01,2025-07-28,2025-06-05,2025-07-30,2025-06-28,0,received
365,1,1,25,2025-05-01,3600,2025-07-30,Ocean,False,0.3,30,core,2025-06-28,2025-05-01,2025-07-28,2025-06-05,2025-07-30,2025-06-28,0,received
366,1,3,26,2025-05-01,4000,2025-07-30,Ocean,False,0.3,30,core,2025-06-28,2025-05-01,2025-07-28,2025-06-05,2025-07-30,2025-06-28,0,received
367,1,4,33,2025-05-01,5250,2025-07-30,Ocean,False,0.3,30,core,2025-06-28,2025-05-01,2025-07-28,2025-06-05,2025-07-30,2025-06-28,0,received
368,1,3,35,2025-05-01,2000,2025-07-30,Ocean,False,0.3,30,core,2025-06-28,2025-05-01,2025-07-28,2025-06-05,2025-07-30,2025-06-28,0,received
369,1,1,1,2025-06-01,10800,2025-08-30,Ocean,False,0.3,30,core,2025-07-29,2025-06-01,2025-08-28,2025-07-06,2025-08-30,2025-07-29,0,received
370,1,1,7,2025-06-01,6000,2025-08-30,Ocean,False,0.3,30,core,2025-07-29,2025-06-01,2025-08-28,2025-07-06,2025-08-30,2025-07-29,0,received
371,1,1,28,2025-06-01,2400,2025-08-30,Ocean,False,0.3,30,core,2025-07-29,2025-06-01,2025-08-28,2025-07-06,2025-08-30,2025-07-29,0,received
372,1,4,36,2025-06-01,1500,2025-08-30,Ocean,False,0.3,30,core,2025-07-29,2025-06-01,2025-08-28,2025-07-06,2025-08-30,2025-07-29,0,received
373,1,1,37,2025-06-01,1200,2025-08-30,Ocean,False,0.3,30,core,2025-07-29,2025-06-01,2025-08-28,2025-07-06,2025-08-30,2025-07-29,0,received
374,1,4,39,2025-06-01,1500,2025-08-30,Ocean,False,0.3,30,core,2025-07-29,2025-06-01,2025-08-28,2025-07-06,2025-08-30,2025-07-29,0,received
375,1,4,41,2025-06-01,750,2025-08-30,Ocean,False,0.3,30,core,2025-07-29,2025-06-01,2025-08-28,2025-07-06,2025-08-30,2025-07-29,0,received
376,1,4,45,2025-06-01,750,2025-08-30,Ocean,False,0.3,30,core,2025-07-29,2025-06-01,2025-08-28,2025-07-06,2025-08-30,2025-07-29,0,received
377,1,3,47,2025-06-01,1500,2025-10-14,Air,True,0.3,30,core,2025-09-12,2025-06-01,2025-10-12,2025-08-20,2025-10-14,2025-09-12,0,received
378,1,4,49,2025-06-01,1500,2025-08-30,Ocean,False,0.3,30,core,2025-07-29,2025-06-01,2025-08-28,2025-07-06,2025-08-30,2025-07-29,0,received
379,1,4,53,2025-06-01,750,2025-08-30,Ocean,False,0.3,30,core,2025-07-29,2025-06-01,2025-08-28,2025-07-06,2025-08-30,2025-07-29,0,received
380,1,1,56,2025-06-01,1200,2025-08-30,Ocean,False,0.3,30,core,2025-07-29,2025-06-01,2025-08-28,2025-07-06,2025-08-30,2025-07-29,0,received
381,1,5,58,2025-06-01,2000,2025-08-30,Ocean,False,0.5,-5,launch,2025-07-29,2025-06-01,2025-07-24,2025-07-06,2025-08-30,2025-07-29,0,received
382,1,4,61,2025-06-01,750,2025-08-30,Ocean,False,0.3,30,core,2025-07-29,2025-06-01,2025-08-28,2025-07-06,2025-08-30,2025-07-29,0,received
383,1,3,68,2025-06-01,1000,2025-08-30,Ocean,False,0.3,30,core,2025-07-29,2025-06-01,2025-08-28,2025-07-06,2025-08-30,2025-07-29,0,received
384,1,1,77,2025-06-01,1200,2025-08-30,Ocean,False,0.3,30,core,2025-07-29,2025-06-01,2025-08-28,2025-07-06,2025-08-30,2025-07-29,0,received
385,1,1,83,2025-06-01,1200,2025-08-30,Ocean,False,0.3,30,core,2025-07-29,2025-06-01,2025-08-28,2025-07-06,2025-08-30,2025-07-29,0,received
386,1,1,84,2025-06-01,1200,2025-08-30,Ocean,False,0.3,30,core,2025-07-29,2025-06-01,2025-08-28,2025-07-06,2025-08-30,2025-07-29,0,received
387,1,1,3,2025-07-01,10800,2025-09-29,Ocean,False,0.3,30,core,2025-08-28,2025-07-01,2025-09-27,2025-08-05,2025-09-29,2025-08-28,0,received
388,1,1,5,2025-07-01,7200,2025-09-29,Ocean,False,0.3,30,core,2025-08-28,2025-07-01,2025-09-27,2025-08-05,2025-09-29,2025-08-28,0,received
389,1,3,8,2025-07-01,5000,2025-09-29,Ocean,False,0.3,30,core,2025-08-28,2025-07-01,2025-09-27,2025-08-05,2025-09-29,2025-08-28,0,received
390,1,3,32,2025-07-01,6000,2025-09-29,Ocean,False,0.3,30,core,2025-08-28,2025-07-01,2025-09-27,2025-08-05,2025-09-29,2025-08-28,0,received
391,1,3,2,2025-08-01,12000,2025-10-30,Ocean,False,0.3,30,core,2025-09-28,2025-08-01,2025-10-28,2025-09-05,2025-10-30,2025-09-28,0,received
392,1,4,27,2025-08-01,3750,2025-10-30,Ocean,False,0.3,30,core,2025-09-28,2025-08-01,2025-10-28,2025-09-05,2025-10-30,2025-09-28,0,received
393,1,1,9,2025-09-01,7200,2025-11-30,Ocean,False,0.3,30,core,2025-10-29,2025-09-01,2025-11-28,2025-10-06,2025-11-30,2025-10-29,0,received
394,1,1,16,2025-09-01,3600,2025-11-30,Ocean,False,0.3,30,core,2025-10-29,2025-09-01,2025-11-28,2025-10-06,2025-11-30,2025-10-29,0,received
395,1,3,23,2025-09-01,2000,2025-11-30,Ocean,False,0.3,30,core,2025-10-29,2025-09-01,2025-11-28,2025-10-06,2025-11-30,2025-10-29,0,received
396,1,1,1,2025-10-01,16800,2025-12-30,Ocean,False,0.3,30,core,2025-11-28,2025-10-01,2025-12-28,2025-11-05,2025-12-30,2025-11-28,0,received
397,1,3,4,2025-10-01,10000,2025-12-30,Ocean,False,0.3,30,core,2025-11-28,2025-10-01,2025-12-28,2025-11-05,2025-12-30,2025-11-28,0,received
398,1,1,5,2025-10-01,26400,2025-12-30,Ocean,False,0.3,30,core,2025-11-28,2025-10-01,2025-12-28,2025-11-05,2025-12-30,2025-11-28,0,received
399,1,3,6,2025-10-01,11000,2025-12-30,Ocean,False,0.3,30,core,2025-11-28,2025-10-01,2025-12-28,2025-11-05,2025-12-30,2025-11-28,0,received
400,1,1,7,2025-10-01,19200,2025-12-30,Ocean,False,0.3,30,core,2025-11-28,2025-10-01,2025-12-28,2025-11-05,2025-12-30,2025-11-28,0,received
401,1,3,8,2025-10-01,20000,2025-12-30,Ocean,False,0.3,30,core,2025-11-28,2025-10-01,2025-12-28,2025-11-05,2025-12-30,2025-11-28,0,received
402,1,3,12,2025-10-01,40000,2025-12-30,Ocean,False,0.3,30,core,2025-11-28,2025-10-01,2025-12-28,2025-11-05,2025-12-30,2025-11-28,0,received
403,1,3,14,2025-10-01,4000,2025-12-30,Ocean,False,0.3,30,core,2025-11-28,2025-10-01,2025-12-28,2025-11-05,2025-12-30,2025-11-28,0,received
404,1,4,15,2025-10-01,6750,2025-12-30,Ocean,False,0.3,30,core,2025-11-28,2025-10-01,2025-12-28,2025-11-05,2025-12-30,2025-11-28,0,received
405,1,1,16,2025-10-01,26400,2025-12-30,Ocean,False,0.3,30,core,2025-11-28,2025-10-01,2025-12-28,2025-11-05,2025-12-30,2025-11-28,0,received
406,1,4,18,2025-10-01,9000,2025-12-30,Ocean,False,0.3,30,core,2025-11-28,2025-10-01,2025-12-28,2025-11-05,2025-12-30,2025-11-28,0,received
407,1,1,19,2025-10-01,3600,2025-12-30,Ocean,False,0.3,30,core,2025-11-28,2025-10-01,2025-12-28,2025-11-05,2025-12-30,2025-11-28,0,received
408,1,3,20,2025-10-01,13000,2025-12-30,Ocean,False,0.3,30,core,2025-11-28,2025-10-01,2025-12-28,2025-11-05,2025-12-30,2025-11-28,0,received
409,1,4,21,2025-10-01,15000,2025-12-30,Ocean,False,0.3,30,core,2025-11-28,2025-10-01,2025-12-28,2025-11-05,2025-12-30,2025-11-28,0,received
410,1,1,22,2025-10-01,16800,2025-12-30,Ocean,False,0.3,30,core,2025-11-28,2025-10-01,2025-12-28,2025-11-05,2025-12-30,2025-11-28,0,received
411,1,4,24,2025-10-01,19500,2025-12-30,Ocean,False,0.3,30,core,2025-11-28,2025-10-01,2025-12-28,2025-11-05,2025-12-30,2025-11-28,0,received
412,1,4,27,2025-10-01,8250,2025-12-30,Ocean,False,0.3,30,core,2025-11-28,2025-10-01,2025-12-28,2025-11-05,2025-12-30,2025-11-28,0,received
413,1,3,29,2025-10-01,28000,2025-12-30,Ocean,False,0.3,30,core,2025-11-28,2025-10-01,2025-12-28,2025-11-05,2025-12-30,2025-11-28,0,received
414,1,1,11,2025-11-01,2400,2025-12-31,Ocean,False,0.3,30,core,2025-11-29,2025-11-01,2025-12-29,2025-11-06,2025-12-31,2025-11-29,0,received
415,1,1,31,2025-11-01,1200,2025-12-31,Ocean,False,0.3,30,core,2025-11-29,2025-11-01,2025-12-29,2025-11-06,2025-12-31,2025-11-29,0,received
416,1,1,40,2025-11-01,1200,2025-12-31,Ocean,False,0.3,30,core,2025-11-29,2025-11-01,2025-12-29,2025-11-06,2025-12-31,2025-11-29,0,received
417,1,1,48,2025-11-01,1200,2025-12-31,Ocean,False,0.3,30,core,2025-11-29,2025-11-01,2025-12-29,2025-11-06,2025-12-31,2025-11-29,0,received
418,1,4,49,2025-11-01,750,2025-12-31,Ocean,False,0.3,30,core,2025-11-29,2025-11-01,2025-12-29,2025-11-06,2025-12-31,2025-11-29,0,received
419,1,3,65,2025-11-01,1000,2025-12-31,Ocean,False,0.3,30,core,2025-11-29,2025-11-01,2025-12-29,2025-11-06,2025-12-31,2025-11-29,0,received
420,1,1,78,2025-11-01,1200,2025-12-31,Ocean,False,0.3,30,core,2025-11-29,2025-11-01,2025-12-29,2025-11-06,2025-12-31,2025-11-29,0,received
421,1,4,30,2025-12-01,2250,2025-12-31,Ocean,False,0.3,30,core,2025-11-29,2025-12-01,2025-12-29,2025-11-06,2025-12-31,2025-11-29,0,received
