date,product_key,suppressed_units,demand_units,lost_units,deferred_units
2023-02-04,11,14.517857,19.0,7.258929,7.258929
2023-02-04,12,59.714286,140.0,29.857143,29.857143
2023-02-04,25,7.857143,18.0,3.928571,3.928571
2023-02-04,34,16.517857,18.0,8.258929,8.258929
2023-02-05,11,14.0,14.0,7.0,7.0
2023-02-05,12,5.0,5.0,2.5,2.5
2023-02-05,25,4.0,4.0,2.0,2.0
2023-02-05,34,1.0,1.0,0.5,0.5
2023-02-06,5,4.196429,7.0,2.098214,2.098214
2023-02-06,9,10.196429,31.0,5.098214,5.098214
2023-02-06,11,8.0,8.0,4.0,4.0
2023-02-06,12,10.0,10.0,5.0,5.0
2023-02-06,16,0.428571,2.0,0.214286,0.214286
2023-02-06,20,5.732143,20.0,2.866071,2.866071
2023-02-06,23,6.053571,21.0,3.026786,3.026786
2023-02-06,25,3.0,3.0,1.5,1.5
2023-02-06,26,3.232143,8.0,1.616071,1.616071
2023-02-06,32,1.839286,3.0,0.919643,0.919643
2023-02-06,34,3.0,3.0,1.5,1.5
2023-02-07,1,48.839286,185.0,24.419643,24.419643
2023-02-07,3,47.714286,175.0,23.857143,23.857143
2023-02-07,4,11.428571,122.0,5.714286,5.714286
2023-02-07,5,33.0,33.0,16.5,16.5
2023-02-07,6,69.017857,153.0,34.508929,34.508929
2023-02-07,9,22.0,22.0,11.0,11.0
2023-02-07,10,41.107143,128.0,20.553571,20.553571
2023-02-07,11,3.0,4.0,1.5,1.5
2023-02-07,12,27.0,28.0,13.5,13.5
2023-02-07,15,79.732143,107.0,39.866071,39.866071
2023-02-07,16,11.0,11.0,5.5,5.5
2023-02-07,17,58.732143,162.0,29.366071,29.366071
2023-02-07,19,54.375,202.0,27.1875,27.1875
2023-02-07,20,4.0,4.0,2.0,2.0
2023-02-07,21,24.928571,102.0,12.464286,12.464286
2023-02-07,23,4.0,4.0,2.0,2.0
2023-02-07,25,56.0,56.0,28.0,28.0
2023-02-07,26,9.0,9.0,4.5,4.5
2023-02-07,27,104.821429,168.0,52.410714,52.410714
2023-02-07,29,81.357143,131.0,40.678571,40.678571
2023-02-07,31,1.321429,19.0,0.660714,0.660714
2023-02-07,33,15.75,43.0,7.875,7.875
2023-02-07,34,1.0,1.0,0.5,0.5
2023-02-08,1,26.0,27.0,13.0,13.0
2023-02-08,2,17.5,21.0,8.75,8.75
2023-02-08,3,4.0,4.0,2.0,2.0
2023-02-08,4,13.0,14.0,6.5,6.5
2023-02-08,5,10.0,10.0,5.0,5.0
2023-02-08,6,15.0,17.0,7.5,7.5
2023-02-08,9,4.0,5.0,2.0,2.0
2023-02-08,10,4.0,6.0,2.0,2.0
2023-02-08,11,2.0,2.0,1.0,1.0
2023-02-08,12,4.0,4.0,2.0,2.0
2023-02-08,15,9.0,9.0,4.5,4.5
2023-02-08,16,4.0,4.0,2.0,2.0
2023-02-08,17,1.0,1.0,0.5,0.5
2023-02-08,19,5.0,7.0,2.5,2.5
2023-02-08,20,5.0,5.0,2.5,2.5
2023-02-08,21,3.0,4.0,1.5,1.5
2023-02-08,25,1.0,1.0,0.5,0.5
2023-02-08,26,8.0,8.0,4.0,4.0
2023-02-08,27,11.0,11.0,5.5,5.5
2023-02-08,28,1.410714,5.0,0.705357,0.705357
2023-02-08,29,5.0,5.0,2.5,2.5
2023-02-08,31,1.0,1.0,0.5,0.5
2023-02-08,32,5.0,6.0,2.5,2.5
2023-02-08,33,2.0,4.0,1.0,1.0
2023-02-08,34,1.0,1.0,0.5,0.5
2023-02-09,1,35.0,37.0,17.5,17.5
2023-02-09,2,30.0,30.0,15.0,15.0
2023-02-09,3,32.0,32.0,16.0,16.0
2023-02-09,4,21.0,24.0,10.5,10.5
2023-02-09,5,5.0,5.0,2.5,2.5
2023-02-09,6,18.0,19.0,9.0,9.0
2023-02-09,9,16.0,16.0,8.0,8.0
2023-02-09,10,12.0,12.0,6.0,6.0
2023-02-09,11,4.0,6.0,2.0,2.0
2023-02-09,12,2.0,4.0,1.0,1.0
2023-02-09,13,9.892857,21.0,4.946429,4.946429
2023-02-09,14,2.535714,7.0,1.267857,1.267857
2023-02-09,15,19.0,20.0,9.5,9.5
2023-02-09,17,2.0,2.0,1.0,1.0
2023-02-09,19,5.0,5.0,2.5,2.5
2023-02-09,20,3.0,3.0,1.5,1.5
2023-02-09,21,29.0,29.0,14.5,14.5
2023-02-09,23,1.0,2.0,0.5,0.5
2023-02-09,24,5.017857,7.0,2.508929,2.508929
2023-02-09,26,2.0,2.0,1.0,1.0
2023-02-09,27,13.0,13.0,6.5,6.5
2023-02-09,28,2.0,2.0,1.0,1.0
2023-02-09,29,3.0,3.0,1.5,1.5
2023-02-09,31,2.0,4.0,1.0,1.0
2023-02-09,32,6.0,6.0,3.0,3.0
2023-02-09,33,3.0,3.0,1.5,1.5
2023-02-09,34,3.0,3.0,1.5,1.5
2023-02-09,35,1.410714,5.0,0.705357,0.705357
2023-02-10,1,31.0,32.0,15.5,15.5
2023-02-10,2,18.0,20.0,9.0,9.0
2023-02-10,3,20.0,21.0,10.0,10.0
2023-02-10,4,13.0,15.0,6.5,6.5
2023-02-10,5,18.0,18.0,9.0,9.0
2023-02-10,6,11.0,14.0,5.5,5.5
2023-02-10,7,4.607143,12.0,2.303571,2.303571
2023-02-10,9,9.0,9.0,4.5,4.5
2023-02-10,10,7.0,7.0,3.5,3.5
2023-02-10,11,6.0,6.0,3.0,3.0
2023-02-10,12,5.0,7.0,2.5,2.5
2023-02-10,13,14.0,14.0,7.0,7.0
2023-02-10,14,5.0,6.0,2.5,2.5
2023-02-10,15,10.0,10.0,5.0,5.0
2023-02-10,16,4.0,4.0,2.0,2.0
2023-02-10,17,7.0,7.0,3.5,3.5
2023-02-10,19,1.0,1.0,0.5,0.5
2023-02-10,20,4.0,4.0,2.0,2.0
2023-02-10,21,21.0,21.0,10.5,10.5
2023-02-10,23,2.0,2.0,1.0,1.0
2023-02-10,24,1.0,4.0,0.5,0.5
2023-02-10,25,4.0,4.0,2.0,2.0
2023-02-10,26,3.0,3.0,1.5,1.5
2023-02-10,27,4.0,4.0,2.0,2.0
2023-02-10,28,1.0,1.0,0.5,0.5
2023-02-10,31,3.0,3.0,1.5,1.5
2023-02-10,32,13.0,13.0,6.5,6.5
2023-02-10,33,3.0,3.0,1.5,1.5
2023-02-10,34,2.0,2.0,1.0,1.0
2023-02-11,1,22.0,23.0,11.0,11.0
2023-02-11,2,25.0,27.0,12.5,12.5
2023-02-11,3,12.0,13.0,6.0,6.0
2023-02-11,4,19.0,19.0,9.5,9.5
2023-02-11,5,6.0,6.0,3.0,3.0
2023-02-11,6,14.0,14.0,7.0,7.0
2023-02-11,7,8.0,8.0,4.0,4.0
2023-02-11,9,9.0,9.0,4.5,4.5
2023-02-11,10,9.0,11.0,4.5,4.5
2023-02-11,11,10.0,11.0,5.0,5.0
2023-02-11,12,1.0,2.0,0.5,0.5
2023-02-11,13,3.0,3.0,1.5,1.5
2023-02-11,14,1.0,1.0,0.5,0.5
2023-02-11,15,16.0,16.0,8.0,8.0
2023-02-11,16,4.0,4.0,2.0,2.0
2023-02-11,17,2.0,2.0,1.0,1.0
2023-02-11,19,5.0,6.0,2.5,2.5
2023-02-11,20,2.0,2.0,1.0,1.0
2023-02-11,21,5.0,5.0,2.5,2.5
2023-02-11,23,4.0,4.0,2.0,2.0
2023-02-11,24,4.0,4.0,2.0,2.0
2023-02-11,25,1.0,1.0,0.5,0.5
2023-02-11,26,5.0,5.0,2.5,2.5
2023-02-11,27,3.0,3.0,1.5,1.5
2023-02-11,28,3.0,3.0,1.5,1.5
2023-02-11,29,3.0,4.0,1.5,1.5
2023-02-11,30,8.232143,9.0,4.116071,4.116071
2023-02-11,31,2.0,2.0,1.0,1.0
2023-02-11,32,3.0,3.0,1.5,1.5
2023-02-11,33,5.0,5.0,2.5,2.5
2023-02-11,34,1.0,1.0,0.5,0.5
2023-02-11,35,1.0,2.0,0.5,0.5
2023-02-12,1,34.0,34.0,17.0,17.0
2023-02-12,2,22.0,22.0,11.0,11.0
2023-02-12,3,14.0,15.0,7.0,7.0
2023-02-12,4,18.0,19.0,9.0,9.0
2023-02-12,5,7.0,8.0,3.5,3.5
2023-02-12,6,11.0,13.0,5.5,5.5
2023-02-12,7,7.0,7.0,3.5,3.5
2023-02-12,9,13.0,13.0,6.5,6.5
2023-02-12,10,12.0,13.0,6.0,6.0
2023-02-12,11,7.0,7.0,3.5,3.5
2023-02-12,12,9.0,9.0,4.5,4.5
2023-02-12,13,3.0,4.0,1.5,1.5
2023-02-12,14,7.0,7.0,3.5,3.5
2023-02-12,15,7.0,7.0,3.5,3.5
2023-02-12,16,7.0,7.0,3.5,3.5
2023-02-12,17,5.0,5.0,2.5,2.5
2023-02-12,18,3.017857,8.0,1.508929,1.508929
2023-02-12,19,3.0,3.0,1.5,1.5
2023-02-12,20,1.0,1.0,0.5,0.5
2023-02-12,21,8.0,9.0,4.0,4.0
2023-02-12,22,5.535714,11.0,2.767857,2.767857
2023-02-12,23,6.0,6.0,3.0,3.0
2023-02-12,24,6.0,6.0,3.0,3.0
2023-02-12,25,6.0,6.0,3.0,3.0
2023-02-12,26,2.0,2.0,1.0,1.0
2023-02-12,27,6.0,6.0,3.0,3.0
2023-02-12,28,2.0,2.0,1.0,1.0
2023-02-12,29,2.0,2.0,1.0,1.0
2023-02-12,30,7.0,7.0,3.5,3.5
2023-02-12,31,2.0,2.0,1.0,1.0
2023-02-12,32,3.0,3.0,1.5,1.5
2023-02-12,33,5.0,5.0,2.5,2.5
2023-02-12,35,4.0,4.0,2.0,2.0
2023-02-13,1,39.0,40.0,19.5,19.5
2023-02-13,2,25.0,26.0,12.5,12.5
2023-02-13,3,25.0,26.0,12.5,12.5
2023-02-13,4,34.0,34.0,17.0,17.0
2023-02-13,5,8.0,8.0,4.0,4.0
2023-02-13,6,41.0,41.0,20.5,20.5
2023-02-13,7,9.0,9.0,4.5,4.5
2023-02-13,9,8.0,9.0,4.0,4.0
2023-02-13,10,11.0,11.0,5.5,5.5
2023-02-13,11,9.0,9.0,4.5,4.5
2023-02-13,12,10.0,10.0,5.0,5.0
2023-02-13,13,10.0,10.0,5.0,5.0
2023-02-13,14,2.0,3.0,1.0,1.0
2023-02-13,15,39.0,39.0,19.5,19.5
2023-02-13,16,5.0,5.0,2.5,2.5
2023-02-13,17,6.0,6.0,3.0,3.0
2023-02-13,18,25.0,25.0,12.5,12.5
2023-02-13,19,2.0,3.0,1.0,1.0
2023-02-13,20,16.0,16.0,8.0,8.0
2023-02-13,21,13.0,13.0,6.5,6.5
2023-02-13,22,4.0,4.0,2.0,2.0
2023-02-13,23,4.0,4.0,2.0,2.0
2023-02-13,24,14.0,14.0,7.0,7.0
2023-02-13,25,1.0,1.0,0.5,0.5
2023-02-13,26,5.0,5.0,2.5,2.5
2023-02-13,27,12.0,12.0,6.0,6.0
2023-02-13,28,4.0,4.0,2.0,2.0
2023-02-13,30,34.0,34.0,17.0,17.0
2023-02-13,31,2.0,2.0,1.0,1.0
2023-02-13,32,5.0,5.0,2.5,2.5
2023-02-13,33,2.0,2.0,1.0,1.0
2023-02-13,35,3.0,3.0,1.5,1.5
2023-02-14,1,35.0,37.0,17.5,17.5
2023-02-14,2,26.0,27.0,13.0,13.0
2023-02-14,3,15.0,15.0,7.5,7.5
2023-02-14,4,30.0,31.0,15.0,15.0
2023-02-14,5,11.0,11.0,5.5,5.5
2023-02-14,6,18.0,19.0,9.0,9.0
2023-02-14,7,14.0,14.0,7.0,7.0
2023-02-14,9,4.0,6.0,2.0,2.0
2023-02-14,10,4.0,5.0,2.0,2.0
2023-02-14,11,2.0,5.0,1.0,1.0
2023-02-14,12,6.0,7.0,3.0,3.0
2023-02-14,13,6.0,6.0,3.0,3.0
2023-02-14,14,2.0,2.0,1.0,1.0
2023-02-14,15,10.0,10.0,5.0,5.0
2023-02-14,16,10.0,10.0,5.0,5.0
2023-02-14,17,1.0,1.0,0.5,0.5
2023-02-14,18,11.0,11.0,5.5,5.5
2023-02-14,19,7.0,7.0,3.5,3.5
2023-02-14,20,4.0,4.0,2.0,2.0
2023-02-14,21,10.0,10.0,5.0,5.0
2023-02-14,22,4.0,4.0,2.0,2.0
2023-02-14,23,3.0,3.0,1.5,1.5
2023-02-14,24,7.0,7.0,3.5,3.5
2023-02-14,25,1.0,1.0,0.5,0.5
2023-02-14,26,5.0,5.0,2.5,2.5
2023-02-14,27,6.0,6.0,3.0,3.0
2023-02-14,28,1.0,1.0,0.5,0.5
2023-02-14,29,1.0,2.0,0.5,0.5
2023-02-14,30,7.0,7.0,3.5,3.5
2023-02-14,31,4.0,4.0,2.0,2.0
2023-02-14,32,1.0,1.0,0.5,0.5
2023-02-14,33,5.0,5.0,2.5,2.5
2023-02-14,34,3.0,4.0,1.5,1.5
2023-02-14,35,4.0,4.0,2.0,2.0
2023-02-15,1,21.0,25.0,10.5,10.5
2023-02-15,2,29.0,30.0,14.5,14.5
2023-02-15,3,19.0,19.0,9.5,9.5
2023-02-15,4,15.0,15.0,7.5,7.5
2023-02-15,5,7.0,7.0,3.5,3.5
2023-02-15,6,14.0,14.0,7.0,7.0
2023-02-15,7,8.0,8.0,4.0,4.0
2023-02-15,9,14.0,14.0,7.0,7.0
2023-02-15,10,7.0,9.0,3.5,3.5
2023-02-15,11,13.0,13.0,6.5,6.5
2023-02-15,12,7.0,8.0,3.5,3.5
2023-02-15,13,11.0,11.0,5.5,5.5
2023-02-15,14,2.0,2.0,1.0,1.0
2023-02-15,15,10.0,10.0,5.0,5.0
2023-02-15,16,9.0,9.0,4.5,4.5
2023-02-15,17,1.0,1.0,0.5,0.5
2023-02-15,18,8.0,9.0,4.0,4.0
2023-02-15,19,4.0,6.0,2.0,2.0
2023-02-15,20,3.0,3.0,1.5,1.5
2023-02-15,21,8.0,9.0,4.0,4.0
2023-02-15,22,8.0,8.0,4.0,4.0
2023-02-15,23,1.0,1.0,0.5,0.5
2023-02-15,24,8.0,8.0,4.0,4.0
2023-02-15,26,5.0,6.0,2.5,2.5
2023-02-15,27,10.0,11.0,5.0,5.0
2023-02-15,28,2.0,3.0,1.0,1.0
2023-02-15,29,3.0,3.0,1.5,1.5
2023-02-15,30,9.0,9.0,4.5,4.5
2023-02-15,31,1.0,1.0,0.5,0.5
2023-02-15,35,3.0,3.0,1.5,1.5
2023-02-16,1,28.0,30.0,14.0,14.0
2023-02-16,2,24.0,25.0,12.0,12.0
2023-02-16,3,19.0,19.0,9.5,9.5
2023-02-16,4,15.0,16.0,7.5,7.5
2023-02-16,5,10.0,11.0,5.0,5.0
2023-02-16,6,15.0,16.0,7.5,7.5
2023-02-16,7,11.0,11.0,5.5,5.5
2023-02-16,8,6.660714,9.0,3.330357,3.330357
2023-02-16,9,3.0,3.0,1.5,1.5
2023-02-16,10,4.0,4.0,2.0,2.0
2023-02-16,11,7.0,7.0,3.5,3.5
2023-02-16,12,6.0,8.0,3.0,3.0
2023-02-16,13,12.0,12.0,6.0,6.0
2023-02-16,14,7.0,7.0,3.5,3.5
2023-02-16,15,10.0,10.0,5.0,5.0
2023-02-16,16,2.0,2.0,1.0,1.0
2023-02-16,17,6.0,6.0,3.0,3.0
2023-02-16,18,7.0,7.0,3.5,3.5
2023-02-16,19,1.0,2.0,0.5,0.5
2023-02-16,20,4.0,4.0,2.0,2.0
2023-02-16,21,11.0,12.0,5.5,5.5
2023-02-16,22,5.0,6.0,2.5,2.5
2023-02-16,23,3.0,3.0,1.5,1.5
2023-02-16,24,9.0,9.0,4.5,4.5
2023-02-16,25,10.0,10.0,5.0,5.0
2023-02-16,26,2.0,2.0,1.0,1.0
2023-02-16,27,1.0,3.0,0.5,0.5
2023-02-16,28,2.0,3.0,1.0,1.0
2023-02-16,29,2.0,2.0,1.0,1.0
2023-02-16,30,8.0,8.0,4.0,4.0
2023-02-16,32,4.0,4.0,2.0,2.0
2023-02-16,33,3.0,4.0,1.5,1.5
2023-02-16,34,1.0,1.0,0.5,0.5
2023-02-16,35,2.0,2.0,1.0,1.0
2023-02-17,1,23.0,23.0,11.5,11.5
2023-02-17,2,17.0,18.0,8.5,8.5
2023-02-17,3,24.0,24.0,12.0,12.0
2023-02-17,4,13.0,14.0,6.5,6.5
2023-02-17,6,11.0,12.0,5.5,5.5
2023-02-17,7,14.0,14.0,7.0,7.0
2023-02-17,8,9.0,9.0,4.5,4.5
2023-02-17,9,6.0,6.0,3.0,3.0
2023-02-17,10,5.0,7.0,2.5,2.5
2023-02-17,11,6.0,6.0,3.0,3.0
2023-02-17,12,7.0,9.0,3.5,3.5
2023-02-17,13,3.0,5.0,1.5,1.5
2023-02-17,14,7.0,8.0,3.5,3.5
2023-02-17,15,12.0,12.0,6.0,6.0
2023-02-17,16,4.0,4.0,2.0,2.0
2023-02-17,17,2.0,2.0,1.0,1.0
2023-02-17,18,12.0,12.0,6.0,6.0
2023-02-17,19,2.0,2.0,1.0,1.0
2023-02-17,20,7.0,7.0,3.5,3.5
2023-02-17,21,8.0,8.0,4.0,4.0
2023-02-17,22,3.0,3.0,1.5,1.5
2023-02-17,23,2.0,2.0,1.0,1.0
2023-02-17,24,8.0,8.0,4.0,4.0
2023-02-17,25,4.0,4.0,2.0,2.0
2023-02-17,26,3.0,3.0,1.5,1.5
2023-02-17,27,12.0,13.0,6.0,6.0
2023-02-17,29,1.0,1.0,0.5,0.5
2023-02-17,30,11.0,11.0,5.5,5.5
2023-02-17,31,2.0,2.0,1.0,1.0
2023-02-17,32,7.0,7.0,3.5,3.5
2023-02-17,33,2.0,2.0,1.0,1.0
2023-02-17,34,1.0,1.0,0.5,0.5
2023-02-17,35,1.0,1.0,0.5,0.5
2023-02-18,1,31.0,31.0,15.5,15.5
2023-02-18,2,11.0,15.0,5.5,5.5
2023-02-18,3,16.0,17.0,8.0,8.0
2023-02-18,4,14.0,16.0,7.0,7.0
2023-02-18,5,12.0,12.0,6.0,6.0
2023-02-18,6,11.0,14.0,5.5,5.5
2023-02-18,7,18.0,18.0,9.0,9.0
2023-02-18,8,7.0,7.0,3.5,3.5
2023-02-18,9,5.0,7.0,2.5,2.5
2023-02-18,10,7.0,9.0,3.5,3.5
2023-02-18,11,11.0,11.0,5.5,5.5
2023-02-18,12,7.0,7.0,3.5,3.5
2023-02-18,13,3.0,3.0,1.5,1.5
2023-02-18,14,7.0,7.0,3.5,3.5
2023-02-18,15,11.0,11.0,5.5,5.5
2023-02-18,18,7.0,8.0,3.5,3.5
2023-02-18,19,3.0,3.0,1.5,1.5
2023-02-18,20,4.0,4.0,2.0,2.0
2023-02-18,21,15.0,15.0,7.5,7.5
2023-02-18,22,3.0,3.0,1.5,1.5
2023-02-18,23,1.0,2.0,0.5,0.5
2023-02-18,24,9.0,9.0,4.5,4.5
2023-02-18,25,1.0,1.0,0.5,0.5
2023-02-18,27,4.0,4.0,2.0,2.0
2023-02-18,28,2.0,2.0,1.0,1.0
2023-02-18,30,3.0,5.0,1.5,1.5
2023-02-18,31,5.0,5.0,2.5,2.5
2023-02-18,32,1.0,1.0,0.5,0.5
2023-02-18,33,6.0,6.0,3.0,3.0
2023-02-18,34,1.0,1.0,0.5,0.5
2023-02-18,35,2.0,2.0,1.0,1.0
2023-02-19,1,84.0,84.0,42.0,42.0
2023-02-19,2,42.0,42.0,21.0,21.0
2023-02-19,3,74.0,77.0,37.0,37.0
2023-02-19,4,24.0,25.0,12.0,12.0
2023-02-19,5,24.0,24.0,12.0,12.0
2023-02-19,6,27.0,28.0,13.5,13.5
2023-02-19,7,40.0,40.0,20.0,20.0
2023-02-19,8,18.0,18.0,9.0,9.0
2023-02-19,9,7.0,7.0,3.5,3.5
2023-02-19,10,21.0,21.0,10.5,10.5
2023-02-19,11,29.0,29.0,14.5,14.5
2023-02-19,12,12.0,13.0,6.0,6.0
2023-02-19,13,5.0,5.0,2.5,2.5
2023-02-19,14,21.0,21.0,10.5,10.5
2023-02-19,15,41.0,41.0,20.5,20.5
2023-02-19,16,7.0,7.0,3.5,3.5
2023-02-19,17,3.0,3.0,1.5,1.5
2023-02-19,18,27.0,27.0,13.5,13.5
2023-02-19,19,8.0,8.0,4.0,4.0
2023-02-19,20,5.0,5.0,2.5,2.5
2023-02-19,21,37.0,37.0,18.5,18.5
2023-02-19,22,20.0,20.0,10.0,10.0
2023-02-19,23,9.0,9.0,4.5,4.5
2023-02-19,24,31.0,31.0,15.5,15.5
2023-02-19,25,16.0,16.0,8.0,8.0
2023-02-19,26,3.0,3.0,1.5,1.5
2023-02-19,27,49.0,49.0,24.5,24.5
2023-02-19,28,3.0,3.0,1.5,1.5
2023-02-19,29,4.0,4.0,2.0,2.0
2023-02-19,30,45.0,45.0,22.5,22.5
2023-02-19,31,4.0,4.0,2.0,2.0
2023-02-19,32,2.0,2.0,1.0,1.0
2023-02-19,33,32.0,32.0,16.0,16.0
2023-02-19,34,1.0,1.0,0.5,0.5
2023-02-19,35,2.0,2.0,1.0,1.0
2023-02-20,1,16.0,17.0,8.0,8.0
2023-02-20,2,24.0,24.0,12.0,12.0
2023-02-20,3,24.0,25.0,12.0,12.0
2023-02-20,4,93.0,96.0,46.5,46.5
2023-02-20,5,28.0,28.0,14.0,14.0
2023-02-20,6,21.0,22.0,10.5,10.5
2023-02-20,7,14.0,16.0,7.0,7.0
2023-02-20,8,82.0,83.0,41.0,41.0
2023-02-20,9,3.0,4.0,1.5,1.5
2023-02-20,10,8.0,8.0,4.0,4.0
2023-02-20,11,11.0,11.0,5.5,5.5
2023-02-20,12,7.0,8.0,3.5,3.5
2023-02-20,13,26.0,26.0,13.0,13.0
2023-02-20,14,5.0,5.0,2.5,2.5
2023-02-20,15,8.0,9.0,4.0,4.0
2023-02-20,16,2.0,2.0,1.0,1.0
2023-02-20,18,10.0,10.0,5.0,5.0
2023-02-20,19,5.0,6.0,2.5,2.5
2023-02-20,20,1.0,1.0,0.5,0.5
2023-02-20,21,12.0,13.0,6.0,6.0
2023-02-20,22,5.0,5.0,2.5,2.5
2023-02-20,23,56.0,56.0,28.0,28.0
2023-02-20,24,20.0,20.0,10.0,10.0
2023-02-20,25,4.0,4.0,2.0,2.0
2023-02-20,26,3.0,3.0,1.5,1.5
2023-02-20,27,6.0,6.0,3.0,3.0
2023-02-20,29,4.0,4.0,2.0,2.0
2023-02-20,30,4.0,4.0,2.0,2.0
2023-02-20,32,3.0,3.0,1.5,1.5
2023-02-20,33,4.0,4.0,2.0,2.0
2023-02-20,34,2.0,2.0,1.0,1.0
2023-02-20,35,3.0,3.0,1.5,1.5
2023-02-21,1,28.0,28.0,14.0,14.0
2023-02-21,2,30.0,34.0,15.0,15.0
2023-02-21,3,22.0,24.0,11.0,11.0
2023-02-21,4,26.0,26.0,13.0,13.0
2023-02-21,5,12.0,12.0,6.0,6.0
2023-02-21,6,34.0,34.0,17.0,17.0
2023-02-21,7,11.0,13.0,5.5,5.5
2023-02-21,8,21.0,21.0,10.5,10.5
2023-02-21,9,8.0,8.0,4.0,4.0
2023-02-21,10,10.0,12.0,5.0,5.0
2023-02-21,11,8.0,9.0,4.0,4.0
2023-02-21,12,9.0,10.0,4.5,4.5
2023-02-21,13,15.0,15.0,7.5,7.5
2023-02-21,14,16.0,16.0,8.0,8.0
2023-02-21,15,11.0,11.0,5.5,5.5
2023-02-21,16,10.0,10.0,5.0,5.0
2023-02-21,17,4.0,4.0,2.0,2.0
2023-02-21,18,12.0,12.0,6.0,6.0
2023-02-21,19,2.0,3.0,1.0,1.0
2023-02-21,20,15.0,15.0,7.5,7.5
2023-02-21,21,20.0,20.0,10.0,10.0
2023-02-21,22,3.0,3.0,1.5,1.5
2023-02-21,23,3.0,3.0,1.5,1.5
2023-02-21,24,5.0,6.0,2.5,2.5
2023-02-21,25,2.0,2.0,1.0,1.0
2023-02-21,26,3.0,4.0,1.5,1.5
2023-02-21,27,6.0,6.0,3.0,3.0
2023-02-21,28,3.0,3.0,1.5,1.5
2023-02-21,29,4.0,4.0,2.0,2.0
2023-02-21,30,6.0,7.0,3.0,3.0
2023-02-21,31,7.0,7.0,3.5,3.5
2023-02-21,32,4.0,4.0,2.0,2.0
2023-02-21,33,1.0,1.0,0.5,0.5
2023-02-21,34,3.0,3.0,1.5,1.5
2023-02-22,1,43.0,43.0,21.5,21.5
2023-02-22,2,22.0,23.0,11.0,11.0
2023-02-22,3,27.0,30.0,13.5,13.5
2023-02-22,4,23.0,24.0,11.5,11.5
2023-02-22,5,21.0,21.0,10.5,10.5
2023-02-22,6,8.0,8.0,4.0,4.0
2023-02-22,7,8.0,8.0,4.0,4.0
2023-02-22,8,12.0,13.0,6.0,6.0
2023-02-22,9,19.0,19.0,9.5,9.5
2023-02-22,10,17.0,18.0,8.5,8.5
2023-02-22,11,3.0,3.0,1.5,1.5
2023-02-22,12,3.0,4.0,1.5,1.5
2023-02-22,13,5.0,5.0,2.5,2.5
2023-02-22,14,4.0,4.0,2.0,2.0
2023-02-22,15,6.0,9.0,3.0,3.0
2023-02-22,16,1.0,2.0,0.5,0.5
2023-02-22,17,4.0,4.0,2.0,2.0
2023-02-22,19,8.0,8.0,4.0,4.0
2023-02-22,20,6.0,6.0,3.0,3.0
2023-02-22,21,11.0,13.0,5.5,5.5
2023-02-22,22,3.0,4.0,1.5,1.5
2023-02-22,24,24.0,24.0,12.0,12.0
2023-02-22,25,15.0,15.0,7.5,7.5
2023-02-22,26,3.0,3.0,1.5,1.5
2023-02-22,27,4.0,5.0,2.0,2.0
2023-02-22,28,2.0,2.0,1.0,1.0
2023-02-22,29,5.0,5.0,2.5,2.5
2023-02-22,30,9.0,11.0,4.5,4.5
2023-02-22,33,6.0,6.0,3.0,3.0
2023-02-22,34,2.0,2.0,1.0,1.0
2023-02-22,35,3.0,3.0,1.5,1.5
2023-02-23,1,31.0,33.0,15.5,15.5
2023-02-23,2,24.0,24.0,12.0,12.0
2023-02-23,3,16.0,19.0,8.0,8.0
2023-02-23,4,34.0,36.0,17.0,17.0
2023-02-23,5,18.0,19.0,9.0,9.0
2023-02-23,6,45.0,46.0,22.5,22.5
2023-02-23,7,28.0,28.0,14.0,14.0
2023-02-23,8,24.0,24.0,12.0,12.0
2023-02-23,9,13.0,13.0,6.5,6.5
2023-02-23,10,26.0,27.0,13.0,13.0
2023-02-23,11,16.0,16.0,8.0,8.0
2023-02-23,12,7.0,8.0,3.5,3.5
2023-02-23,13,13.0,13.0,6.5,6.5
2023-02-23,14,21.0,21.0,10.5,10.5
2023-02-23,15,11.0,12.0,5.5,5.5
2023-02-23,16,1.0,1.0,0.5,0.5
2023-02-23,17,25.0,26.0,12.5,12.5
2023-02-23,18,32.0,32.0,16.0,16.0
2023-02-23,19,3.0,3.0,1.5,1.5
2023-02-23,20,5.0,5.0,2.5,2.5
2023-02-23,21,22.0,22.0,11.0,11.0
2023-02-23,22,16.0,16.0,8.0,8.0
2023-02-23,23,6.0,7.0,3.0,3.0
2023-02-23,24,16.0,16.0,8.0,8.0
2023-02-23,26,4.0,4.0,2.0,2.0
2023-02-23,27,14.0,14.0,7.0,7.0
2023-02-23,28,3.0,3.0,1.5,1.5
2023-02-23,29,3.0,3.0,1.5,1.5
2023-02-23,30,27.0,27.0,13.5,13.5
2023-02-23,31,1.0,1.0,0.5,0.5
2023-02-23,32,11.0,11.0,5.5,5.5
2023-02-23,33,10.0,10.0,5.0,5.0
2023-02-23,34,1.0,1.0,0.5,0.5
2023-02-23,35,5.0,5.0,2.5,2.5
2023-02-24,1,33.0,34.0,16.5,16.5
2023-02-24,2,21.0,21.0,10.5,10.5
2023-02-24,3,17.0,17.0,8.5,8.5
2023-02-24,4,12.0,16.0,6.0,6.0
2023-02-24,5,12.0,13.0,6.0,6.0
2023-02-24,6,13.0,13.0,6.5,6.5
2023-02-24,7,8.0,9.0,4.0,4.0
2023-02-24,8,7.0,9.0,3.5,3.5
2023-02-24,9,8.0,8.0,4.0,4.0
2023-02-24,10,7.0,7.0,3.5,3.5
2023-02-24,11,5.0,5.0,2.5,2.5
2023-02-24,12,8.0,9.0,4.0,4.0
2023-02-24,13,6.0,6.0,3.0,3.0
2023-02-24,14,7.0,7.0,3.5,3.5
2023-02-24,15,5.0,6.0,2.5,2.5
2023-02-24,16,1.0,1.0,0.5,0.5
2023-02-24,17,3.0,3.0,1.5,1.5
2023-02-24,18,5.0,6.0,2.5,2.5
2023-02-24,19,2.0,2.0,1.0,1.0
2023-02-24,20,3.0,3.0,1.5,1.5
2023-02-24,21,8.0,8.0,4.0,4.0
2023-02-24,22,5.0,6.0,2.5,2.5
2023-02-24,23,6.0,6.0,3.0,3.0
2023-02-24,24,11.0,11.0,5.5,5.5
2023-02-24,26,2.0,2.0,1.0,1.0
2023-02-24,27,8.0,8.0,4.0,4.0
2023-02-24,28,1.0,1.0,0.5,0.5
2023-02-24,30,3.0,4.0,1.5,1.5
2023-02-24,31,3.0,3.0,1.5,1.5
2023-02-24,32,2.0,2.0,1.0,1.0
2023-02-24,33,1.0,1.0,0.5,0.5
2023-02-24,34,3.0,3.0,1.5,1.5
2023-02-24,35,4.0,4.0,2.0,2.0
2023-02-25,1,19.0,19.0,9.5,9.5
2023-02-25,2,33.0,34.0,16.5,16.5
2023-02-25,3,13.0,17.0,6.5,6.5
2023-02-25,4,13.0,17.0,6.5,6.5
2023-02-25,5,8.0,8.0,4.0,4.0
2023-02-25,6,6.0,8.0,3.0,3.0
2023-02-25,7,16.0,16.0,8.0,8.0
2023-02-25,8,7.0,8.0,3.5,3.5
2023-02-25,9,4.0,4.0,2.0,2.0
2023-02-25,10,18.0,20.0,9.0,9.0
2023-02-25,11,4.0,4.0,2.0,2.0
2023-02-25,12,9.0,9.0,4.5,4.5
2023-02-25,13,6.0,6.0,3.0,3.0
2023-02-25,14,2.0,2.0,1.0,1.0
2023-02-25,15,3.0,3.0,1.5,1.5
2023-02-25,16,1.0,1.0,0.5,0.5
2023-02-25,17,3.0,3.0,1.5,1.5
2023-02-25,18,22.0,22.0,11.0,11.0
2023-02-25,19,2.0,4.0,1.0,1.0
2023-02-25,20,2.0,2.0,1.0,1.0
2023-02-25,21,6.0,6.0,3.0,3.0
2023-02-25,22,1.0,2.0,0.5,0.5
2023-02-25,23,2.0,2.0,1.0,1.0
2023-02-25,24,9.0,9.0,4.5,4.5
2023-02-25,26,5.0,5.0,2.5,2.5
2023-02-25,27,9.0,9.0,4.5,4.5
2023-02-25,28,3.0,3.0,1.5,1.5
2023-02-25,29,2.0,3.0,1.0,1.0
2023-02-25,30,4.0,4.0,2.0,2.0
2023-02-25,31,1.0,1.0,0.5,0.5
2023-02-25,32,2.0,2.0,1.0,1.0
2023-02-25,33,1.0,1.0,0.5,0.5
2023-02-25,34,3.0,3.0,1.5,1.5
2023-02-25,35,1.0,1.0,0.5,0.5
2023-02-26,1,77.0,77.0,38.5,38.5
2023-02-26,2,75.0,78.0,37.5,37.5
2023-02-26,3,106.0,107.0,53.0,53.0
2023-02-26,4,33.0,38.0,16.5,16.5
2023-02-26,5,73.0,74.0,36.5,36.5
2023-02-26,6,55.0,55.0,27.5,27.5
2023-02-26,7,55.0,56.0,27.5,27.5
2023-02-26,8,10.0,11.0,5.0,5.0
2023-02-26,9,79.0,81.0,39.5,39.5
2023-02-26,10,46.0,46.0,23.0,23.0
2023-02-26,11,4.0,4.0,2.0,2.0
2023-02-26,12,65.0,66.0,32.5,32.5
2023-02-26,13,53.0,53.0,26.5,26.5
2023-02-26,15,40.0,40.0,20.0,20.0
2023-02-26,16,2.0,2.0,1.0,1.0
2023-02-26,17,45.0,45.0,22.5,22.5
2023-02-26,18,11.0,11.0,5.5,5.5
2023-02-26,19,5.0,5.0,2.5,2.5
2023-02-26,20,11.0,11.0,5.5,5.5
2023-02-26,21,93.0,93.0,46.5,46.5
2023-02-26,22,2.0,2.0,1.0,1.0
2023-02-26,23,89.0,89.0,44.5,44.5
2023-02-26,24,4.0,4.0,2.0,2.0
2023-02-26,26,2.0,2.0,1.0,1.0
2023-02-26,27,8.0,9.0,4.0,4.0
2023-02-26,29,15.0,15.0,7.5,7.5
2023-02-26,30,81.0,81.0,40.5,40.5
2023-02-26,32,2.0,2.0,1.0,1.0
2023-02-26,33,3.0,3.0,1.5,1.5
2023-02-26,34,1.0,1.0,0.5,0.5
2023-02-26,35,14.0,14.0,7.0,7.0
2023-02-26,40,10.071429,58.0,5.035714,5.035714
2023-02-27,1,23.0,23.0,11.5,11.5
2023-02-27,2,18.0,21.0,9.0,9.0
2023-02-27,3,11.0,11.0,5.5,5.5
2023-02-27,4,20.0,20.0,10.0,10.0
2023-02-27,5,4.0,4.0,2.0,2.0
2023-02-27,6,12.0,12.0,6.0,6.0
2023-02-27,7,8.0,10.0,4.0,4.0
2023-02-27,8,2.0,4.0,1.0,1.0
2023-02-27,9,7.0,7.0,3.5,3.5
2023-02-27,10,2.0,4.0,1.0,1.0
2023-02-27,11,7.0,7.0,3.5,3.5
2023-02-27,12,2.0,2.0,1.0,1.0
2023-02-27,13,3.0,3.0,1.5,1.5
2023-02-27,14,3.0,3.0,1.5,1.5
2023-02-27,15,9.0,9.0,4.5,4.5
2023-02-27,16,5.0,5.0,2.5,2.5
2023-02-27,17,6.0,6.0,3.0,3.0
2023-02-27,18,11.0,11.0,5.5,5.5
2023-02-27,19,2.0,2.0,1.0,1.0
2023-02-27,20,2.0,4.0,1.0,1.0
2023-02-27,21,6.0,7.0,3.0,3.0
2023-02-27,22,2.0,2.0,1.0,1.0
2023-02-27,23,3.0,3.0,1.5,1.5
2023-02-27,24,9.0,9.0,4.5,4.5
2023-02-27,25,6.0,7.0,3.0,3.0
2023-02-27,26,5.0,5.0,2.5,2.5
2023-02-27,27,11.0,11.0,5.5,5.5
2023-02-27,28,2.0,2.0,1.0,1.0
2023-02-27,29,3.0,3.0,1.5,1.5
2023-02-27,30,4.0,4.0,2.0,2.0
2023-02-27,31,5.0,5.0,2.5,2.5
2023-02-27,32,2.0,2.0,1.0,1.0
2023-02-27,33,4.0,4.0,2.0,2.0
2023-02-27,34,1.0,1.0,0.5,0.5
2023-02-27,40,1.0,1.0,0.5,0.5
2023-02-28,1,17.0,17.0,8.5,8.5
2023-02-28,2,36.0,38.0,18.0,18.0
2023-02-28,3,17.0,18.0,8.5,8.5
2023-02-28,4,21.0,22.0,10.5,10.5
2023-02-28,5,17.0,18.0,8.5,8.5
2023-02-28,6,14.0,17.0,7.0,7.0
2023-02-28,7,20.0,20.0,10.0,10.0
2023-02-28,8,19.0,19.0,9.5,9.5
2023-02-28,9,8.0,8.0,4.0,4.0
2023-02-28,10,8.0,10.0,4.0,4.0
2023-02-28,11,6.0,6.0,3.0,3.0
2023-02-28,12,5.0,7.0,2.5,2.5
2023-02-28,13,8.0,8.0,4.0,4.0
2023-02-28,14,9.0,9.0,4.5,4.5
2023-02-28,15,4.0,4.0,2.0,2.0
2023-02-28,16,3.0,3.0,1.5,1.5
2023-02-28,17,5.0,5.0,2.5,2.5
2023-02-28,18,11.0,11.0,5.5,5.5
2023-02-28,19,6.0,6.0,3.0,3.0
2023-02-28,20,4.0,4.0,2.0,2.0
2023-02-28,21,16.0,16.0,8.0,8.0
2023-02-28,22,2.0,2.0,1.0,1.0
2023-02-28,23,4.0,4.0,2.0,2.0
2023-02-28,24,9.0,9.0,4.5,4.5
2023-02-28,25,1.0,1.0,0.5,0.5
2023-02-28,26,4.0,5.0,2.0,2.0
2023-02-28,27,5.0,5.0,2.5,2.5
2023-02-28,28,2.0,2.0,1.0,1.0
2023-02-28,29,6.0,6.0,3.0,3.0
2023-02-28,30,9.0,9.0,4.5,4.5
2023-02-28,31,1.0,1.0,0.5,0.5
2023-02-28,32,1.0,2.0,0.5,0.5
2023-02-28,33,4.0,4.0,2.0,2.0
2023-02-28,35,1.0,1.0,0.5,0.5
2023-02-28,40,2.0,2.0,1.0,1.0
2023-03-01,1,116.0,118.0,58.0,58.0
2023-03-01,2,95.0,97.0,47.5,47.5
2023-03-01,3,52.0,52.0,26.0,26.0
2023-03-01,4,69.0,70.0,34.5,34.5
2023-03-01,5,72.0,73.0,36.0,36.0
2023-03-01,6,54.0,55.0,27.0,27.0
2023-03-01,7,51.0,52.0,25.5,25.5
2023-03-01,8,40.0,43.0,20.0,20.0
2023-03-01,9,42.0,42.0,21.0,21.0
2023-03-01,10,15.0,16.0,7.5,7.5
2023-03-01,11,39.0,39.0,19.5,19.5
2023-03-01,12,41.0,41.0,20.5,20.5
2023-03-01,13,13.0,13.0,6.5,6.5
2023-03-01,14,16.0,16.0,8.0,8.0
2023-03-01,15,73.0,76.0,36.5,36.5
2023-03-01,16,59.0,59.0,29.5,29.5
2023-03-01,17,7.0,7.0,3.5,3.5
2023-03-01,18,62.0,62.0,31.0,31.0
2023-03-01,19,3.0,3.0,1.5,1.5
2023-03-01,20,6.0,7.0,3.0,3.0
2023-03-01,21,74.0,74.0,37.0,37.0
2023-03-01,22,21.0,23.0,10.5,10.5
2023-03-01,23,42.0,42.0,21.0,21.0
2023-03-01,24,38.0,40.0,19.0,19.0
2023-03-01,25,6.0,6.0,3.0,3.0
2023-03-01,26,21.0,21.0,10.5,10.5
2023-03-01,27,16.0,17.0,8.0,8.0
2023-03-01,28,32.0,32.0,16.0,16.0
2023-03-01,29,20.0,20.0,10.0,10.0
2023-03-01,30,6.0,6.0,3.0,3.0
2023-03-01,31,21.0,22.0,10.5,10.5
2023-03-01,32,5.0,5.0,2.5,2.5
2023-03-01,33,16.0,16.0,8.0,8.0
2023-03-01,34,2.0,3.0,1.0,1.0
2023-03-01,35,2.0,2.0,1.0,1.0
2023-03-01,40,1.0,1.0,0.5,0.5
2023-03-01,67,5.035714,37.0,2.517857,2.517857
2023-03-01,70,1.428571,14.0,0.714286,0.714286
2023-03-02,1,46.0,47.0,23.0,23.0
2023-03-02,2,19.0,25.0,9.5,9.5
2023-03-02,3,43.0,43.0,21.5,21.5
2023-03-02,4,45.0,46.0,22.5,22.5
2023-03-02,5,10.0,10.0,5.0,5.0
2023-03-02,6,43.0,43.0,21.5,21.5
2023-03-02,7,37.0,37.0,18.5,18.5
2023-03-02,8,9.0,9.0,4.5,4.5
2023-03-02,9,7.0,7.0,3.5,3.5
2023-03-02,10,10.0,10.0,5.0,5.0
2023-03-02,11,41.0,41.0,20.5,20.5
2023-03-02,12,12.0,13.0,6.0,6.0
2023-03-02,13,17.0,17.0,8.5,8.5
2023-03-02,14,4.0,6.0,2.0,2.0
2023-03-02,15,24.0,27.0,12.0,12.0
2023-03-02,16,23.0,23.0,11.5,11.5
2023-03-02,17,6.0,6.0,3.0,3.0
2023-03-02,18,14.0,15.0,7.0,7.0
2023-03-02,19,1.0,1.0,0.5,0.5
2023-03-02,20,19.0,19.0,9.5,9.5
2023-03-02,21,35.0,36.0,17.5,17.5
2023-03-02,22,18.0,20.0,9.0,9.0
2023-03-02,23,22.0,22.0,11.0,11.0
2023-03-02,24,11.0,12.0,5.5,5.5
2023-03-02,25,2.0,2.0,1.0,1.0
2023-03-02,27,6.0,6.0,3.0,3.0
2023-03-02,28,4.0,4.0,2.0,2.0
2023-03-02,29,7.0,7.0,3.5,3.5
2023-03-02,30,11.0,11.0,5.5,5.5
2023-03-02,31,1.0,1.0,0.5,0.5
2023-03-02,32,1.0,1.0,0.5,0.5
2023-03-02,33,25.0,26.0,12.5,12.5
2023-03-02,34,2.0,2.0,1.0,1.0
2023-03-02,35,2.0,2.0,1.0,1.0
2023-03-02,70,1.0,1.0,0.5,0.5
2023-03-03,1,47.0,50.0,23.5,23.5
2023-03-03,2,48.0,52.0,24.0,24.0
2023-03-03,3,45.0,45.0,22.5,22.5
2023-03-03,4,30.0,30.0,15.0,15.0
2023-03-03,5,23.0,23.0,11.5,11.5
2023-03-03,6,22.0,28.0,11.0,11.0
2023-03-03,7,13.0,13.0,6.5,6.5
2023-03-03,8,11.0,13.0,5.5,5.5
2023-03-03,9,13.0,13.0,6.5,6.5
2023-03-03,10,8.0,11.0,4.0,4.0
2023-03-03,11,24.0,24.0,12.0,12.0
2023-03-03,12,2.0,5.0,1.0,1.0
2023-03-03,13,12.0,13.0,6.0,6.0
2023-03-03,14,5.0,5.0,2.5,2.5
2023-03-03,15,15.0,16.0,7.5,7.5
2023-03-03,16,2.0,2.0,1.0,1.0
2023-03-03,17,6.0,6.0,3.0,3.0
2023-03-03,18,7.0,7.0,3.5,3.5
2023-03-03,19,5.0,5.0,2.5,2.5
2023-03-03,20,7.0,7.0,3.5,3.5
2023-03-03,21,13.0,14.0,6.5,6.5
2023-03-03,22,5.0,5.0,2.5,2.5
2023-03-03,23,5.0,5.0,2.5,2.5
2023-03-03,24,14.0,14.0,7.0,7.0
2023-03-03,25,2.0,2.0,1.0,1.0
2023-03-03,26,1.0,1.0,0.5,0.5
2023-03-03,27,15.0,15.0,7.5,7.5
2023-03-03,28,5.0,5.0,2.5,2.5
2023-03-03,29,7.0,7.0,3.5,3.5
2023-03-03,30,23.0,23.0,11.5,11.5
2023-03-03,32,7.0,7.0,3.5,3.5
2023-03-03,33,5.0,5.0,2.5,2.5
2023-03-03,35,4.0,4.0,2.0,2.0
2023-03-03,40,2.0,2.0,1.0,1.0
2023-03-03,70,1.0,1.0,0.5,0.5
2023-03-04,1,312.0,315.0,156.0,156.0
2023-03-04,2,173.0,176.0,86.5,86.5
2023-03-04,3,106.0,107.0,53.0,53.0
2023-03-04,4,21.0,21.0,10.5,10.5
2023-03-04,5,121.0,122.0,60.5,60.5
2023-03-04,6,29.0,32.0,14.5,14.5
2023-03-04,7,292.0,293.0,146.0,146.0
2023-03-04,8,23.0,23.0,11.5,11.5
2023-03-04,9,141.0,143.0,70.5,70.5
2023-03-04,10,115.0,116.0,57.5,57.5
2023-03-04,11,7.0,7.0,3.5,3.5
2023-03-04,12,64.0,65.0,32.0,32.0
2023-03-04,13,3.0,3.0,1.5,1.5
2023-03-04,14,210.0,210.0,105.0,105.0
2023-03-04,15,15.0,15.0,7.5,7.5
2023-03-04,16,2.0,2.0,1.0,1.0
2023-03-04,17,3.0,3.0,1.5,1.5
2023-03-04,18,6.0,6.0,3.0,3.0
2023-03-04,19,10.0,10.0,5.0,5.0
2023-03-04,20,199.0,199.0,99.5,99.5
2023-03-04,21,87.0,87.0,43.5,43.5
2023-03-04,22,288.0,288.0,144.0,144.0
2023-03-04,23,7.0,7.0,3.5,3.5
2023-03-04,24,190.0,190.0,95.0,95.0
2023-03-04,25,2.0,2.0,1.0,1.0
2023-03-04,27,256.0,256.0,128.0,128.0
2023-03-04,28,49.0,49.0,24.5,24.5
2023-03-04,29,4.0,4.0,2.0,2.0
2023-03-04,30,16.0,16.0,8.0,8.0
2023-03-04,31,2.0,2.0,1.0,1.0
2023-03-04,33,3.0,3.0,1.5,1.5
2023-03-04,35,3.0,3.0,1.5,1.5
2023-03-04,40,283.0,283.0,141.5,141.5
2023-03-04,69,54.0,87.0,27.0,27.0
2023-03-04,70,2.0,2.0,1.0,1.0
2023-03-05,1,41.0,44.0,20.5,20.5
2023-03-05,2,50.0,51.0,25.0,25.0
2023-03-05,3,19.0,21.0,9.5,9.5
2023-03-05,4,41.0,44.0,20.5,20.5
2023-03-05,5,38.0,39.0,19.0,19.0
2023-03-05,6,35.0,35.0,17.5,17.5
2023-03-05,7,36.0,38.0,18.0,18.0
2023-03-05,8,23.0,25.0,11.5,11.5
2023-03-05,9,16.0,16.0,8.0,8.0
2023-03-05,10,27.0,27.0,13.5,13.5
2023-03-05,11,36.0,36.0,18.0,18.0
2023-03-05,12,4.0,6.0,2.0,2.0
2023-03-05,13,15.0,15.0,7.5,7.5
2023-03-05,14,3.0,3.0,1.5,1.5
2023-03-05,15,12.0,12.0,6.0,6.0
2023-03-05,16,5.0,5.0,2.5,2.5
2023-03-05,17,5.0,5.0,2.5,2.5
2023-03-05,18,13.0,13.0,6.5,6.5
2023-03-05,19,35.0,35.0,17.5,17.5
2023-03-05,20,5.0,5.0,2.5,2.5
2023-03-05,21,9.0,9.0,4.5,4.5
2023-03-05,22,1.0,1.0,0.5,0.5
2023-03-05,23,1.0,1.0,0.5,0.5
2023-03-05,24,9.0,9.0,4.5,4.5
2023-03-05,25,2.0,2.0,1.0,1.0
2023-03-05,27,7.0,7.0,3.5,3.5
2023-03-05,28,18.0,18.0,9.0,9.0
2023-03-05,29,2.0,3.0,1.0,1.0
2023-03-05,30,17.0,17.0,8.5,8.5
2023-03-05,32,2.0,3.0,1.0,1.0
2023-03-05,33,39.0,39.0,19.5,19.5
2023-03-05,34,5.0,5.0,2.5,2.5
2023-03-05,35,2.0,2.0,1.0,1.0
2023-03-05,67,20.0,20.0,10.0,10.0
2023-03-06,1,21.0,24.0,10.5,10.5
2023-03-06,2,13.0,17.0,6.5,6.5
2023-03-06,3,10.0,10.0,5.0,5.0
2023-03-06,4,10.0,11.0,5.0,5.0
2023-03-06,5,12.0,12.0,6.0,6.0
2023-03-06,6,6.0,6.0,3.0,3.0
2023-03-06,7,6.0,7.0,3.0,3.0
2023-03-06,8,8.0,8.0,4.0,4.0
2023-03-06,9,7.0,10.0,3.5,3.5
2023-03-06,10,10.0,10.0,5.0,5.0
2023-03-06,11,3.0,3.0,1.5,1.5
2023-03-06,12,6.0,6.0,3.0,3.0
2023-03-06,13,8.0,8.0,4.0,4.0
2023-03-06,14,10.0,10.0,5.0,5.0
2023-03-06,15,8.0,8.0,4.0,4.0
2023-03-06,16,1.0,1.0,0.5,0.5
2023-03-06,17,6.0,6.0,3.0,3.0
2023-03-06,18,5.0,5.0,2.5,2.5
2023-03-06,19,4.0,4.0,2.0,2.0
2023-03-06,21,9.0,11.0,4.5,4.5
2023-03-06,22,2.0,2.0,1.0,1.0
2023-03-06,23,4.0,4.0,2.0,2.0
2023-03-06,24,2.0,4.0,1.0,1.0
2023-03-06,25,1.0,1.0,0.5,0.5
2023-03-06,26,5.0,5.0,2.5,2.5
2023-03-06,27,3.0,4.0,1.5,1.5
2023-03-06,29,2.0,2.0,1.0,1.0
2023-03-06,30,6.0,6.0,3.0,3.0
2023-03-06,31,2.0,2.0,1.0,1.0
2023-03-06,33,5.0,5.0,2.5,2.5
2023-03-06,34,3.0,3.0,1.5,1.5
2023-03-06,40,4.0,4.0,2.0,2.0
2023-03-06,69,3.0,3.0,1.5,1.5
2023-03-07,1,26.0,27.0,13.0,13.0
2023-03-07,2,42.0,43.0,21.0,21.0
2023-03-07,3,18.0,22.0,9.0,9.0
2023-03-07,4,28.0,28.0,14.0,14.0
2023-03-07,5,13.0,13.0,6.5,6.5
2023-03-07,6,44.0,44.0,22.0,22.0
2023-03-07,7,13.0,15.0,6.5,6.5
2023-03-07,8,7.0,7.0,3.5,3.5
2023-03-07,9,6.0,6.0,3.0,3.0
2023-03-07,10,5.0,5.0,2.5,2.5
2023-03-07,11,1.0,2.0,0.5,0.5
2023-03-07,12,13.0,13.0,6.5,6.5
2023-03-07,13,5.0,5.0,2.5,2.5
2023-03-07,14,7.0,7.0,3.5,3.5
2023-03-07,15,22.0,22.0,11.0,11.0
2023-03-07,16,6.0,6.0,3.0,3.0
2023-03-07,17,2.0,2.0,1.0,1.0
2023-03-07,18,8.0,8.0,4.0,4.0
2023-03-07,19,8.0,8.0,4.0,4.0
2023-03-07,20,17.0,17.0,8.5,8.5
2023-03-07,21,13.0,13.0,6.5,6.5
2023-03-07,22,2.0,2.0,1.0,1.0
2023-03-07,23,2.0,2.0,1.0,1.0
2023-03-07,24,11.0,11.0,5.5,5.5
2023-03-07,25,4.0,4.0,2.0,2.0
2023-03-07,26,8.0,8.0,4.0,4.0
2023-03-07,27,8.0,8.0,4.0,4.0
2023-03-07,28,3.0,3.0,1.5,1.5
2023-03-07,29,4.0,4.0,2.0,2.0
2023-03-07,30,16.0,16.0,8.0,8.0
2023-03-07,31,2.0,2.0,1.0,1.0
2023-03-07,32,1.0,1.0,0.5,0.5
2023-03-07,33,3.0,3.0,1.5,1.5
2023-03-07,34,1.0,1.0,0.5,0.5
2023-03-07,35,2.0,3.0,1.0,1.0
2023-03-07,69,1.0,1.0,0.5,0.5
2023-03-08,1,32.0,35.0,16.0,16.0
2023-03-08,2,31.0,32.0,15.5,15.5
2023-03-08,3,23.0,23.0,11.5,11.5
2023-03-08,4,16.0,16.0,8.0,8.0
2023-03-08,5,14.0,14.0,7.0,7.0
2023-03-08,6,6.0,7.0,3.0,3.0
2023-03-08,7,9.0,9.0,4.5,4.5
2023-03-08,8,14.0,15.0,7.0,7.0
2023-03-08,9,9.0,9.0,4.5,4.5
2023-03-08,10,2.0,2.0,1.0,1.0
2023-03-08,11,8.0,8.0,4.0,4.0
2023-03-08,12,3.0,3.0,1.5,1.5
2023-03-08,13,6.0,6.0,3.0,3.0
2023-03-08,14,6.0,8.0,3.0,3.0
2023-03-08,15,14.0,14.0,7.0,7.0
2023-03-08,16,3.0,3.0,1.5,1.5
2023-03-08,17,3.0,3.0,1.5,1.5
2023-03-08,18,11.0,11.0,5.5,5.5
2023-03-08,19,6.0,6.0,3.0,3.0
2023-03-08,20,4.0,4.0,2.0,2.0
2023-03-08,21,3.0,3.0,1.5,1.5
2023-03-08,22,2.0,2.0,1.0,1.0
2023-03-08,23,1.0,2.0,0.5,0.5
2023-03-08,24,14.0,14.0,7.0,7.0
2023-03-08,25,1.0,1.0,0.5,0.5
2023-03-08,26,3.0,4.0,1.5,1.5
2023-03-08,27,7.0,7.0,3.5,3.5
2023-03-08,28,4.0,4.0,2.0,2.0
2023-03-08,29,3.0,3.0,1.5,1.5
2023-03-08,30,8.0,8.0,4.0,4.0
2023-03-08,31,3.0,3.0,1.5,1.5
2023-03-08,32,4.0,4.0,2.0,2.0
2023-03-08,33,7.0,7.0,3.5,3.5
2023-03-08,40,5.0,5.0,2.5,2.5
2023-03-08,69,6.0,6.0,3.0,3.0
2023-03-09,1,69.0,70.0,34.5,34.5
