month,scenario_name,fiscal_year,dtc_revenue,wholesale_revenue,revenue,gross_profit,gross_margin,payment_processing,marketing,payroll,fixed_costs,bad_debt,ebitda,receivables,processor_receivable,inventory,supplier_advances,accounts_payable,working_capital,capex,version_name
2026-01-01,Balanced Base,2026,44357820,34592040,821078.544,34550746,0.437629,13256.468249,104213.8152,258533.333333,100833.333333,1383.6816,-138021.700112,676947.945205,45110.486329,1746455.819909,471543.071375,366755.722181,257330160,4166.666667,Budget
2026-02-01,Balanced Base,2026,40945680,44475480,888380.064,37405377,0.437894,12236.739922,112755.9312,258533.333333,100833.333333,1779.0192,-116567.968727,676947.945205,41640.448919,1838374.547272,496361.127764,386058.654927,266726541,4166.666667,Budget
2026-03-01,Balanced Base,2026,51182100,44475480,994838.832,41920885,0.438239,15295.924903,126268.0056,258533.333333,100833.333333,1779.0192,-86840.798242,676947.945205,52050.561149,1930293.274636,521179.184152,405361.587674,277510938,4166.666667,Budget
2026-04-01,Balanced Base,2026,51182100,39533760,943444.944,39740985,0.438082,15295.924903,119744.9352,258533.333333,100833.333333,1581.3504,-102522.192349,676947.945205,52050.561149,1985444.511054,536070.017985,416943.347321,283356969,4166.666667,Budget
2026-05-01,Balanced Base,2026,47769960,34592040,856564.8,36055915,0.437774,14276.196576,108717.84,258533.333333,100833.333333,1383.6816,-128112.643284,676947.945205,48580.523739,2058979.492945,555924.463095,432385.693518,290804673,4166.666667,Budget
2026-06-01,Balanced Base,2026,54594240,34592040,927537.312,39066254,0.43803,16315.65323,117725.8896,258533.333333,100833.333333,1383.6816,-108294.529627,676947.945205,55520.598559,2114130.729363,570815.296928,443967.453166,297344712,4166.666667,Budget
2026-07-01,Balanced Base,2026,44357820,39533760,872472.432,36730646,0.437835,13256.468249,110736.8856,258533.333333,100833.333333,1581.3504,-122340.306005,676947.945205,45110.486329,2114130.729363,570815.296928,443967.453166,296303700,4166.666667,Budget
2026-08-01,Balanced Base,2026,54594240,49417200,1081718.976,45605954,0.438471,16315.65323,137295.1008,258533.333333,100833.333333,1976.688,-61250.347307,676947.945205,55520.598559,2058979.492945,555924.463095,432385.693518,291498681,4166.666667,Budget
2026-09-01,Balanced Base,2026,54594240,54358920,1133112.864,47785855,0.438591,16315.65323,143818.1712,258533.333333,100833.333333,2174.3568,-45568.9532,676947.945205,55520.598559,1930293.274636,521179.184152,405361.587674,277857941,4166.666667,Budget
2026-10-01,Balanced Base,2026,54594240,49417200,1081718.976,45605954,0.438471,16315.65323,137295.1008,258533.333333,100833.333333,1976.688,-61250.347307,676947.945205,55520.598559,1801607.056327,486433.905208,378337.481829,264217202,4166.666667,Budget
2026-11-01,Balanced Base,2026,102364200,39533760,1475738.784,58912972,0.415178,30591.849806,187305.3072,258533.333333,100833.333333,1581.3504,10695.929259,676947.945205,104101.122297,1617769.6016,436797.792432,339731.616336,249588485,4166.666667,Budget
2026-12-01,Balanced Base,2026,81891360,29650320,1160033.472,47143040,0.42265,24473.479845,147235.0176,258533.333333,100833.333333,1186.0128,-63264.00466,676947.945205,83280.897838,1599385.856127,431834.181154,335871.029787,245557785,4166.666667,Budget
2027-01-01,Balanced Base,2027,48372968,38504235,903522.906,38175663,0.439421,14447.968829,109465.27515,278400.0,105000.0,1540.1694,-132180.650609,753507.534247,49165.048192,1852440.059392,500158.816036,389012.412472,276625905,4166.666667,Budget
2027-02-01,Balanced Base,2027,44651970,49505445,979237.116,41392443,0.439609,13336.586611,118638.3429,278400.0,105000.0,1980.2178,-107567.943155,753507.534247,45383.121408,1949936.904623,526482.964248,409486.749971,286582377,4166.666667,Budget
2027-03-01,Balanced Base,2027,55814963,49505445,1095332.238,46324839,0.439847,16670.733264,132703.71345,278400.0,105000.0,1980.2178,-74366.524571,753507.534247,56728.90176,2047433.749854,552807.112461,429961.087469,298051621,4166.666667,Budget
2027-04-01,Balanced Base,2027,55814963,44004840,1038125.946,43894383,0.439736,16670.733264,125772.95115,278400.0,105000.0,1760.1936,-92206.448062,753507.534247,56728.90176,2105931.856993,568601.601388,442245.689969,304252420,4166.666667,Budget
2027-05-01,Balanced Base,2027,52093965,38504235,942221.28,39819795,0.439521,15559.351046,114153.732,278400.0,105000.0,1540.1694,-121113.511081,753507.534247,52946.974976,2183929.333178,589660.919958,458625.159967,312141960,4166.666667,Budget
2027-06-01,Balanced Base,2027,59535960,38504235,1019618.028,43108059,0.439698,17782.115481,123530.6457,278400.0,105000.0,1540.1694,-98979.232025,753507.534247,60510.828544,2242427.440317,605455.408886,470909.762467,319099145,4166.666667,Budget
2027-07-01,Balanced Base,2027,48372968,44004840,960729.198,40606119,0.439566,14447.968829,116396.03745,278400.0,105000.0,1760.1936,-114340.727118,753507.534247,49165.048192,2242427.440317,605455.408886,470909.762467,317964567,4166.666667,Budget
2027-08-01,Balanced Base,2027,59535960,55006050,1191236.904,50399427,0.440008,17782.115481,144322.9326,278400.0,105000.0,2200.242,-45459.461551,753507.534247,60510.828544,2183929.333178,589660.919958,458625.159967,312898346,4166.666667,Budget
2027-09-01,Balanced Base,2027,59535960,60506655,1248443.196,52829883,0.440093,17782.115481,151253.6949,278400.0,105000.0,2420.2662,-27619.53806,753507.534247,60510.828544,2047433.749854,552807.112461,429961.087469,298429814,4166.666667,Budget
2027-10-01,Balanced Base,2027,59535960,55006050,1191236.904,50399427,0.440008,17782.115481,144322.9326,278400.0,105000.0,2200.242,-45459.461551,753507.534247,60510.828544,1910938.166531,515953.304963,401297.014971,283961282,4166.666667,Budget
2027-11-01,Balanced Base,2027,111629925,44004840,1618601.556,64821128,0.416495,33341.466528,196099.8039,278400.0,105000.0,1760.1936,34954.207514,753507.534247,113457.80352,1715944.476068,463305.008538,360348.339974,268586648,4166.666667,Budget
2027-12-01,Balanced Base,2027,89303940,33003630,1271998.728,51873738,0.424125,26673.173222,154107.5382,278400.0,105000.0,1320.1452,-48634.018941,753507.534247,90766.242816,1696445.107022,458040.178896,356253.472475,264250559,4166.666667,Budget
2028-01-01,Balanced Base,2028,52268043,42463376,985206.760824,41735759,0.440569,15602.578957,113677.703172,299500.0,108333.333333,1698.535054,-126312.747411,814366.121589,53094.0754,1950033.477086,526509.038813,409507.030188,293449568,4166.666667,Budget
2028-02-01,Balanced Base,2028,48247424,54595770,1069569.216144,45324205,0.440712,14402.380576,123411.832632,299500.0,108333.333333,2183.830783,-98372.899875,814366.121589,49009.915754,2052666.817985,554220.040856,431060.031777,303920286,4166.666667,Budget
2028-03-01,Balanced Base,2028,60309280,54595770,1195012.519272,50660069,0.440886,18002.97572,137886.059916,299500.0,108333.333333,2183.830783,-61677.730641,814366.121589,61262.394692,2155300.158884,581931.042899,452613.033366,316024668,4166.666667,Budget
2028-04-01,Balanced Base,2028,60309280,48529573,1131924.074424,47976535,0.440803,18002.97572,130606.623972,299500.0,108333.333333,1941.182918,-81763.515948,814366.121589,61262.394692,2216880.163424,598557.644124,465544.834319,322552149,4166.666667,Budget
2028-05-01,Balanced Base,2028,56288662,42463376,1027021.1952,43514380,0.440643,16802.777339,118502.4456,299500.0,108333.333333,1698.535054,-114081.024333,814366.121589,57178.235046,2298986.836143,620726.445759,482787.23559,330847040,4166.666667,Budget
2028-06-01,Balanced Base,2028,64329899,42463376,1110650.063952,47071622,0.440773,19203.174101,128151.930456,299500.0,108333.333333,1698.535054,-89617.578177,814366.121589,65346.554338,2360566.840683,637353.046984,495719.036543,338191353,4166.666667,Budget
2028-07-01,Balanced Base,2028,52268043,48529573,1048295.205672,44419292,0.440678,15602.578957,120957.139116,299500.0,108333.333333,1941.182918,-106226.962104,814366.121589,53094.0754,2360566.840683,637353.046984,495719.036543,336966105,4166.666667,Budget
2028-08-01,Balanced Base,2028,64329899,60661966,1299915.398496,55122224,0.441006,19203.174101,149990.238288,299500.0,108333.333333,2426.478648,-29360.222255,814366.121589,65346.554338,2298986.836143,620726.445759,482787.23559,331663872,4166.666667,Budget
2028-09-01,Balanced Base,2028,64329899,66728163,1363003.843344,57805758,0.44107,19203.174101,157269.674232,299500.0,108333.333333,2669.126513,-9274.436948,814366.121589,65346.554338,2155300.158884,581931.042899,452613.033366,316433084,4166.666667,Budget
2028-10-01,Balanced Base,2028,64329899,60661966,1299915.398496,55122224,0.441006,19203.174101,149990.238288,299500.0,108333.333333,2426.478648,-29360.222255,814366.121589,65346.554338,2011613.481625,543135.640039,422438.831141,301202297,4166.666667,Budget
2028-11-01,Balanced Base,2028,120618561,48529573,1759140.590064,70596299,0.417364,36005.95144,202977.760392,299500.0,108333.333333,1941.182918,59492.956061,814366.121589,122524.789384,1806346.799827,487713.635953,379332.827964,285161852,4166.666667,Budget
2028-12-01,Balanced Base,2028,96494849,36397180,1382077.094112,56490787,0.425088,28804.761152,159470.433936,299500.0,108333.333333,1455.887189,-33962.812366,814366.121589,98019.831507,1785820.131647,482171.435545,375022.227646,280535529,4166.666667,Budget
2026-01-01,Balanced Base,2026,44357820,34592040,801341.079,34550746,0.437629,13256.468249,104213.8152,258533.333333,100833.333333,1383.6816,-134703.870783,676947.945205,45110.486329,1746455.819909,471543.071375,366755.722181,257330160,4166.666667,Prior Forecast
2026-02-01,Balanced Base,2026,40945680,44475480,867024.774,37405377,0.437894,12236.739922,112755.9312,258533.333333,100833.333333,1779.0192,-113765.854094,676947.945205,41640.448919,1838374.547272,496361.127764,386058.654927,266726541,4166.666667,Prior Forecast
2026-03-01,Balanced Base,2026,51182100,44475480,970924.437,41920885,0.438239,15295.924903,126268.0056,258533.333333,100833.333333,1779.0192,-84753.279054,676947.945205,52050.561149,1930293.274636,521179.184152,405361.587674,277510938,4166.666667,Prior Forecast
2026-04-01,Balanced Base,2026,51182100,39533760,920765.979,39740985,0.438082,15295.924903,119744.9352,258533.333333,100833.333333,1581.3504,-100057.716571,676947.945205,52050.561149,1985444.511054,536070.017985,416943.347321,283356969,4166.666667,Prior Forecast
2026-05-01,Balanced Base,2026,47769960,34592040,835974.3,36055915,0.437774,14276.196576,108717.84,258533.333333,100833.333333,1383.6816,-125033.012436,676947.945205,48580.523739,2058979.492945,555924.463095,432385.693518,290804673,4166.666667,Prior Forecast
2026-06-01,Balanced Base,2026,54594240,34592040,905240.742,39066254,0.43803,16315.65323,117725.8896,258533.333333,100833.333333,1383.6816,-105691.295742,676947.945205,55520.598559,2114130.729363,570815.296928,443967.453166,297344712,4166.666667,Prior Forecast
2026-07-01,Balanced Base,2026,44357820,39533760,851499.537,36730646,0.437835,13256.468249,110736.8856,258533.333333,100833.333333,1581.3504,-119399.433265,676947.945205,45110.486329,2114130.729363,570815.296928,443967.453166,296303700,4166.666667,Prior Forecast
2026-08-01,Balanced Base,2026,54594240,49417200,1055716.116,45605954,0.438471,16315.65323,137295.1008,258533.333333,100833.333333,1976.688,-59777.983189,676947.945205,55520.598559,2058979.492945,555924.463095,432385.693518,291498681,4166.666667,Prior Forecast
2026-09-01,Balanced Base,2026,54594240,54358920,1105874.574,47785855,0.438591,16315.65323,143818.1712,258533.333333,100833.333333,2174.3568,-44473.545672,676947.945205,55520.598559,1930293.274636,521179.184152,405361.587674,277857941,4166.666667,Prior Forecast
2026-10-01,Balanced Base,2026,54594240,49417200,1055716.116,45605954,0.438471,16315.65323,137295.1008,258533.333333,100833.333333,1976.688,-59777.983189,676947.945205,55520.598559,1801607.056327,486433.905208,378337.481829,264217202,4166.666667,Prior Forecast
2026-11-01,Balanced Base,2026,102364200,39533760,1440264.294,58912972,0.415178,30591.849806,187305.3072,258533.333333,100833.333333,1581.3504,10438.815575,676947.945205,104101.122297,1617769.6016,436797.792432,339731.616336,249588485,4166.666667,Prior Forecast
2026-12-01,Balanced Base,2026,81891360,29650320,1132148.052,47143040,0.42265,24473.479845,147235.0176,258533.333333,100833.333333,1186.0128,-61743.235317,676947.945205,83280.897838,1599385.856127,431834.181154,335871.029787,245557785,4166.666667,Prior Forecast
2027-01-01,Balanced Base,2027,48372968,38504235,881803.605375,38175663,0.439421,14447.968829,109465.27515,278400.0,105000.0,1540.1694,-129003.231124,753507.534247,49165.048192,1852440.059392,500158.816036,389012.412472,276625905,4166.666667,Prior Forecast
2027-02-01,Balanced Base,2027,44651970,49505445,955697.76225,41392443,0.439609,13336.586611,118638.3429,278400.0,105000.0,1980.2178,-104982.17529,753507.534247,45383.121408,1949936.904623,526482.964248,409486.749971,286582377,4166.666667,Prior Forecast
2027-03-01,Balanced Base,2027,55814963,49505445,1069002.136125,46324839,0.439847,16670.733264,132703.71345,278400.0,105000.0,1980.2178,-72578.86773,753507.534247,56728.90176,2047433.749854,552807.112461,429961.087469,298051621,4166.666667,Prior Forecast
2027-04-01,Balanced Base,2027,55814963,44004840,1013170.995375,43894383,0.439736,16670.733264,125772.95115,278400.0,105000.0,1760.1936,-89989.946907,753507.534247,56728.90176,2105931.856993,568601.601388,442245.689969,304252420,4166.666667,Prior Forecast
2027-05-01,Balanced Base,2027,52093965,38504235,919571.73,39819795,0.439521,15559.351046,114153.732,278400.0,105000.0,1540.1694,-118202.128603,753507.534247,52946.974976,2183929.333178,589660.919958,458625.159967,312141960,4166.666667,Prior Forecast
2027-06-01,Balanced Base,2027,59535960,38504235,995107.97925,43108059,0.439698,17782.115481,123530.6457,278400.0,105000.0,1540.1694,-96599.923563,753507.534247,60510.828544,2242427.440317,605455.408886,470909.762467,319099145,4166.666667,Prior Forecast
2027-07-01,Balanced Base,2027,48372968,44004840,937634.746125,40606119,0.439566,14447.968829,116396.03745,278400.0,105000.0,1760.1936,-111592.151947,753507.534247,49165.048192,2242427.440317,605455.408886,470909.762467,317964567,4166.666667,Prior Forecast
2027-08-01,Balanced Base,2027,59535960,55006050,1162601.4015,50399427,0.440008,17782.115481,144322.9326,278400.0,105000.0,2200.242,-44366.686033,753507.534247,60510.828544,2183929.333178,589660.919958,458625.159967,312898346,4166.666667,Prior Forecast
2027-09-01,Balanced Base,2027,59535960,60506655,1218432.54225,52829883,0.440093,17782.115481,151253.6949,278400.0,105000.0,2420.2662,-26955.606857,753507.534247,60510.828544,2047433.749854,552807.112461,429961.087469,298429814,4166.666667,Prior Forecast
2027-10-01,Balanced Base,2027,59535960,55006050,1162601.4015,50399427,0.440008,17782.115481,144322.9326,278400.0,105000.0,2200.242,-44366.686033,753507.534247,60510.828544,1910938.166531,515953.304963,401297.014971,283961282,4166.666667,Prior Forecast
2027-11-01,Balanced Base,2027,111629925,44004840,1579692.86475,64821128,0.416495,33341.466528,196099.8039,278400.0,105000.0,1760.1936,34113.962141,753507.534247,113457.80352,1715944.476068,463305.008538,360348.339974,268586648,4166.666667,Prior Forecast
2027-12-01,Balanced Base,2027,89303940,33003630,1241421.8355,51873738,0.424125,26673.173222,154107.5382,278400.0,105000.0,1320.1452,-47464.931947,753507.534247,90766.242816,1696445.107022,458040.178896,356253.472475,264250559,4166.666667,Prior Forecast
2028-01-01,Balanced Base,2028,52268043,42463376,961523.905997,41735759,0.440569,15602.578957,113677.703172,299500.0,108333.333333,1698.535054,-123276.383291,814366.121589,53094.0754,1950033.477086,526509.038813,409507.030188,293449568,4166.666667,Prior Forecast
2028-02-01,Balanced Base,2028,48247424,54595770,1043858.417679,45324205,0.440712,14402.380576,123411.832632,299500.0,108333.333333,2183.830783,-96008.166705,814366.121589,49009.915754,2052666.817985,554220.040856,431060.031777,303920286,4166.666667,Prior Forecast
2028-03-01,Balanced Base,2028,60309280,54595770,1166286.25679,50660069,0.440886,18002.97572,137886.059916,299500.0,108333.333333,2183.830783,-60195.092885,814366.121589,61262.394692,2155300.158884,581931.042899,452613.033366,316024668,4166.666667,Prior Forecast
2028-04-01,Balanced Base,2028,60309280,48529573,1104714.361097,47976535,0.440803,18002.97572,130606.623972,299500.0,108333.333333,1941.182918,-79798.046815,814366.121589,61262.394692,2216880.163424,598557.644124,465544.834319,322552149,4166.666667,Prior Forecast
2028-05-01,Balanced Base,2028,56288662,42463376,1002333.1857,43514380,0.440643,16802.777339,118502.4456,299500.0,108333.333333,1698.535054,-111338.692017,814366.121589,57178.235046,2298986.836143,620726.445759,482787.23559,330847040,4166.666667,Prior Forecast
2028-06-01,Balanced Base,2028,64329899,42463376,1083951.745107,47071622,0.440773,19203.174101,128151.930456,299500.0,108333.333333,1698.535054,-87463.309471,814366.121589,65346.554338,2360566.840683,637353.046984,495719.036543,338191353,4166.666667,Prior Forecast
2028-07-01,Balanced Base,2028,52268043,48529573,1023095.80169,44419292,0.440678,15602.578957,120957.139116,299500.0,108333.333333,1941.182918,-103673.429361,814366.121589,53094.0754,2360566.840683,637353.046984,495719.036543,336966105,4166.666667,Prior Forecast
2028-08-01,Balanced Base,2028,64329899,60661966,1268667.432186,55122224,0.441006,19203.174101,149990.238288,299500.0,108333.333333,2426.478648,-28654.447682,814366.121589,65346.554338,2298986.836143,620726.445759,482787.23559,331663872,4166.666667,Prior Forecast
2028-09-01,Balanced Base,2028,64329899,66728163,1330239.327879,57805758,0.44107,19203.174101,157269.674232,299500.0,108333.333333,2669.126513,-9051.493752,814366.121589,65346.554338,2155300.158884,581931.042899,452613.033366,316433084,4166.666667,Prior Forecast
2028-10-01,Balanced Base,2028,64329899,60661966,1268667.432186,55122224,0.441006,19203.174101,149990.238288,299500.0,108333.333333,2426.478648,-28654.447682,814366.121589,65346.554338,2011613.481625,543135.640039,422438.831141,301202297,4166.666667,Prior Forecast
2028-11-01,Balanced Base,2028,120618561,48529573,1716853.556649,70596299,0.417364,36005.95144,202977.760392,299500.0,108333.333333,1941.182918,58062.836925,814366.121589,122524.789384,1806346.799827,487713.635953,379332.827964,285161852,4166.666667,Prior Forecast
2028-12-01,Balanced Base,2028,96494849,36397180,1348854.087042,56490787,0.425088,28804.761152,159470.433936,299500.0,108333.333333,1455.887189,-33146.398607,814366.121589,98019.831507,1785820.131647,482171.435545,375022.227646,280535529,4166.666667,Prior Forecast
2026-01-01,Balanced Base,2026,44357820,34592040,789498.6,34550746,0.437629,13256.468249,104213.8152,258533.333333,100833.333333,1383.6816,-132713.173185,676947.945205,45110.486329,1746455.819909,471543.071375,366755.722181,257330160,4166.666667,Latest Forecast
2026-02-01,Balanced Base,2026,40945680,44475480,854211.6,37405377,0.437894,12236.739922,112755.9312,258533.333333,100833.333333,1779.0192,-112084.585314,676947.945205,41640.448919,1838374.547272,496361.127764,386058.654927,266726541,4166.666667,Latest Forecast
2026-03-01,Balanced Base,2026,51182100,44475480,956575.8,41920885,0.438239,15295.924903,126268.0056,258533.333333,100833.333333,1779.0192,-83500.767541,676947.945205,52050.561149,1930293.274636,521179.184152,405361.587674,277510938,4166.666667,Latest Forecast
2026-04-01,Balanced Base,2026,51182100,39533760,907158.6,39740985,0.438082,15295.924903,119744.9352,258533.333333,100833.333333,1581.3504,-98579.031105,676947.945205,52050.561149,1985444.511054,536070.017985,416943.347321,283356969,4166.666667,Latest Forecast
2026-05-01,Balanced Base,2026,47769960,34592040,823620.0,36055915,0.437774,14276.196576,108717.84,258533.333333,100833.333333,1383.6816,-123185.233927,676947.945205,48580.523739,2058979.492945,555924.463095,432385.693518,290804673,4166.666667,Latest Forecast
2026-06-01,Balanced Base,2026,54594240,34592040,891862.8,39066254,0.43803,16315.65323,117725.8896,258533.333333,100833.333333,1383.6816,-104129.355411,676947.945205,55520.598559,2114130.729363,570815.296928,443967.453166,297344712,4166.666667,Latest Forecast
2026-07-01,Balanced Base,2026,44357820,39533760,838915.8,36730646,0.437835,13256.468249,110736.8856,258533.333333,100833.333333,1581.3504,-117634.909621,676947.945205,45110.486329,2114130.729363,570815.296928,443967.453166,296303700,4166.666667,Latest Forecast
2026-08-01,Balanced Base,2026,54594240,49417200,1040114.4,45605954,0.438471,16315.65323,137295.1008,258533.333333,100833.333333,1976.688,-58894.564718,676947.945205,55520.598559,2058979.492945,555924.463095,432385.693518,291498681,4166.666667,Latest Forecast
2026-09-01,Balanced Base,2026,54594240,54358920,1089531.6,47785855,0.438591,16315.65323,143818.1712,258533.333333,100833.333333,2174.3568,-43816.301154,676947.945205,55520.598559,1930293.274636,521179.184152,405361.587674,277857941,4166.666667,Latest Forecast
2026-10-01,Balanced Base,2026,54594240,49417200,1040114.4,45605954,0.438471,16315.65323,137295.1008,258533.333333,100833.333333,1976.688,-58894.564718,676947.945205,55520.598559,1801607.056327,486433.905208,378337.481829,264217202,4166.666667,Latest Forecast
2026-11-01,Balanced Base,2026,102364200,39533760,1418979.6,58912972,0.415178,30591.849806,187305.3072,258533.333333,100833.333333,1581.3504,10284.547364,676947.945205,104101.122297,1617769.6016,436797.792432,339731.616336,249588485,4166.666667,Latest Forecast
2026-12-01,Balanced Base,2026,81891360,29650320,1115416.8,47143040,0.42265,24473.479845,147235.0176,258533.333333,100833.333333,1186.0128,-60830.773712,676947.945205,83280.897838,1599385.856127,431834.181154,335871.029787,245557785,4166.666667,Latest Forecast
2027-01-01,Balanced Base,2027,48372968,38504235,868772.025,38175663,0.439421,14447.968829,109465.27515,278400.0,105000.0,1540.1694,-127096.779432,753507.534247,49165.048192,1852440.059392,500158.816036,389012.412472,276625905,4166.666667,Latest Forecast
2027-02-01,Balanced Base,2027,44651970,49505445,941574.15,41392443,0.439609,13336.586611,118638.3429,278400.0,105000.0,1980.2178,-103430.714572,753507.534247,45383.121408,1949936.904623,526482.964248,409486.749971,286582377,4166.666667,Latest Forecast
2027-03-01,Balanced Base,2027,55814963,49505445,1053204.075,46324839,0.439847,16670.733264,132703.71345,278400.0,105000.0,1980.2178,-71506.273626,753507.534247,56728.90176,2047433.749854,552807.112461,429961.087469,298051621,4166.666667,Latest Forecast
2027-04-01,Balanced Base,2027,55814963,44004840,998198.025,43894383,0.439736,16670.733264,125772.95115,278400.0,105000.0,1760.1936,-88660.046213,753507.534247,56728.90176,2105931.856993,568601.601388,442245.689969,304252420,4166.666667,Latest Forecast
2027-05-01,Balanced Base,2027,52093965,38504235,905982.0,39819795,0.439521,15559.351046,114153.732,278400.0,105000.0,1540.1694,-116455.299117,753507.534247,52946.974976,2183929.333178,589660.919958,458625.159967,312141960,4166.666667,Latest Forecast
2027-06-01,Balanced Base,2027,59535960,38504235,980401.95,43108059,0.439698,17782.115481,123530.6457,278400.0,105000.0,1540.1694,-95172.338486,753507.534247,60510.828544,2242427.440317,605455.408886,470909.762467,319099145,4166.666667,Latest Forecast
2027-07-01,Balanced Base,2027,48372968,44004840,923778.075,40606119,0.439566,14447.968829,116396.03745,278400.0,105000.0,1760.1936,-109943.006844,753507.534247,49165.048192,2242427.440317,605455.408886,470909.762467,317964567,4166.666667,Latest Forecast
2027-08-01,Balanced Base,2027,59535960,55006050,1145420.1,50399427,0.440008,17782.115481,144322.9326,278400.0,105000.0,2200.242,-43711.020722,753507.534247,60510.828544,2183929.333178,589660.919958,458625.159967,312898346,4166.666667,Latest Forecast
2027-09-01,Balanced Base,2027,59535960,60506655,1200426.15,52829883,0.440093,17782.115481,151253.6949,278400.0,105000.0,2420.2662,-26557.248135,753507.534247,60510.828544,2047433.749854,552807.112461,429961.087469,298429814,4166.666667,Latest Forecast
2027-10-01,Balanced Base,2027,59535960,55006050,1145420.1,50399427,0.440008,17782.115481,144322.9326,278400.0,105000.0,2200.242,-43711.020722,753507.534247,60510.828544,1910938.166531,515953.304963,401297.014971,283961282,4166.666667,Latest Forecast
2027-11-01,Balanced Base,2027,111629925,44004840,1556347.65,64821128,0.416495,33341.466528,196099.8039,278400.0,105000.0,1760.1936,33609.814917,753507.534247,113457.80352,1715944.476068,463305.008538,360348.339974,268586648,4166.666667,Latest Forecast
2027-12-01,Balanced Base,2027,89303940,33003630,1223075.7,51873738,0.424125,26673.173222,154107.5382,278400.0,105000.0,1320.1452,-46763.479751,753507.534247,90766.242816,1696445.107022,458040.178896,356253.472475,264250559,4166.666667,Latest Forecast
2028-01-01,Balanced Base,2028,52268043,42463376,947314.1931,41735759,0.440569,15602.578957,113677.703172,299500.0,108333.333333,1698.535054,-121454.564818,814366.121589,53094.0754,1950033.477086,526509.038813,409507.030188,293449568,4166.666667,Latest Forecast
2028-02-01,Balanced Base,2028,48247424,54595770,1028431.9386,45324205,0.440712,14402.380576,123411.832632,299500.0,108333.333333,2183.830783,-94589.326803,814366.121589,49009.915754,2052666.817985,554220.040856,431060.031777,303920286,4166.666667,Latest Forecast
2028-03-01,Balanced Base,2028,60309280,54595770,1149050.4993,50660069,0.440886,18002.97572,137886.059916,299500.0,108333.333333,2183.830783,-59305.510231,814366.121589,61262.394692,2155300.158884,581931.042899,452613.033366,316024668,4166.666667,Latest Forecast
2028-04-01,Balanced Base,2028,60309280,48529573,1088388.5331,47976535,0.440803,18002.97572,130606.623972,299500.0,108333.333333,1941.182918,-78618.765335,814366.121589,61262.394692,2216880.163424,598557.644124,465544.834319,322552149,4166.666667,Latest Forecast
2028-05-01,Balanced Base,2028,56288662,42463376,987520.38,43514380,0.440643,16802.777339,118502.4456,299500.0,108333.333333,1698.535054,-109693.292628,814366.121589,57178.235046,2298986.836143,620726.445759,482787.23559,330847040,4166.666667,Latest Forecast
2028-06-01,Balanced Base,2028,64329899,42463376,1067932.7538,47071622,0.440773,19203.174101,128151.930456,299500.0,108333.333333,1698.535054,-86170.748247,814366.121589,65346.554338,2360566.840683,637353.046984,495719.036543,338191353,4166.666667,Latest Forecast
2028-07-01,Balanced Base,2028,52268043,48529573,1007976.1593,44419292,0.440678,15602.578957,120957.139116,299500.0,108333.333333,1941.182918,-102141.309715,814366.121589,53094.0754,2360566.840683,637353.046984,495719.036543,336966105,4166.666667,Latest Forecast
2028-08-01,Balanced Base,2028,64329899,60661966,1249918.6524,55122224,0.441006,19203.174101,149990.238288,299500.0,108333.333333,2426.478648,-28230.982938,814366.121589,65346.554338,2298986.836143,620726.445759,482787.23559,331663872,4166.666667,Latest Forecast
2028-09-01,Balanced Base,2028,64329899,66728163,1310580.6186,57805758,0.44107,19203.174101,157269.674232,299500.0,108333.333333,2669.126513,-8917.727835,814366.121589,65346.554338,2155300.158884,581931.042899,452613.033366,316433084,4166.666667,Latest Forecast
2028-10-01,Balanced Base,2028,64329899,60661966,1249918.6524,55122224,0.441006,19203.174101,149990.238288,299500.0,108333.333333,2426.478648,-28230.982938,814366.121589,65346.554338,2011613.481625,543135.640039,422438.831141,301202297,4166.666667,Latest Forecast
2028-11-01,Balanced Base,2028,120618561,48529573,1691481.3366,70596299,0.417364,36005.95144,202977.760392,299500.0,108333.333333,1941.182918,57204.765443,814366.121589,122524.789384,1806346.799827,487713.635953,379332.827964,285161852,4166.666667,Latest Forecast
2028-12-01,Balanced Base,2028,96494849,36397180,1328920.2828,56490787,0.425088,28804.761152,159470.433936,299500.0,108333.333333,1455.887189,-32656.550352,814366.121589,98019.831507,1785820.131647,482171.435545,375022.227646,280535529,4166.666667,Latest Forecast
2026-01-01,Wholesale Acceleration,2026,42724890,40802580,847803.8205,35751075,0.428016,12768.462195,98562.4146,267766.666667,104166.666667,1632.1032,-129296.348203,846394.027397,43449.848668,2013836.886206,543735.959276,422905.746103,302451098,4166.666667,Prior Forecast
2026-02-01,Wholesale Acceleration,2026,39438360,52460460,932773.023,39369554,0.428401,11786.272796,108440.6076,267766.666667,104166.666667,2098.4184,-102071.539711,846394.027397,40107.552617,2119828.30127,572353.641343,445163.943267,313351958,4166.666667,Prior Forecast
2026-03-01,Wholesale Acceleration,2026,49297950,52460460,1032847.8615,43631318,0.428774,14732.840995,120074.9238,267766.666667,104166.666667,2098.4184,-73614.230932,846394.027397,50134.440771,2225819.716333,600971.32341,467422.14043,325589737,4166.666667,Prior Forecast
2026-04-01,Wholesale Acceleration,2026,49297950,46631520,973684.1205,41111785,0.428563,14732.840995,113196.7746,267766.666667,104166.666667,1865.2608,-91969.519975,846394.027397,50134.440771,2289414.565371,618141.93265,480777.058728,332330791,4166.666667,Prior Forecast
2026-05-01,Wholesale Acceleration,2026,46011420,40802580,881162.1,37171663,0.428176,13750.651595,102440.52,267766.666667,104166.666667,1632.1032,-119810.578611,846394.027397,46792.144719,2374207.697422,641036.078304,498583.616459,340984633,4166.666667,Prior Forecast
2026-06-01,Wholesale Acceleration,2026,52584480,40802580,947878.659,40012839,0.428462,15715.030394,110196.7308,267766.666667,104166.666667,1632.1032,-100839.039425,846394.027397,53476.736822,2437802.54646,658206.687544,511938.534757,348394146,4166.666667,Prior Forecast
2026-07-01,Wholesale Acceleration,2026,42724890,46631520,906967.5615,38270608,0.428292,12768.462195,105440.5638,267766.666667,104166.666667,1865.2608,-110941.059161,846394.027397,43449.848668,2437802.54646,658206.687544,511938.534757,347391458,4166.666667,Prior Forecast
2026-08-01,Wholesale Acceleration,2026,52584480,58289400,1125369.882,47571440,0.429059,15715.030394,130831.1784,267766.666667,104166.666667,2331.576,-45773.172297,846394.027397,53476.736822,2374207.697422,641036.078304,498583.616459,341653092,4166.666667,Prior Forecast
2026-09-01,Wholesale Acceleration,2026,52584480,64118340,1184533.623,50090973,0.429218,15715.030394,137709.3276,267766.666667,104166.666667,2564.7336,-27417.883254,846394.027397,53476.736822,2225819.716333,600971.32341,467422.14043,325923966,4166.666667,Prior Forecast
2026-10-01,Wholesale Acceleration,2026,52584480,58289400,1125369.882,47571440,0.429059,15715.030394,130831.1784,267766.666667,104166.666667,2331.576,-45773.172297,846394.027397,53476.736822,2077431.735244,560906.568516,436260.664401,310194840,4166.666667,Prior Forecast
2026-11-01,Wholesale Acceleration,2026,98595900,46631520,1474058.313,58935147,0.405813,29465.681989,171368.3556,267766.666667,104166.666667,1865.2608,14939.624407,846394.027397,100268.881542,1865448.905117,503671.204382,391744.270075,292403875,4166.666667,Prior Forecast
2026-12-01,Wholesale Acceleration,2026,78876720,34973640,1155581.154,47036404,0.413142,23572.545591,134343.4248,267766.666667,104166.666667,1398.9456,-61797.470188,846394.027397,80215.105233,1844250.622105,497947.667968,387292.630642,288151479,4166.666667,Prior Forecast
2027-01-01,Wholesale Acceleration,2027,45352874,51862684,986737.90761,40932826,0.421052,13545.931557,104992.801992,307200.0,111666.666667,2074.507344,-132103.920577,1136716.352877,46095.502121,2320995.364878,626668.748517,487409.026624,364306694,4166.666667,Prior Forecast
2027-02-01,Wholesale Acceleration,2027,41864191,66680593,1101729.56166,45748103,0.421468,12503.936822,117228.367152,307200.0,111666.666667,2667.223728,-95191.944764,1136716.352877,42549.694266,2443153.015661,659651.314228,513062.133289,376900824,4166.666667,Prior Forecast
2027-03-01,Wholesale Acceleration,2027,52330239,66680593,1207959.94683,50196501,0.421781,15629.921027,128531.698776,307200.0,111666.666667,2667.223728,-64686.457267,1136716.352877,53187.117832,2565310.666444,692633.87994,538715.239953,390913278,4166.666667,Prior Forecast
2027-04-01,Wholesale Acceleration,2027,52330239,59271638,1132759.05561,47047463,0.421565,15629.921027,120530.027592,307200.0,111666.666667,2370.865536,-88226.69309,1136716.352877,53187.117832,2638605.256914,712423.419367,554107.103952,398682504,4166.666667,Prior Forecast
2027-05-01,Wholesale Acceleration,2027,48841556,51862684,1022148.036,42415626,0.42119,14587.926292,108760.5792,307200.0,111666.666667,2074.507344,-121935.424745,1136716.352877,49641.309977,2736331.37754,738809.471936,574629.589283,408686892,4166.666667,Prior Forecast
2027-06-01,Wholesale Acceleration,2027,55818922,51862684,1092968.29278,45381224,0.421439,16671.915762,116296.133616,307200.0,111666.666667,2074.507344,-101598.43308,1136716.352877,56732.925688,2809625.96801,758599.011363,590021.453282,417165280,4166.666667,Prior Forecast
2027-07-01,Wholesale Acceleration,2027,45352874,59271638,1061938.79883,44081864,0.421334,13545.931557,112994.473176,307200.0,111666.666667,2370.865536,-108563.684754,1136716.352877,46095.502121,2809625.96801,758599.011363,590021.453282,416101538,4166.666667,Prior Forecast
2027-08-01,Wholesale Acceleration,2027,55818922,74089548,1318570.96644,54828338,0.422054,16671.915762,140301.147168,307200.0,111666.666667,2963.58192,-30977.725611,1136716.352877,56732.925688,2736331.37754,738809.471936,574629.589283,409396054,4166.666667,Prior Forecast
2027-09-01,Wholesale Acceleration,2027,55818922,81498503,1393771.85766,57977376,0.422214,16671.915762,148302.818352,307200.0,111666.666667,3259.940112,-7437.489788,1136716.352877,56732.925688,2565310.666444,692633.87994,538715.239953,391267858,4166.666667,Prior Forecast
2027-10-01,Wholesale Acceleration,2027,55818922,74089548,1318570.96644,54828338,0.422054,16671.915762,140301.147168,307200.0,111666.666667,2963.58192,-30977.725611,1136716.352877,56732.925688,2394289.955348,646458.287944,502800.890623,373139663,4166.666667,Prior Forecast
2027-11-01,Wholesale Acceleration,2027,104660478,59271638,1663910.98146,65355084,0.398672,31259.842054,177046.685712,307200.0,111666.666667,2370.865536,24366.88084,1136716.352877,106374.235665,2149974.653782,580493.156521,451494.677294,352206372,4166.666667,Prior Forecast
2027-12-01,Wholesale Acceleration,2027,83728382,44453729,1301048.42868,52043668,0.406014,25007.873643,138436.680096,307200.0,111666.666667,1778.149152,-64607.477104,1136716.352877,85099.388532,2125543.123625,573896.643379,446364.055961,347489145,4166.666667,Prior Forecast
2028-01-01,Wholesale Acceleration,2028,47971184,63141558,1127794.336578,46124937,0.415118,14319.919862,113334.99737,339433.333333,119166.666667,2525.662339,-129444.175745,1433350.446904,48729.309875,2624766.171321,708686.866257,551200.895977,426433190,4166.666667,Prior Forecast
2028-02-01,Wholesale Acceleration,2028,44281093,81182004,1273450.431708,52135557,0.415545,13218.387565,127972.358654,339433.333333,119166.666667,3247.28015,-82907.688679,1433350.446904,44980.901423,2762911.759285,745986.175007,580211.46945,440701781,4166.666667,Prior Forecast
2028-03-01,Wholesale Acceleration,2028,55351366,81182004,1385813.705094,56772322,0.415813,16522.984456,139264.037359,339433.333333,119166.666667,3247.28015,-50659.751829,1433350.446904,56226.126779,2901057.347249,783285.483757,609222.042922,456469736,4166.666667,Prior Forecast
2028-04-01,Wholesale Acceleration,2028,55351366,72161781,1294258.445298,52994217,0.415598,16522.984456,130063.410266,339433.333333,119166.666667,2886.471245,-79302.651504,1433350.446904,56226.126779,2983944.700028,805665.069007,626628.387006,465255796,4166.666667,Prior Forecast
2028-05-01,Wholesale Acceleration,2028,51661275,63141558,1165248.76104,47670525,0.415238,15421.452159,117098.890272,339433.333333,119166.666667,2525.662339,-118694.863462,1433350.446904,52477.718327,3094461.170399,835504.516008,649836.845784,476595701,4166.666667,Prior Forecast
2028-06-01,Wholesale Acceleration,2028,59041457,63141558,1240157.609964,50761701,0.415456,17624.516753,124626.676075,339433.333333,119166.666667,2525.662339,-97196.238895,1433350.446904,59974.53523,3177348.523178,857884.101258,667243.189867,486131442,4166.666667,Prior Forecast
2028-07-01,Wholesale Acceleration,2028,47971184,72161781,1219349.596374,49903041,0.415398,14319.919862,122535.624463,339433.333333,119166.666667,2886.471245,-100801.27607,1433350.446904,48729.309875,3177348.523178,857884.101258,667243.189867,485006919,4166.666667,Prior Forecast
2028-08-01,Wholesale Acceleration,2028,59041457,90202226,1514823.389352,62096014,0.416071,17624.516753,152228.557354,339433.333333,119166.666667,3608.089056,-11267.53987,1433350.446904,59974.53523,3094461.170399,835504.516008,649836.845784,477345382,4166.666667,Prior Forecast
2028-09-01,Wholesale Acceleration,2028,59041457,99222449,1606378.649148,65874118,0.41623,17624.516753,161429.184446,339433.333333,119166.666667,3968.897962,17375.359805,1433350.446904,59974.53523,2901057.347249,783285.483757,609222.042922,456844577,4166.666667,Prior Forecast
2028-10-01,Wholesale Acceleration,2028,59041457,90202226,1514823.389352,62096014,0.416071,17624.516753,152228.557354,339433.333333,119166.666667,3608.089056,-11267.53987,1433350.446904,59974.53523,2707653.524099,731066.451507,568607.240061,436343772,4166.666667,Prior Forecast
2028-11-01,Wholesale Acceleration,2028,110702732,72161781,1856074.812228,71789290,0.392582,33045.968912,186521.80379,339433.333333,119166.666667,2886.471245,37391.237253,1433350.446904,112452.253557,2431362.348171,656467.834006,510586.093116,412304679,4166.666667,Prior Forecast
2028-12-01,Wholesale Acceleration,2028,88562186,54121336,1448237.745864,57065365,0.399944,26436.77513,145537.192195,339433.333333,119166.666667,2164.853434,-63016.444237,1433350.446904,89961.802846,2403733.230578,649007.972256,504783.978421,407126947,4166.666667,Prior Forecast
2026-01-01,Wholesale Acceleration,2026,42724890,40802580,835274.7,35751075,0.428016,12768.462195,98562.4146,267766.666667,104166.666667,1632.1032,-127385.564732,846394.027397,43449.848668,2013836.886206,543735.959276,422905.746103,302451098,4166.666667,Latest Forecast
2026-02-01,Wholesale Acceleration,2026,39438360,52460460,918988.2,39369554,0.428401,11786.272796,108440.6076,267766.666667,104166.666667,2098.4184,-100563.093311,846394.027397,40107.552617,2119828.30127,572353.641343,445163.943267,313351958,4166.666667,Latest Forecast
2026-03-01,Wholesale Acceleration,2026,49297950,52460460,1017584.1,43631318,0.428774,14732.840995,120074.9238,267766.666667,104166.666667,2098.4184,-72526.335894,846394.027397,50134.440771,2225819.716333,600971.32341,467422.14043,325589737,4166.666667,Latest Forecast
2026-04-01,Wholesale Acceleration,2026,49297950,46631520,959294.7,41111785,0.428563,14732.840995,113196.7746,267766.666667,104166.666667,1865.2608,-90610.364507,846394.027397,50134.440771,2289414.565371,618141.93265,480777.058728,332330791,4166.666667,Latest Forecast
2026-05-01,Wholesale Acceleration,2026,46011420,40802580,868140.0,37171663,0.428176,13750.651595,102440.52,267766.666667,104166.666667,1632.1032,-118039.978927,846394.027397,46792.144719,2374207.697422,641036.078304,498583.616459,340984633,4166.666667,Latest Forecast
2026-06-01,Wholesale Acceleration,2026,52584480,40802580,933870.6,40012839,0.428462,15715.030394,110196.7308,267766.666667,104166.666667,1632.1032,-99348.807315,846394.027397,53476.736822,2437802.54646,658206.687544,511938.534757,348394146,4166.666667,Latest Forecast
2026-07-01,Wholesale Acceleration,2026,42724890,46631520,893564.1,38270608,0.428292,12768.462195,105440.5638,267766.666667,104166.666667,1865.2608,-109301.536119,846394.027397,43449.848668,2437802.54646,658206.687544,511938.534757,347391458,4166.666667,Latest Forecast
2026-08-01,Wholesale Acceleration,2026,52584480,58289400,1108738.8,47571440,0.429059,15715.030394,130831.1784,267766.666667,104166.666667,2331.576,-45096.721475,846394.027397,53476.736822,2374207.697422,641036.078304,498583.616459,341653092,4166.666667,Latest Forecast
2026-09-01,Wholesale Acceleration,2026,52584480,64118340,1167028.2,50090973,0.429218,15715.030394,137709.3276,267766.666667,104166.666667,2564.7336,-27012.692861,846394.027397,53476.736822,2225819.716333,600971.32341,467422.14043,325923966,4166.666667,Latest Forecast
2026-10-01,Wholesale Acceleration,2026,52584480,58289400,1108738.8,47571440,0.429059,15715.030394,130831.1784,267766.666667,104166.666667,2331.576,-45096.721475,846394.027397,53476.736822,2077431.735244,560906.568516,436260.664401,310194840,4166.666667,Latest Forecast
2026-11-01,Wholesale Acceleration,2026,98595900,46631520,1452274.2,58935147,0.405813,29465.681989,171368.3556,267766.666667,104166.666667,1865.2608,14718.84178,846394.027397,100268.881542,1865448.905117,503671.204382,391744.270075,292403875,4166.666667,Latest Forecast
2026-12-01,Wholesale Acceleration,2026,78876720,34973640,1138503.6,47036404,0.413142,23572.545591,134343.4248,267766.666667,104166.666667,1398.9456,-60884.207082,846394.027397,80215.105233,1844250.622105,497947.667968,387292.630642,288151479,4166.666667,Latest Forecast
2027-01-01,Wholesale Acceleration,2027,45352874,51862684,972155.574,40932826,0.421052,13545.931557,104992.801992,307200.0,111666.666667,2074.507344,-130151.645889,1136716.352877,46095.502121,2320995.364878,626668.748517,487409.026624,364306694,4166.666667,Latest Forecast
2027-02-01,Wholesale Acceleration,2027,41864191,66680593,1085447.844,45748103,0.421468,12503.936822,117228.367152,307200.0,111666.666667,2667.223728,-93785.167255,1136716.352877,42549.694266,2443153.015661,659651.314228,513062.133289,376900824,4166.666667,Latest Forecast
2027-03-01,Wholesale Acceleration,2027,52330239,66680593,1190108.322,50196501,0.421781,15629.921027,128531.698776,307200.0,111666.666667,2667.223728,-63730.49977,1136716.352877,53187.117832,2565310.666444,692633.87994,538715.239953,390913278,4166.666667,Latest Forecast
2027-04-01,Wholesale Acceleration,2027,52330239,59271638,1116018.774,47047463,0.421565,15629.921027,120530.027592,307200.0,111666.666667,2370.865536,-86922.850335,1136716.352877,53187.117832,2638605.256914,712423.419367,554107.103952,398682504,4166.666667,Latest Forecast
2027-05-01,Wholesale Acceleration,2027,48841556,51862684,1007042.4,42415626,0.42119,14587.926292,108760.5792,307200.0,111666.666667,2074.507344,-120133.423394,1136716.352877,49641.309977,2736331.37754,738809.471936,574629.589283,408686892,4166.666667,Latest Forecast
2027-06-01,Wholesale Acceleration,2027,55818922,51862684,1076816.052,45381224,0.421439,16671.915762,116296.133616,307200.0,111666.666667,2074.507344,-100096.978404,1136716.352877,56732.925688,2809625.96801,758599.011363,590021.453282,417165280,4166.666667,Latest Forecast
2027-07-01,Wholesale Acceleration,2027,45352874,59271638,1046245.122,44081864,0.421334,13545.931557,112994.473176,307200.0,111666.666667,2370.865536,-106959.295325,1136716.352877,46095.502121,2809625.96801,758599.011363,590021.453282,416101538,4166.666667,Latest Forecast
2027-08-01,Wholesale Acceleration,2027,55818922,74089548,1299084.696,54828338,0.422054,16671.915762,140301.147168,307200.0,111666.666667,2963.58192,-30519.926711,1136716.352877,56732.925688,2736331.37754,738809.471936,574629.589283,409396054,4166.666667,Latest Forecast
2027-09-01,Wholesale Acceleration,2027,55818922,81498503,1373174.244,57977376,0.422214,16671.915762,148302.818352,307200.0,111666.666667,3259.940112,-7327.576146,1136716.352877,56732.925688,2565310.666444,692633.87994,538715.239953,391267858,4166.666667,Latest Forecast
2027-10-01,Wholesale Acceleration,2027,55818922,74089548,1299084.696,54828338,0.422054,16671.915762,140301.147168,307200.0,111666.666667,2963.58192,-30519.926711,1136716.352877,56732.925688,2394289.955348,646458.287944,502800.890623,373139663,4166.666667,Latest Forecast
2027-11-01,Wholesale Acceleration,2027,104660478,59271638,1639321.164,65355084,0.398672,31259.842054,177046.685712,307200.0,111666.666667,2370.865536,24006.779153,1136716.352877,106374.235665,2149974.653782,580493.156521,451494.677294,352206372,4166.666667,Latest Forecast
2027-12-01,Wholesale Acceleration,2027,83728382,44453729,1281821.112,52043668,0.406014,25007.873643,138436.680096,307200.0,111666.666667,1778.149152,-63652.686802,1136716.352877,85099.388532,2125543.123625,573896.643379,446364.055961,347489145,4166.666667,Latest Forecast
2028-01-01,Wholesale Acceleration,2028,47971184,63141558,1111127.4252,46124937,0.415118,14319.919862,113334.99737,339433.333333,119166.666667,2525.662339,-127531.207631,1433350.446904,48729.309875,2624766.171321,708686.866257,551200.895977,426433190,4166.666667,Latest Forecast
2028-02-01,Wholesale Acceleration,2028,44281093,81182004,1254630.9672,52135557,0.415545,13218.387565,127972.358654,339433.333333,119166.666667,3247.28015,-81682.4519,1433350.446904,44980.901423,2762911.759285,745986.175007,580211.46945,440701781,4166.666667,Latest Forecast
2028-03-01,Wholesale Acceleration,2028,55351366,81182004,1365333.6996,56772322,0.415813,16522.984456,139264.037359,339433.333333,119166.666667,3247.28015,-49911.085545,1433350.446904,56226.126779,2901057.347249,783285.483757,609222.042922,456469736,4166.666667,Latest Forecast
2028-04-01,Wholesale Acceleration,2028,55351366,72161781,1275131.4732,52994217,0.415598,16522.984456,130063.410266,339433.333333,119166.666667,2886.471245,-78130.691136,1433350.446904,56226.126779,2983944.700028,805665.069007,626628.387006,465255796,4166.666667,Latest Forecast
2028-05-01,Wholesale Acceleration,2028,51661275,63141558,1148028.336,47670525,0.415238,15421.452159,117098.890272,339433.333333,119166.666667,2525.662339,-116940.752179,1433350.446904,52477.718327,3094461.170399,835504.516008,649836.845784,476595701,4166.666667,Latest Forecast
2028-06-01,Wholesale Acceleration,2028,59041457,63141558,1221830.1576,50761701,0.415456,17624.516753,124626.676075,339433.333333,119166.666667,2525.662339,-95759.841276,1433350.446904,59974.53523,3177348.523178,857884.101258,667243.189867,486131442,4166.666667,Latest Forecast
2028-07-01,Wholesale Acceleration,2028,47971184,72161781,1201329.6516,49903041,0.415398,14319.919862,122535.624463,339433.333333,119166.666667,2886.471245,-99311.60204,1433350.446904,48729.309875,3177348.523178,857884.101258,667243.189867,485006919,4166.666667,Latest Forecast
2028-08-01,Wholesale Acceleration,2028,59041457,90202226,1492436.8368,62096014,0.416071,17624.516753,152228.557354,339433.333333,119166.666667,3608.089056,-11101.024503,1433350.446904,59974.53523,3094461.170399,835504.516008,649836.845784,477345382,4166.666667,Latest Forecast
2028-09-01,Wholesale Acceleration,2028,59041457,99222449,1582639.0632,65874118,0.41623,17624.516753,161429.184446,339433.333333,119166.666667,3968.897962,17118.581088,1433350.446904,59974.53523,2901057.347249,783285.483757,609222.042922,456844577,4166.666667,Latest Forecast
2028-10-01,Wholesale Acceleration,2028,59041457,90202226,1492436.8368,62096014,0.416071,17624.516753,152228.557354,339433.333333,119166.666667,3608.089056,-11101.024503,1433350.446904,59974.53523,2707653.524099,731066.451507,568607.240061,436343772,4166.666667,Latest Forecast
2028-11-01,Wholesale Acceleration,2028,110702732,72161781,1828645.1352,71789290,0.392582,33045.968912,186521.80379,339433.333333,119166.666667,2886.471245,36838.657392,1433350.446904,112452.253557,2431362.348171,656467.834006,510586.093116,412304679,4166.666667,Latest Forecast
2028-12-01,Wholesale Acceleration,2028,88562186,54121336,1426835.2176,57065365,0.399944,26436.77513,145537.192195,339433.333333,119166.666667,2164.853434,-62085.166736,1433350.446904,89961.802846,2403733.230578,649007.972256,504783.978421,407126947,4166.666667,Latest Forecast
2026-01-01,Consolidation / Path to Breakeven,2026,43572360,28759920,734172.642,32448321,0.448601,13017.892884,85352.0904,249300.0,93333.333333,1150.3968,-119435.557975,517791.123288,44298.637309,1379655.325336,372506.937841,289727.618321,202452441,4166.666667,Prior Forecast
2026-02-01,Consolidation / Path to Breakeven,2026,40220640,36977040,783556.452,34642341,0.448748,12016.516508,91093.2624,249300.0,93333.333333,1479.0816,-102310.770354,517791.123288,40891.049823,1452268.763512,392112.566148,304976.440337,209808706,4166.666667,Prior Forecast
2026-03-01,Consolidation / Path to Breakeven,2026,50275800,36977040,885616.326,39176647,0.449001,15020.645635,102958.3512,249300.0,93333.333333,1479.0816,-71379.816363,517791.123288,51113.812279,1524882.201687,411718.194456,320225.262354,218528007,4166.666667,Prior Forecast
2026-04-01,Consolidation / Path to Breakeven,2026,50275800,32868480,843914.442,37323920,0.448905,15020.645635,98110.2504,249300.0,93333.333333,1314.7392,-85097.369172,517791.123288,51113.812279,1568450.264593,423481.57144,329374.555564,223146222,4166.666667,Prior Forecast
2026-05-01,Consolidation / Path to Breakeven,2026,46924080,28759920,768192.6,33959757,0.448705,14019.269259,89307.12,249300.0,93333.333333,1150.3968,-109125.239978,517791.123288,47706.224794,1626541.015133,439166.074086,341573.613178,228963082,4166.666667,Prior Forecast
2026-06-01,Consolidation / Path to Breakeven,2026,53627520,28759920,836232.516,36982628,0.448887,16022.022011,97217.1792,249300.0,93333.333333,1150.3968,-88504.603984,517791.123288,54521.399764,1670109.078039,450929.45107,350722.906388,234262815,4166.666667,Prior Forecast
2026-07-01,Consolidation / Path to Breakeven,2026,43572360,32868480,775874.526,34301049,0.448727,13017.892884,90200.1912,249300.0,93333.333333,1314.7392,-105718.005166,517791.123288,44298.637309,1670109.078039,450929.45107,350722.906388,233240538,4166.666667,Prior Forecast
2026-08-01,Consolidation / Path to Breakeven,2026,53627520,41085600,961338.168,42540810,0.449154,16022.022011,111761.4816,249300.0,93333.333333,1643.424,-47351.945558,517791.123288,54521.399764,1626541.015133,439166.074086,341573.613178,229644600,4166.666667,Prior Forecast
2026-09-01,Consolidation / Path to Breakeven,2026,53627520,45194160,1003040.052,44393537,0.449229,16022.022011,116609.5824,249300.0,93333.333333,1807.7664,-33634.392749,517791.123288,54521.399764,1524882.201687,411718.194456,320225.262354,218868766,4166.666667,Prior Forecast
2026-10-01,Consolidation / Path to Breakeven,2026,53627520,41085600,961338.168,42540810,0.449154,16022.022011,111761.4816,249300.0,93333.333333,1643.424,-47351.945558,517791.123288,54521.399764,1423223.388242,384270.314825,298876.911531,208092931,4166.666667,Prior Forecast
2026-11-01,Consolidation / Path to Breakeven,2026,100551600,32868480,1354213.812,56793370,0.425673,30041.29127,157435.6944,249300.0,93333.333333,1314.7392,37056.269292,517791.123288,102227.624558,1277996.51189,345059.05821,268379.267497,197469505,4166.666667,Prior Forecast
2026-12-01,Consolidation / Path to Breakeven,2026,80441280,24651360,1066690.296,45539902,0.433331,24033.033016,124009.3152,249300.0,93333.333333,986.0544,-36806.657555,517791.123288,81782.099647,1263473.824255,341137.932549,265329.503094,193885548,4166.666667,Prior Forecast
2027-01-01,Consolidation / Path to Breakeven,2027,46594314,27019188,747177.0453,33839480,0.459691,13908.909189,77294.1771,240000.0,89166.666667,1080.76752,-84301.553311,465301.084932,47330.680089,1262338.708501,340831.451295,265091.128785,185071080,4166.666667,Prior Forecast
2027-02-01,Consolidation / Path to Breakeven,2027,43010136,34738956,789153.2838,35747418,0.459779,12838.993097,81636.5466,240000.0,89166.666667,1389.55824,-68570.951956,465301.084932,43689.858544,1328777.587895,358769.948732,279043.293458,191749519,4166.666667,Prior Forecast
2027-03-01,Consolidation / Path to Breakeven,2027,53762670,34738956,898291.5039,40708055,0.45997,16048.741372,92926.7073,240000.0,89166.666667,1389.55824,-32937.892787,465301.084932,54612.32318,1395216.46729,376708.446168,292995.458131,199884286,4166.666667,Prior Forecast
2027-04-01,Consolidation / Path to Breakeven,2027,53762670,30879072,859113.6813,38927313,0.459907,16048.741372,88873.8291,240000.0,89166.666667,1235.16288,-46742.03666,465301.084932,54612.32318,1435079.794927,387471.54463,301366.756935,204109799,4166.666667,Prior Forecast
2027-05-01,Consolidation / Path to Breakeven,2027,50178492,27019188,783556.452,35493026,0.459768,14978.82528,81057.564,240000.0,89166.666667,1080.76752,-72423.866921,465301.084932,50971.501635,1488230.898443,401822.34258,312528.488673,209379734,4166.666667,Prior Forecast
2027-06-01,Consolidation / Path to Breakeven,2027,57346848,27019188,856315.2654,38800117,0.459902,17118.657463,88584.3378,240000.0,89166.666667,1080.76752,-48668.494142,465301.084932,58253.144725,1528094.22608,412585.441042,320899.787477,214333411,4166.666667,Prior Forecast
2027-07-01,Consolidation / Path to Breakeven,2027,46594314,30879072,786354.8679,35620222,0.459774,13908.909189,81347.0553,240000.0,89166.666667,1235.16288,-70497.409439,465301.084932,47330.680089,1528094.22608,412585.441042,320899.787477,213241164,4166.666667,Prior Forecast
2027-08-01,Consolidation / Path to Breakeven,2027,57346848,38598840,973848.7332,44142342,0.460076,17118.657463,100742.9724,240000.0,89166.666667,1543.9536,-7256.062526,465301.084932,58253.144725,1488230.898443,401822.34258,312528.488673,210107898,4166.666667,Prior Forecast
2027-09-01,Consolidation / Path to Breakeven,2027,57346848,42458724,1013026.5558,45923084,0.460125,17118.657463,104795.8506,240000.0,89166.666667,1698.34896,6548.081347,465301.084932,58253.144725,1395216.46729,376708.446168,292995.458131,200248368,4166.666667,Prior Forecast
2027-10-01,Consolidation / Path to Breakeven,2027,57346848,38598840,973848.7332,44142342,0.460076,17118.657463,100742.9724,240000.0,89166.666667,1543.9536,-7256.062526,465301.084932,58253.144725,1302202.036137,351594.549757,273462.427589,190388839,4166.666667,Prior Forecast
2027-11-01,Consolidation / Path to Breakeven,2027,107525340,30879072,1404804.7818,60408793,0.436466,32097.482744,145324.6326,240000.0,89166.666667,1235.16288,97707.944421,465301.084932,109224.64636,1169324.277348,315717.554884,245558.098243,181400947,4166.666667,Prior Forecast
2027-12-01,Consolidation / Path to Breakeven,2027,86020272,23159304,1108172.6964,48500868,0.44423,25677.986195,114638.5548,240000.0,89166.666667,926.37216,14818.08996,465301.084932,87379.717088,1156036.501469,312129.855397,242767.665308,177807949,4166.666667,Prior Forecast
2028-01-01,Consolidation / Path to Breakeven,2028,49468825,26239491,768439.409308,35485625,0.468715,14755.122099,71922.900379,239600.0,85000.0,1049.579657,-58333.426821,441603.965392,50210.261228,1209974.084098,326693.002706,254094.557661,177438676,4166.666667,Prior Forecast
2028-02-01,Consolidation / Path to Breakeven,2028,45663531,33736489,805910.198209,37221157,0.46878,13620.112707,75430.018552,239600.0,85000.0,1349.459559,-43429.842367,441603.965392,46347.933441,1273656.930629,343887.37127,267467.955432,183802825,4166.666667,Prior Forecast
2028-03-01,Consolidation / Path to Breakeven,2028,57079413,33736489,921781.406965,42587957,0.468948,17025.140884,86275.107056,239600.0,85000.0,1349.459559,-3420.691626,441603.965392,57934.916801,1337339.777161,361081.739833,280841.353204,191711905,4166.666667,Prior Forecast
2028-04-01,Consolidation / Path to Breakeven,2028,57079413,29987990,883734.144388,40825724,0.468898,17025.140884,82714.033219,239600.0,85000.0,1199.519608,-17540.675643,441603.965392,57934.916801,1375549.48508,371398.360971,288865.391867,195762134,4166.666667,Prior Forecast
2028-05-01,Consolidation / Path to Breakeven,2028,53274119,26239491,807063.14556,37274558,0.468782,15890.131492,75537.92988,239600.0,85000.0,1049.579657,-44997.04324,441603.965392,54072.589015,1426495.762305,385153.855822,299564.110084,200776206,4166.666667,Prior Forecast
2028-06-01,Consolidation / Path to Breakeven,2028,60884707,26239491,884310.618064,40852424,0.468899,18160.150276,82767.988883,239600.0,85000.0,1049.579657,-18324.276079,441603.965392,61797.244588,1464705.470224,395470.47696,307588.148747,205598901,4166.666667,Prior Forecast
2028-07-01,Consolidation / Path to Breakeven,2028,49468825,29987990,806486.671885,37247857,0.468781,14755.122099,75483.974216,239600.0,85000.0,1199.519608,-44213.442804,441603.965392,50210.261228,1464705.470224,395470.47696,307588.148747,204440203,4166.666667,Prior Forecast
2028-08-01,Consolidation / Path to Breakeven,2028,60884707,37484988,998452.405793,46139123,0.469038,18160.150276,93451.210394,239600.0,85000.0,1499.39951,24035.675972,441603.965392,61797.244588,1426495.762305,385153.855822,299564.110084,201548672,4166.666667,Prior Forecast
2028-09-01,Consolidation / Path to Breakeven,2028,60884707,41233487,1036499.668369,47901356,0.469078,18160.150276,97012.284232,239600.0,85000.0,1649.339461,38155.659989,441603.965392,61797.244588,1337339.777161,361081.739833,280841.353204,192098137,4166.666667,Prior Forecast
2028-10-01,Consolidation / Path to Breakeven,2028,60884707,37484988,998452.405793,46139123,0.469038,18160.150276,93451.210394,239600.0,85000.0,1499.39951,24035.675972,441603.965392,61797.244588,1248183.792017,337009.623844,262118.596323,182647603,4166.666667,Prior Forecast
2028-11-01,Consolidation / Path to Breakeven,2028,114158826,29987990,1463090.188165,64200200,0.445381,34050.281768,136939.47574,239600.0,85000.0,1199.519608,147390.91355,441603.965392,115869.833603,1120818.098954,302620.886718,235371.80078,174554098,4166.666667,Prior Forecast
2028-12-01,Consolidation / Path to Breakeven,2028,91327061,22490993,1155253.245502,51580569,0.453184,27240.225414,108127.151057,239600.0,85000.0,899.639706,55762.756621,441603.965392,92695.866882,1108081.529647,299182.013005,232697.121226,170886625,4166.666667,Prior Forecast
2026-01-01,Consolidation / Path to Breakeven,2026,43572360,28759920,723322.8,32448321,0.448601,13017.892884,85352.0904,249300.0,93333.333333,1150.3968,-117670.500468,517791.123288,44298.637309,1379655.325336,372506.937841,289727.618321,202452441,4166.666667,Latest Forecast
2026-02-01,Consolidation / Path to Breakeven,2026,40220640,36977040,771976.8,34642341,0.448748,12016.516508,91093.2624,249300.0,93333.333333,1479.0816,-100798.788526,517791.123288,40891.049823,1452268.763512,392112.566148,304976.440337,209808706,4166.666667,Latest Forecast
2026-03-01,Consolidation / Path to Breakeven,2026,50275800,36977040,872528.4,39176647,0.449001,15020.645635,102958.3512,249300.0,93333.333333,1479.0816,-70324.94223,517791.123288,51113.812279,1524882.201687,411718.194456,320225.262354,218528007,4166.666667,Latest Forecast
2026-04-01,Consolidation / Path to Breakeven,2026,50275800,32868480,831442.8,37323920,0.448905,15020.645635,98110.2504,249300.0,93333.333333,1314.7392,-83839.772583,517791.123288,51113.812279,1568450.264593,423481.57144,329374.555564,223146222,4166.666667,Latest Forecast
2026-05-01,Consolidation / Path to Breakeven,2026,46924080,28759920,756840.0,33959757,0.448705,14019.269259,89307.12,249300.0,93333.333333,1150.3968,-107512.551702,517791.123288,47706.224794,1626541.015133,439166.074086,341573.613178,228963082,4166.666667,Latest Forecast
2026-06-01,Consolidation / Path to Breakeven,2026,53627520,28759920,823874.4,36982628,0.448887,16022.022011,97217.1792,249300.0,93333.333333,1150.3968,-87196.654172,517791.123288,54521.399764,1670109.078039,450929.45107,350722.906388,234262815,4166.666667,Latest Forecast
2026-07-01,Consolidation / Path to Breakeven,2026,43572360,32868480,764408.4,34301049,0.448727,13017.892884,90200.1912,249300.0,93333.333333,1314.7392,-104155.670114,517791.123288,44298.637309,1670109.078039,450929.45107,350722.906388,233240538,4166.666667,Latest Forecast
2026-08-01,Consolidation / Path to Breakeven,2026,53627520,41085600,947131.2,42540810,0.449154,16022.022011,111761.4816,249300.0,93333.333333,1643.424,-46652.163111,517791.123288,54521.399764,1626541.015133,439166.074086,341573.613178,229644600,4166.666667,Latest Forecast
2026-09-01,Consolidation / Path to Breakeven,2026,53627520,45194160,988216.8,44393537,0.449229,16022.022011,116609.5824,249300.0,93333.333333,1807.7664,-33137.332758,517791.123288,54521.399764,1524882.201687,411718.194456,320225.262354,218868766,4166.666667,Latest Forecast
2026-10-01,Consolidation / Path to Breakeven,2026,53627520,41085600,947131.2,42540810,0.449154,16022.022011,111761.4816,249300.0,93333.333333,1643.424,-46652.163111,517791.123288,54521.399764,1423223.388242,384270.314825,298876.911531,208092931,4166.666667,Latest Forecast
2026-11-01,Consolidation / Path to Breakeven,2026,100551600,32868480,1334200.8,56793370,0.425673,30041.29127,157435.6944,249300.0,93333.333333,1314.7392,36508.639696,517791.123288,102227.624558,1277996.51189,345059.05821,268379.267497,197469505,4166.666667,Latest Forecast
2026-12-01,Consolidation / Path to Breakeven,2026,80441280,24651360,1050926.4,45539902,0.433331,24033.033016,124009.3152,249300.0,93333.333333,986.0544,-36262.716803,517791.123288,81782.099647,1263473.824255,341137.932549,265329.503094,193885548,4166.666667,Latest Forecast
2027-01-01,Consolidation / Path to Breakeven,2027,46594314,27019188,736135.02,33839480,0.459691,13908.909189,77294.1771,240000.0,89166.666667,1080.76752,-83055.717548,465301.084932,47330.680089,1262338.708501,340831.451295,265091.128785,185071080,4166.666667,Latest Forecast
2027-02-01,Consolidation / Path to Breakeven,2027,43010136,34738956,777490.92,35747418,0.459779,12838.993097,81636.5466,240000.0,89166.666667,1389.55824,-67557.588134,465301.084932,43689.858544,1328777.587895,358769.948732,279043.293458,191749519,4166.666667,Latest Forecast
2027-03-01,Consolidation / Path to Breakeven,2027,53762670,34738956,885016.26,40708055,0.45997,16048.741372,92926.7073,240000.0,89166.666667,1389.55824,-32451.125899,465301.084932,54612.32318,1395216.46729,376708.446168,292995.458131,199884286,4166.666667,Latest Forecast
2027-04-01,Consolidation / Path to Breakeven,2027,53762670,30879072,846417.42,38927313,0.459907,16048.741372,88873.8291,240000.0,89166.666667,1235.16288,-46051.267645,465301.084932,54612.32318,1435079.794927,387471.54463,301366.756935,204109799,4166.666667,Latest Forecast
2027-05-01,Consolidation / Path to Breakeven,2027,50178492,27019188,771976.8,35493026,0.459768,14978.82528,81057.564,240000.0,89166.666667,1080.76752,-71353.563469,465301.084932,50971.501635,1488230.898443,401822.34258,312528.488673,209379734,4166.666667,Latest Forecast
2027-06-01,Consolidation / Path to Breakeven,2027,57346848,27019188,843660.36,38800117,0.459902,17118.657463,88584.3378,240000.0,89166.666667,1080.76752,-47949.255312,465301.084932,58253.144725,1528094.22608,412585.441042,320899.787477,214333411,4166.666667,Latest Forecast
2027-07-01,Consolidation / Path to Breakeven,2027,46594314,30879072,774733.86,35620222,0.459774,13908.909189,81347.0553,240000.0,89166.666667,1235.16288,-69455.575802,465301.084932,47330.680089,1528094.22608,412585.441042,320899.787477,213241164,4166.666667,Latest Forecast
2027-08-01,Consolidation / Path to Breakeven,2027,57346848,38598840,959456.88,44142342,0.460076,17118.657463,100742.9724,240000.0,89166.666667,1543.9536,-7148.830074,465301.084932,58253.144725,1488230.898443,401822.34258,312528.488673,210107898,4166.666667,Latest Forecast
2027-09-01,Consolidation / Path to Breakeven,2027,57346848,42458724,998055.72,45923084,0.460125,17118.657463,104795.8506,240000.0,89166.666667,1698.34896,6451.311672,465301.084932,58253.144725,1395216.46729,376708.446168,292995.458131,200248368,4166.666667,Latest Forecast
2027-10-01,Consolidation / Path to Breakeven,2027,57346848,38598840,959456.88,44142342,0.460076,17118.657463,100742.9724,240000.0,89166.666667,1543.9536,-7148.830074,465301.084932,58253.144725,1302202.036137,351594.549757,273462.427589,190388839,4166.666667,Latest Forecast
2027-11-01,Consolidation / Path to Breakeven,2027,107525340,30879072,1384044.12,60408793,0.436466,32097.482744,145324.6326,240000.0,89166.666667,1235.16288,96263.984651,465301.084932,109224.64636,1169324.277348,315717.554884,245558.098243,181400947,4166.666667,Latest Forecast
2027-12-01,Consolidation / Path to Breakeven,2027,86020272,23159304,1091795.76,48500868,0.44423,25677.986195,114638.5548,240000.0,89166.666667,926.37216,14599.103409,465301.084932,87379.717088,1156036.501469,312129.855397,242767.665308,177807949,4166.666667,Latest Forecast
2028-01-01,Consolidation / Path to Breakeven,2028,49468825,26239491,757083.16188,35485625,0.468715,14755.122099,71922.900379,239600.0,85000.0,1049.579657,-57471.356474,441603.965392,50210.261228,1209974.084098,326693.002706,254094.557661,177438676,4166.666667,Latest Forecast
2028-02-01,Consolidation / Path to Breakeven,2028,45663531,33736489,794000.19528,37221157,0.46878,13620.112707,75430.018552,239600.0,85000.0,1349.459559,-42788.022037,441603.965392,46347.933441,1273656.930629,343887.37127,267467.955432,183802825,4166.666667,Latest Forecast
2028-03-01,Consolidation / Path to Breakeven,2028,57079413,33736489,908159.02164,42587957,0.468948,17025.140884,86275.107056,239600.0,85000.0,1349.459559,-3370.139533,441603.965392,57934.916801,1337339.777161,361081.739833,280841.353204,191711905,4166.666667,Latest Forecast
2028-04-01,Consolidation / Path to Breakeven,2028,57079413,29987990,870674.03388,40825724,0.468898,17025.140884,82714.033219,239600.0,85000.0,1199.519608,-17281.453835,441603.965392,57934.916801,1375549.48508,371398.360971,288865.391867,195762134,4166.666667,Latest Forecast
2028-05-01,Consolidation / Path to Breakeven,2028,53274119,26239491,795136.104,37274558,0.468782,15890.131492,75537.92988,239600.0,85000.0,1049.579657,-44332.062305,441603.965392,54072.589015,1426495.762305,385153.855822,299564.110084,200776206,4166.666667,Latest Forecast
2028-06-01,Consolidation / Path to Breakeven,2028,60884707,26239491,871241.98824,40852424,0.468899,18160.150276,82767.988883,239600.0,85000.0,1049.579657,-18053.473969,441603.965392,61797.244588,1464705.470224,395470.47696,307588.148747,205598901,4166.666667,Latest Forecast
2028-07-01,Consolidation / Path to Breakeven,2028,49468825,29987990,794568.14964,37247857,0.468781,14755.122099,75483.974216,239600.0,85000.0,1199.519608,-43560.042171,441603.965392,50210.261228,1464705.470224,395470.47696,307588.148747,204440203,4166.666667,Latest Forecast
2028-08-01,Consolidation / Path to Breakeven,2028,60884707,37484988,983696.95152,46139123,0.469038,18160.150276,93451.210394,239600.0,85000.0,1499.39951,23680.468938,441603.965392,61797.244588,1426495.762305,385153.855822,299564.110084,201548672,4166.666667,Latest Forecast
2028-09-01,Consolidation / Path to Breakeven,2028,60884707,41233487,1021181.93928,47901356,0.469078,18160.150276,97012.284232,239600.0,85000.0,1649.339461,37591.78324,441603.965392,61797.244588,1337339.777161,361081.739833,280841.353204,192098137,4166.666667,Latest Forecast
2028-10-01,Consolidation / Path to Breakeven,2028,60884707,37484988,983696.95152,46139123,0.469038,18160.150276,93451.210394,239600.0,85000.0,1499.39951,23680.468938,441603.965392,61797.244588,1248183.792017,337009.623844,262118.596323,182647603,4166.666667,Latest Forecast
2028-11-01,Consolidation / Path to Breakeven,2028,114158826,29987990,1441468.16568,64200200,0.445381,34050.281768,136939.47574,239600.0,85000.0,1199.519608,145212.72271,441603.965392,115869.833603,1120818.098954,302620.886718,235371.80078,174554098,4166.666667,Latest Forecast
2028-12-01,Consolidation / Path to Breakeven,2028,91327061,22490993,1138180.53744,51580569,0.453184,27240.225414,108127.151057,239600.0,85000.0,899.639706,54938.676474,441603.965392,92695.866882,1108081.529647,299182.013005,232697.121226,170886625,4166.666667,Latest Forecast
2026-01-01,DTC Recovery / Margin,2026,44971030,30963660,770737.1035,33893275,0.446348,13435.766422,101752.4846,258533.333333,99166.666667,1238.5464,-137221.957389,593823.616438,45720.620764,1602276.619242,432614.687195,336478.090041,233795745,4166.666667,Prior Forecast
2026-02-01,DTC Recovery / Margin,2026,41511720,39810420,825419.721,36312909,0.446532,12402.245928,108971.6676,258533.333333,99166.666667,1592.4168,-119300.300738,593823.616438,42203.649936,1686606.967624,455383.881258,354187.463201,242383065,4166.666667,Prior Forecast
2026-03-01,DTC Recovery / Margin,2026,51889650,39810420,930755.7105,40973888,0.446825,15502.80741,122878.0938,258533.333333,99166.666667,1592.4168,-89253.45948,593823.616438,52754.56242,1770937.316005,478153.075321,371896.836361,252377173,4166.666667,Prior Forecast
2026-04-01,DTC Recovery / Margin,2026,51889650,35387040,885858.4035,38987241,0.446709,15502.80741,116950.7646,258533.333333,99166.666667,1415.4816,-103222.094682,593823.616438,52754.56242,1821535.525033,491814.591759,382522.460257,257740584,4166.666667,Prior Forecast
2026-05-01,DTC Recovery / Margin,2026,48430340,30963660,805849.1,35446935,0.446469,14469.286916,106387.96,258533.333333,99166.666667,1238.5464,-127206.343637,593823.616438,49237.591592,1888999.803738,510029.947009,396689.958785,264540100,4166.666667,Prior Forecast
2026-06-01,DTC Recovery / Margin,2026,55348960,30963660,876073.093,38554254,0.446682,16536.327904,115658.9108,258533.333333,99166.666667,1238.5464,-107175.116131,593823.616438,56271.533248,1939598.012767,523691.463447,407315.582681,270606904,4166.666667,Prior Forecast
2026-07-01,DTC Recovery / Margin,2026,44971030,35387040,815634.4105,35879922,0.446501,13435.766422,107679.8138,258533.333333,99166.666667,1415.4816,-123253.322187,593823.616438,45720.620764,1939598.012767,523691.463447,407315.582681,269551813,4166.666667,Prior Forecast
2026-08-01,DTC Recovery / Margin,2026,55348960,44233800,1010765.014,44514194,0.447007,16536.327904,133440.8984,258533.333333,99166.666667,1769.352,-65269.210525,593823.616438,56271.533248,1888999.803738,510029.947009,396689.958785,265243494,4166.666667,Prior Forecast
2026-09-01,DTC Recovery / Margin,2026,55348960,48657180,1055662.321,46500840,0.447097,16536.327904,139368.2276,258533.333333,99166.666667,1946.2872,-51300.575323,593823.616438,56271.533248,1770937.316005,478153.075321,371896.836361,252728870,4166.666667,Prior Forecast
2026-10-01,DTC Recovery / Margin,2026,55348960,44233800,1010765.014,44514194,0.447007,16536.327904,133440.8984,258533.333333,99166.666667,1769.352,-65269.210525,593823.616438,56271.533248,1652874.828271,446276.203633,347103.713937,240214247,4166.666667,Prior Forecast
2026-11-01,DTC Recovery / Margin,2026,103779300,35387040,1412538.351,58952142,0.423609,31005.61482,186482.8956,258533.333333,99166.666667,1415.4816,13111.191187,593823.616438,105509.12484,1484214.131509,400737.815507,311684.967617,227259972,4166.666667,Prior Forecast
2026-12-01,DTC Recovery / Margin,2026,83023440,26540280,1112071.758,47243864,0.4312,24804.491856,146815.3848,258533.333333,99166.666667,1061.6112,-58811.989438,593823.616438,84407.299872,1467348.061832,396183.976695,308143.092985,223361986,4166.666667,Prior Forecast
2027-01-01,DTC Recovery / Margin,2027,49696674,31432085,823456.902835,36959059,0.455561,14834.99746,104656.098981,268800.0,101666.666667,1257.283384,-123448.821401,590504.916164,50482.069396,1579705.713158,426520.542553,331738.199763,231547504,4166.666667,Prior Forecast
2027-02-01,DTC Recovery / Margin,2027,45873853,40412680,875808.31401,39318428,0.455673,13693.843809,111309.628086,268800.0,101666.666667,1616.507208,-105460.899041,590504.916164,46598.833288,1662848.119113,448968.992161,349198.105014,239972276,4166.666667,Prior Forecast
2027-03-01,DTC Recovery / Margin,2027,57342316,40412680,992213.216505,44564555,0.45588,17117.304761,126103.945743,268800.0,101666.666667,1616.507208,-70703.761112,590504.916164,58248.541611,1745990.525069,471417.441769,366658.010264,249950341,4166.666667,Prior Forecast
2027-04-01,DTC Recovery / Margin,2027,57342316,35922382,946636.693835,42510516,0.455805,17117.304761,120311.461581,268800.0,101666.666667,1436.895296,-85490.578613,590504.916164,58248.541611,1795875.968642,484886.511533,377133.953415,255238198,4166.666667,Prior Forecast
2027-05-01,DTC Recovery / Margin,2027,53519495,31432085,862258.537,38707768,0.455645,15976.151111,109587.5382,268800.0,101666.666667,1257.283384,-111863.108758,590504.916164,54365.305503,1862389.893407,502845.27122,391101.877615,261900351,4166.666667,Prior Forecast
2027-06-01,DTC Recovery / Margin,2027,61165138,31432085,939861.80533,42205186,0.455793,18258.458412,119450.416638,268800.0,101666.666667,1257.283384,-88691.683472,590504.916164,62131.777718,1912275.33698,516314.340985,401577.820766,267964855,4166.666667,Prior Forecast
2027-07-01,DTC Recovery / Margin,2027,49696674,35922382,869033.425505,39013098,0.455659,14834.99746,110448.583143,268800.0,101666.666667,1436.895296,-108662.0039,590504.916164,50482.069396,1912275.33698,516314.340985,401577.820766,266799884,4166.666667,Prior Forecast
2027-08-01,DTC Recovery / Margin,2027,61165138,44902978,1076591.37334,48367302,0.456002,18258.458412,136827.869124,268800.0,101666.666667,1796.11912,-44331.230967,590504.916164,62131.777718,1862389.893407,502845.27122,391101.877615,262676998,4166.666667,Prior Forecast
2027-09-01,DTC Recovery / Margin,2027,61165138,49393276,1122167.89601,50421341,0.456061,18258.458412,142620.353286,268800.0,101666.666667,1975.731032,-29544.413466,590504.916164,62131.777718,1745990.525069,471417.441769,366658.010264,250338665,4166.666667,Prior Forecast
2027-10-01,DTC Recovery / Margin,2027,61165138,44902978,1076591.37334,48367302,0.456002,18258.458412,136827.869124,268800.0,101666.666667,1796.11912,-44331.230967,590504.916164,62131.777718,1629591.156731,439989.612317,342214.142913,238000332,4166.666667,Prior Forecast
2027-11-01,DTC Recovery / Margin,2027,114684633,35922382,1528661.20631,65126579,0.432427,34234.609523,194283.049866,268800.0,101666.666667,1436.895296,51607.242082,590504.916164,116497.083221,1463306.34482,395092.713101,307294.332412,225810672,4166.666667,Prior Forecast
2027-12-01,DTC Recovery / Margin,2027,91747706,26941787,1204698.35598,52241785,0.440155,27387.687618,153109.446228,268800.0,101666.666667,1077.671472,-30067.973524,590504.916164,93197.666577,1446677.863628,390603.02318,303802.351362,221718112,4166.666667,Prior Forecast
2028-01-01,DTC Recovery / Margin,2028,55376294,32111697,888003.113319,40622574,0.464322,16517.149673,108485.10941,289516.666667,104166.666667,1284.46789,-115450.485564,590704.411068,56206.271573,1626927.96146,439270.549594,341654.871907,237145432,4166.666667,Prior Forecast
2028-02-01,DTC Recovery / Margin,2028,51116579,41286468,937890.928674,42912759,0.464408,15246.599698,114579.778478,289516.666667,104166.666667,1651.458715,-97474.08784,590704.411068,51882.712221,1712555.748905,462390.052204,359636.70727,245789622,4166.666667,Prior Forecast
2028-03-01,DTC Recovery / Margin,2028,63895724,41286468,1067599.248597,48867239,0.464596,19058.249622,130425.918055,289516.666667,104166.666667,1651.458715,-56988.771027,590704.411068,64853.390276,1798183.536351,485509.554815,377618.542634,256163235,4166.666667,Prior Forecast
2028-04-01,DTC Recovery / Margin,2028,63895724,36699083,1021037.287599,46729733,0.464534,19058.249622,124737.560258,289516.666667,104166.666667,1467.963302,-72724.522691,590704.411068,64853.390276,1849560.208818,499381.256381,388407.643852,261609162,4166.666667,Prior Forecast
2028-05-01,DTC Recovery / Margin,2028,59636009,32111697,931239.21996,42607401,0.464397,17787.699648,113767.155936,289516.666667,104166.666667,1284.46789,-101955.379959,590704.411068,60529.830924,1918062.438774,517876.858469,402793.112143,268438043,4166.666667,Prior Forecast
2028-06-01,DTC Recovery / Margin,2028,68155439,32111697,1017711.433242,46577054,0.46453,20328.799597,124331.248987,289516.666667,104166.666667,1284.46789,-74965.16875,590704.411068,69176.949628,1969439.111241,531748.560035,413582.213361,274748682,4166.666667,Prior Forecast
2028-07-01,DTC Recovery / Margin,2028,55376294,36699083,934565.074317,42760080,0.464403,16517.149673,114173.467207,289516.666667,104166.666667,1467.963302,-99714.7339,590704.411068,56206.271573,1969439.111241,531748.560035,413582.213361,273451614,4166.666667,Prior Forecast
2028-08-01,DTC Recovery / Margin,2028,68155439,45873853,1157397.316236,52989571,0.464701,20328.799597,141396.322378,289516.666667,104166.666667,1834.954128,-27757.913758,590704.411068,69176.949628,1918062.438774,517876.858469,402793.112143,269302755,4166.666667,Prior Forecast
2028-09-01,DTC Recovery / Margin,2028,68155439,50461239,1203959.277234,55127077,0.46475,20328.799597,147084.680174,289516.666667,104166.666667,2018.449541,-12022.162094,590704.411068,69176.949628,1798183.536351,485509.554815,377618.542634,256595591,4166.666667,Prior Forecast
2028-10-01,DTC Recovery / Margin,2028,68155439,45873853,1157397.316236,52989571,0.464701,20328.799597,141396.322378,289516.666667,104166.666667,1834.954128,-27757.913758,590704.411068,69176.949628,1678304.633927,453142.25116,352443.973125,243888427,4166.666667,Prior Forecast
2028-11-01,DTC Recovery / Margin,2028,127791448,36699083,1669578.887214,72554361,0.441085,38116.499245,203968.258142,289516.666667,104166.666667,1467.963302,89632.168083,590704.411068,129706.780552,1507049.059037,406903.24594,316480.302398,231788319,4166.666667,Prior Forecast
2028-12-01,DTC Recovery / Margin,2028,102233159,27524312,1317038.325372,58242042,0.448853,30493.199396,160899.263395,289516.666667,104166.666667,1100.972477,-3812.688784,590704.411068,103765.424442,1489923.501548,402279.345418,312883.935325,227378875,4166.666667,Prior Forecast
2026-01-01,DTC Recovery / Margin,2026,44971030,30963660,759346.9,33893275,0.446348,13435.766422,101752.4846,258533.333333,99166.666667,1238.5464,-135194.046689,593823.616438,45720.620764,1602276.619242,432614.687195,336478.090041,233795745,4166.666667,Latest Forecast
2026-02-01,DTC Recovery / Margin,2026,41511720,39810420,813221.4,36312909,0.446532,12402.245928,108971.6676,258533.333333,99166.666667,1592.4168,-117537.242107,593823.616438,42203.649936,1686606.967624,455383.881258,354187.463201,242383065,4166.666667,Latest Forecast
2026-03-01,DTC Recovery / Margin,2026,51889650,39810420,917000.7,40973888,0.446825,15502.80741,122878.0938,258533.333333,99166.666667,1592.4168,-87934.442837,593823.616438,52754.56242,1770937.316005,478153.075321,371896.836361,252377173,4166.666667,Latest Forecast
2026-04-01,DTC Recovery / Margin,2026,51889650,35387040,872766.9,38987241,0.446709,15502.80741,116950.7646,258533.333333,99166.666667,1415.4816,-101696.645007,593823.616438,52754.56242,1821535.525033,491814.591759,382522.460257,257740584,4166.666667,Latest Forecast
2026-05-01,DTC Recovery / Margin,2026,48430340,30963660,793940.0,35446935,0.446469,14469.286916,106387.96,258533.333333,99166.666667,1238.5464,-125326.446933,593823.616438,49237.591592,1888999.803738,510029.947009,396689.958785,264540100,4166.666667,Latest Forecast
2026-06-01,DTC Recovery / Margin,2026,55348960,30963660,863126.2,38554254,0.446682,16536.327904,115658.9108,258533.333333,99166.666667,1238.5464,-105591.24742,593823.616438,56271.533248,1939598.012767,523691.463447,407315.582681,270606904,4166.666667,Latest Forecast
2026-07-01,DTC Recovery / Margin,2026,44971030,35387040,803580.7,35879922,0.446501,13435.766422,107679.8138,258533.333333,99166.666667,1415.4816,-121431.84452,593823.616438,45720.620764,1939598.012767,523691.463447,407315.582681,269551813,4166.666667,Latest Forecast
2026-08-01,DTC Recovery / Margin,2026,55348960,44233800,995827.6,44514194,0.447007,16536.327904,133440.8984,258533.333333,99166.666667,1769.352,-64304.640911,593823.616438,56271.533248,1888999.803738,510029.947009,396689.958785,265243494,4166.666667,Latest Forecast
2026-09-01,DTC Recovery / Margin,2026,55348960,48657180,1040061.4,46500840,0.447097,16536.327904,139368.2276,258533.333333,99166.666667,1946.2872,-50542.438742,593823.616438,56271.533248,1770937.316005,478153.075321,371896.836361,252728870,4166.666667,Latest Forecast
2026-10-01,DTC Recovery / Margin,2026,55348960,44233800,995827.6,44514194,0.447007,16536.327904,133440.8984,258533.333333,99166.666667,1769.352,-64304.640911,593823.616438,56271.533248,1652874.828271,446276.203633,347103.713937,240214247,4166.666667,Latest Forecast
2026-11-01,DTC Recovery / Margin,2026,103779300,35387040,1391663.4,58952142,0.423609,31005.61482,186482.8956,258533.333333,99166.666667,1415.4816,12917.429741,593823.616438,105509.12484,1484214.131509,400737.815507,311684.967617,227259972,4166.666667,Latest Forecast
2026-12-01,DTC Recovery / Margin,2026,83023440,26540280,1095637.2,47243864,0.4312,24804.491856,146815.3848,258533.333333,99166.666667,1061.6112,-57942.846737,593823.616438,84407.299872,1467348.061832,396183.976695,308143.092985,223361986,4166.666667,Latest Forecast
2027-01-01,DTC Recovery / Margin,2027,49696674,31432085,811287.589,36959059,0.455561,14834.99746,104656.098981,268800.0,101666.666667,1257.283384,-121624.454582,590504.916164,50482.069396,1579705.713158,426520.542553,331738.199763,231547504,4166.666667,Latest Forecast
2027-02-01,DTC Recovery / Margin,2027,45873853,40412680,862865.334,39318428,0.455673,13693.843809,111309.628086,268800.0,101666.666667,1616.507208,-103902.363587,590504.916164,46598.833288,1662848.119113,448968.992161,349198.105014,239972276,4166.666667,Latest Forecast
2027-03-01,DTC Recovery / Margin,2027,57342316,40412680,977549.967,44564555,0.45588,17117.304761,126103.945743,268800.0,101666.666667,1616.507208,-69658.877943,590504.916164,58248.541611,1745990.525069,471417.441769,366658.010264,249950341,4166.666667,Latest Forecast
2027-04-01,DTC Recovery / Margin,2027,57342316,35922382,932646.989,42510516,0.455805,17117.304761,120311.461581,268800.0,101666.666667,1436.895296,-84227.171048,590504.916164,58248.541611,1795875.968642,484886.511533,377133.953415,255238198,4166.666667,Latest Forecast
2027-05-01,DTC Recovery / Margin,2027,53519495,31432085,849515.8,38707768,0.455645,15976.151111,109587.5382,268800.0,101666.666667,1257.283384,-110209.959367,590504.916164,54365.305503,1862389.893407,502845.27122,391101.877615,261900351,4166.666667,Latest Forecast
2027-06-01,DTC Recovery / Margin,2027,61165138,31432085,925972.222,42205186,0.455793,18258.458412,119450.416638,268800.0,101666.666667,1257.283384,-87380.968937,590504.916164,62131.777718,1912275.33698,516314.340985,401577.820766,267964855,4166.666667,Latest Forecast
2027-07-01,DTC Recovery / Margin,2027,49696674,35922382,856190.567,39013098,0.455659,14834.99746,110448.583143,268800.0,101666.666667,1436.895296,-107056.161477,590504.916164,50482.069396,1912275.33698,516314.340985,401577.820766,266799884,4166.666667,Latest Forecast
2027-08-01,DTC Recovery / Margin,2027,61165138,44902978,1060681.156,48367302,0.456002,18258.458412,136827.869124,268800.0,101666.666667,1796.11912,-43676.089623,590504.916164,62131.777718,1862389.893407,502845.27122,391101.877615,262676998,4166.666667,Latest Forecast
2027-09-01,DTC Recovery / Margin,2027,61165138,49393276,1105584.134,50421341,0.456061,18258.458412,142620.353286,268800.0,101666.666667,1975.731032,-29107.796518,590504.916164,62131.777718,1745990.525069,471417.441769,366658.010264,250338665,4166.666667,Latest Forecast
2027-10-01,DTC Recovery / Margin,2027,61165138,44902978,1060681.156,48367302,0.456002,18258.458412,136827.869124,268800.0,101666.666667,1796.11912,-43676.089623,590504.916164,62131.777718,1629591.156731,439989.612317,342214.142913,238000332,4166.666667,Latest Forecast
2027-11-01,DTC Recovery / Margin,2027,114684633,35922382,1506070.154,65126579,0.432427,34234.609523,194283.049866,268800.0,101666.666667,1436.895296,50844.57348,590504.916164,116497.083221,1463306.34482,395092.713101,307294.332412,225810672,4166.666667,Latest Forecast
2027-12-01,DTC Recovery / Margin,2027,91747706,26941787,1186894.932,52241785,0.440155,27387.687618,153109.446228,268800.0,101666.666667,1077.671472,-29623.619235,590504.916164,93197.666577,1446677.863628,390603.02318,303802.351362,221718112,4166.666667,Latest Forecast
2028-01-01,DTC Recovery / Margin,2028,55376294,32111697,874879.9146,40622574,0.464322,16517.149673,108485.10941,289516.666667,104166.666667,1284.46789,-113744.320753,590704.411068,56206.271573,1626927.96146,439270.549594,341654.871907,237145432,4166.666667,Latest Forecast
2028-02-01,DTC Recovery / Margin,2028,51116579,41286468,924030.4716,42912759,0.464408,15246.599698,114579.778478,289516.666667,104166.666667,1651.458715,-96033.584079,590704.411068,51882.712221,1712555.748905,462390.052204,359636.70727,245789622,4166.666667,Latest Forecast
2028-03-01,DTC Recovery / Margin,2028,63895724,41286468,1051821.9198,48867239,0.464596,19058.249622,130425.918055,289516.666667,104166.666667,1651.458715,-56146.57244,590704.411068,64853.390276,1798183.536351,485509.554815,377618.542634,256163235,4166.666667,Latest Forecast
2028-04-01,DTC Recovery / Margin,2028,63895724,36699083,1005948.0666,46729733,0.464534,19058.249622,124737.560258,289516.666667,104166.666667,1467.963302,-71649.77605,590704.411068,64853.390276,1849560.208818,499381.256381,388407.643852,261609162,4166.666667,Latest Forecast
2028-05-01,DTC Recovery / Margin,2028,59636009,32111697,917477.064,42607401,0.464397,17787.699648,113767.155936,289516.666667,104166.666667,1284.46789,-100448.650206,590704.411068,60529.830924,1918062.438774,517876.858469,402793.112143,268438043,4166.666667,Latest Forecast
2028-06-01,DTC Recovery / Margin,2028,68155439,32111697,1002671.3628,46577054,0.46453,20328.799597,124331.248987,289516.666667,104166.666667,1284.46789,-73857.309114,590704.411068,69176.949628,1969439.111241,531748.560035,413582.213361,274748682,4166.666667,Latest Forecast
2028-07-01,DTC Recovery / Margin,2028,55376294,36699083,920753.7678,42760080,0.464403,16517.149673,114173.467207,289516.666667,104166.666667,1467.963302,-98241.117143,590704.411068,56206.271573,1969439.111241,531748.560035,413582.213361,273451614,4166.666667,Latest Forecast
2028-08-01,DTC Recovery / Margin,2028,68155439,45873853,1140292.9224,52989571,0.464701,20328.799597,141396.322378,289516.666667,104166.666667,1834.954128,-27347.698284,590704.411068,69176.949628,1918062.438774,517876.858469,402793.112143,269302755,4166.666667,Latest Forecast
2028-09-01,DTC Recovery / Margin,2028,68155439,50461239,1186166.7756,55127077,0.46475,20328.799597,147084.680174,289516.666667,104166.666667,2018.449541,-11844.494674,590704.411068,69176.949628,1798183.536351,485509.554815,377618.542634,256595591,4166.666667,Latest Forecast
2028-10-01,DTC Recovery / Margin,2028,68155439,45873853,1140292.9224,52989571,0.464701,20328.799597,141396.322378,289516.666667,104166.666667,1834.954128,-27347.698284,590704.411068,69176.949628,1678304.633927,453142.25116,352443.973125,243888427,4166.666667,Latest Forecast
2028-11-01,DTC Recovery / Margin,2028,127791448,36699083,1644905.3076,72554361,0.441085,38116.499245,203968.258142,289516.666667,104166.666667,1467.963302,88307.554762,590704.411068,129706.780552,1507049.059037,406903.24594,316480.302398,231788319,4166.666667,Latest Forecast
2028-12-01,DTC Recovery / Margin,2028,102233159,27524312,1297574.7048,58242042,0.448853,30493.199396,160899.263395,289516.666667,104166.666667,1100.972477,-3756.34363,590704.411068,103765.424442,1489923.501548,402279.345418,312883.935325,227378875,4166.666667,Latest Forecast
