month,opening_drawn,interest_expense,unused_line_fee,cash_flow,cash,revolver_drawn,excess_availability,funding_gap,covenant_breached,eligible_ar,dilution_reserve,ar_advance,eligible_inventory,inventory_advance,borrowing_base,facility_commitment,capped_by_facility,version_name,scenario_name
2026-01-01,0,0,83333,-14302170,2996643.266807,0,165955747,0,False,791785.680758,1583571,65955747,2180871.28184,100000000,165955747,2000000.0,False,Budget,Balanced Base
2026-02-01,0,0,83333,-25413765,2742505.618992,0,165955747,0,False,791785.680758,1583571,65955747,2261759.76192,100000000,165955747,2000000.0,False,Budget,Balanced Base
2026-03-01,0,0,83333,-23829063,2504214.992022,0,165955747,0,False,791785.680758,1583571,65955747,2342648.242,100000000,165955747,2000000.0,False,Budget,Balanced Base
2026-04-01,0,0,83333,-18914602,2315068.969774,0,165955747,0,False,791785.680758,1583571,65955747,2391181.330048,100000000,165955747,2000000.0,False,Budget,Balanced Base
2026-05-01,0,0,83333,-23847438,2076594.590701,0,165955747,0,False,791785.680758,1583571,65955747,2455892.114112,100000000,165955747,2000000.0,False,Budget,Balanced Base
2026-06-01,0,0,83333,-20185843,1874736.156355,0,165955747,0,False,791785.680758,1583571,65955747,2504425.20216,100000000,165955747,2000000.0,False,Budget,Balanced Base
2026-07-01,0,0,83333,18906877,2063804.924881,0,165955747,0,False,791785.680758,1583571,65955747,2504425.20216,100000000,165955747,2000000.0,False,Budget,Balanced Base
2026-08-01,0,0,83333,-30103559,1762769.332942,0,165955747,0,False,791785.680758,1583571,65955747,2455892.114112,100000000,165955747,2000000.0,False,Budget,Balanced Base
2026-09-01,0,0,83333,13988665,1902655.982839,0,165955747,0,False,791785.680758,1583571,65955747,2342648.242,100000000,165955747,2000000.0,False,Budget,Balanced Base
2026-10-01,0,0,83333,12420526,2026861.238629,0,165955747,0,False,791785.680758,1583571,65955747,2229404.369888,100000000,165955747,2000000.0,False,Budget,Balanced Base
2026-11-01,0,0,83333,22919484,2256056.077145,0,165955747,0,False,791785.680758,1583571,65955747,2067627.409728,100000000,165955747,2000000.0,False,Budget,Balanced Base
2026-12-01,0,0,83333,-2023584,2235820.240244,0,165955747,0,False,791785.680758,1583571,65955747,2051449.713712,100000000,165955747,2000000.0,False,Budget,Balanced Base
2027-01-01,0,0,83333,-55414461,1681675.629408,0,171822968,0,False,862220.502676,1724441,71822968,2274137.412585,100000000,171822968,2000000.0,False,Budget,Balanced Base
2027-02-01,0,0,83333,-25308135,1428594.282095,0,171822968,0,False,862220.502676,1724441,71822968,2359934.636388,100000000,171822968,2000000.0,False,Budget,Balanced Base
2027-03-01,0,0,83333,-23500764,1193586.64623,0,171822968,0,False,862220.502676,1724441,71822968,2445731.860192,100000000,171822968,2000000.0,False,Budget,Balanced Base
2027-04-01,0,0,83333,-18378365,1009802.999603,0,171822968,0,False,862220.502676,1724441,71822968,2497210.194474,100000000,171822968,2000000.0,False,Budget,Balanced Base
2027-05-01,0,0,83333,-23776785,772035.150552,0,171822968,0,False,862220.502676,1724441,71822968,2565847.973517,100000000,171822968,2000000.0,False,Budget,Balanced Base
2027-06-01,0,0,83333,-19812028,573914.866393,0,171822968,0,False,862220.502676,1724441,71822968,2617326.307799,100000000,171822968,2000000.0,False,Budget,Balanced Base
2027-07-01,0,0,83333,25958644,833501.303186,0,171822968,0,False,862220.502676,1724441,71822968,2617326.307799,100000000,171822968,2000000.0,False,Budget,Balanced Base
2027-08-01,0,0,83333,-34280943,500000.0,930812,170892156,0,False,862220.502676,1724441,71822968,2565847.973517,100000000,171822968,2000000.0,False,Budget,Balanced Base
2027-09-01,930812,5818,82945,16933963,660031.50416,0,171822968,0,False,862220.502676,1724441,71822968,2445731.860192,100000000,171822968,2000000.0,False,Budget,Balanced Base
2027-10-01,0,0,83333,15155400,811585.505928,0,171822968,0,False,862220.502676,1724441,71822968,2325615.746867,100000000,171822968,2000000.0,False,Budget,Balanced Base
2027-11-01,0,0,83333,26559789,1077183.40035,0,171822968,0,False,862220.502676,1724441,71822968,2154021.29926,100000000,171822968,2000000.0,False,Budget,Balanced Base
2027-12-01,0,0,83333,-208339,1075100.008301,0,171822968,0,False,862220.502676,1724441,71822968,2136861.8545,100000000,171822968,2000000.0,False,Budget,Balanced Base
2028-01-01,0,0,83333,-52980996,545290.053269,0,176486927,0,False,918210.403031,1836421,76486927,2360019.620156,100000000,176486927,2000000.0,False,Budget,Balanced Base
2028-02-01,0,0,83333,-25118608,500000.0,20589603,155897323,0,False,918210.403031,1836421,76486927,2450336.960147,100000000,176486927,2000000.0,False,Budget,Balanced Base
2028-03-01,20589603,128685,74754,-23202861,500000.0,43792465,132694462,0,False,918210.403031,1836421,76486927,2540654.300138,100000000,176486927,2000000.0,False,Budget,Balanced Base
2028-04-01,43792465,273703,65086,-18045648,500000.0,61838113,114648814,0,False,918210.403031,1836421,76486927,2594844.704133,100000000,176486927,2000000.0,False,Budget,Balanced Base
2028-05-01,61838113,386488,57567,-24012196,500000.0,85850309,90636617,0,False,918210.403031,1836421,76486927,2667098.576126,100000000,176486927,2000000.0,False,Budget,Balanced Base
2028-06-01,85850309,536564,47562,-19893224,500000.0,105743533,70743393,0,False,918210.403031,1836421,76486927,2721288.980121,100000000,176486927,2000000.0,False,Budget,Balanced Base
2028-07-01,105743533,660897,39274,31914544,500000.0,73828989,102657937,0,False,918210.403031,1836421,76486927,2721288.980121,100000000,176486927,2000000.0,False,Budget,Balanced Base
2028-08-01,73828989,461431,52571,-38406928,500000.0,112235917,64251009,0,False,918210.403031,1836421,76486927,2667098.576126,100000000,176486927,2000000.0,False,Budget,Balanced Base
2028-09-01,112235917,701474,36568,19183475,500000.0,93052442,83434484,0,False,918210.403031,1836421,76486927,2540654.300138,100000000,176486927,2000000.0,False,Budget,Balanced Base
2028-10-01,93052442,581578,44561,17286800,500000.0,75765642,100721284,0,False,918210.403031,1836421,76486927,2414210.02415,100000000,176486927,2000000.0,False,Budget,Balanced Base
2028-11-01,75765642,473535,51764,29668975,500000.0,46096667,130390259,0,False,918210.403031,1836421,76486927,2233575.344168,100000000,176486927,2000000.0,False,Budget,Balanced Base
2028-12-01,46096667,288104,64126,1323264,500000.0,44773403,131713523,0,False,918210.403031,1836421,76486927,2215511.876169,100000000,176486927,2000000.0,False,Budget,Balanced Base
2026-01-01,0,0,83333,-13970387,2999961.096137,0,165955747,0,False,791785.680758,1583571,65955747,2198240.25104,100000000,165955747,2000000.0,False,Prior Forecast,Balanced Base
2026-02-01,0,0,83333,-25133553,2748625.562954,0,165955747,0,False,791785.680758,1583571,65955747,2279128.73112,100000000,165955747,2000000.0,False,Prior Forecast,Balanced Base
2026-03-01,0,0,83333,-23620311,2512422.455173,0,165955747,0,False,791785.680758,1583571,65955747,2360017.2112,100000000,165955747,2000000.0,False,Prior Forecast,Balanced Base
2026-04-01,0,0,83333,-18668155,2325740.908703,0,165955747,0,False,791785.680758,1583571,65955747,2408550.299248,100000000,165955747,2000000.0,False,Prior Forecast,Balanced Base
2026-05-01,0,0,83333,-23539475,2090346.160478,0,165955747,0,False,791785.680758,1583571,65955747,2473261.083312,100000000,165955747,2000000.0,False,Prior Forecast,Balanced Base
2026-06-01,0,0,83333,-19925520,1891090.960017,0,165955747,0,False,791785.680758,1583571,65955747,2521794.17136,100000000,165955747,2000000.0,False,Prior Forecast,Balanced Base
2026-07-01,0,0,83333,19200964,2083100.601283,0,165955747,0,False,791785.680758,1583571,65955747,2521794.17136,100000000,165955747,2000000.0,False,Prior Forecast,Balanced Base
2026-08-01,0,0,83333,-29956323,1783537.373462,0,165955747,0,False,791785.680758,1583571,65955747,2473261.083312,100000000,165955747,2000000.0,False,Prior Forecast,Balanced Base
2026-09-01,0,0,83333,14098206,1924519.430888,0,165955747,0,False,791785.680758,1583571,65955747,2360017.2112,100000000,165955747,2000000.0,False,Prior Forecast,Balanced Base
2026-10-01,0,0,83333,12567762,2050197.050796,0,165955747,0,False,791785.680758,1583571,65955747,2246773.339088,100000000,165955747,2000000.0,False,Prior Forecast,Balanced Base
2026-11-01,0,0,83333,22893772,2279134.775629,0,165955747,0,False,791785.680758,1583571,65955747,2084996.378928,100000000,165955747,2000000.0,False,Prior Forecast,Balanced Base
2026-12-01,0,0,83333,-1871507,2260419.708071,0,165955747,0,False,791785.680758,1583571,65955747,2068818.682912,100000000,165955747,2000000.0,False,Prior Forecast,Balanced Base
2027-01-01,0,0,83333,-55096719,1709452.516719,0,171822968,0,False,862220.502676,1724441,71822968,2291506.381785,100000000,171822968,2000000.0,False,Prior Forecast,Balanced Base
2027-02-01,0,0,83333,-25049558,1458956.937271,0,171822968,0,False,862220.502676,1724441,71822968,2377303.605588,100000000,171822968,2000000.0,False,Prior Forecast,Balanced Base
2027-03-01,0,0,83333,-23321998,1225736.958247,0,171822968,0,False,862220.502676,1724441,71822968,2463100.829392,100000000,171822968,2000000.0,False,Prior Forecast,Balanced Base
2027-04-01,0,0,83333,-18156715,1044169.812775,0,171822968,0,False,862220.502676,1724441,71822968,2514579.163674,100000000,171822968,2000000.0,False,Prior Forecast,Balanced Base
2027-05-01,0,0,83333,-23485647,809313.346202,0,171822968,0,False,862220.502676,1724441,71822968,2583216.942717,100000000,171822968,2000000.0,False,Prior Forecast,Balanced Base
2027-06-01,0,0,83333,-19574098,613572.370505,0,171822968,0,False,862220.502676,1724441,71822968,2634695.276999,100000000,171822968,2000000.0,False,Prior Forecast,Balanced Base
2027-07-01,0,0,83333,26233501,875907.38247,0,171822968,0,False,862220.502676,1724441,71822968,2634695.276999,100000000,171822968,2000000.0,False,Prior Forecast,Balanced Base
2027-08-01,0,0,83333,-34171665,534190.73109,0,171822968,0,False,862220.502676,1724441,71822968,2583216.942717,100000000,171822968,2000000.0,False,Prior Forecast,Balanced Base
2027-09-01,0,0,83333,17005786,704248.587553,0,171822968,0,False,862220.502676,1724441,71822968,2463100.829392,100000000,171822968,2000000.0,False,Prior Forecast,Balanced Base
2027-10-01,0,0,83333,15264678,856895.364839,0,171822968,0,False,862220.502676,1724441,71822968,2342984.716067,100000000,171822968,2000000.0,False,Prior Forecast,Balanced Base
2027-11-01,0,0,83333,26475765,1121653.013888,0,171822968,0,False,862220.502676,1724441,71822968,2171390.26846,100000000,171822968,2000000.0,False,Prior Forecast,Balanced Base
2027-12-01,0,0,83333,-91431,1120738.708833,0,171822968,0,False,862220.502676,1724441,71822968,2154230.8237,100000000,171822968,2000000.0,False,Prior Forecast,Balanced Base
2028-01-01,0,0,83333,-52677359,593965.117922,0,176486927,0,False,918210.403031,1836421,76486927,2377388.589356,100000000,176486927,2000000.0,False,Prior Forecast,Balanced Base
2028-02-01,0,0,83333,-24882135,500000.0,15485623,161001303,0,False,918210.403031,1836421,76486927,2467705.929347,100000000,176486927,2000000.0,False,Prior Forecast,Balanced Base
2028-03-01,15485623,96785,76881,-23024824,500000.0,38510448,137976479,0,False,918210.403031,1836421,76486927,2558023.269338,100000000,176486927,2000000.0,False,Prior Forecast,Balanced Base
2028-04-01,38510448,240690,67287,-17818290,500000.0,56328737,120158189,0,False,918210.403031,1836421,76486927,2612213.673333,100000000,176486927,2000000.0,False,Prior Forecast,Balanced Base
2028-05-01,56328737,352055,59863,-23705825,500000.0,80034563,96452364,0,False,918210.403031,1836421,76486927,2684467.545326,100000000,176486927,2000000.0,False,Prior Forecast,Balanced Base
2028-06-01,80034563,500216,49986,-19643872,500000.0,99678434,76808492,0,False,918210.403031,1836421,76486927,2738657.949321,100000000,176486927,2000000.0,False,Prior Forecast,Balanced Base
2028-07-01,99678434,622990,41801,32205277,500000.0,67473157,109013769,0,False,918210.403031,1836421,76486927,2738657.949321,100000000,176486927,2000000.0,False,Prior Forecast,Balanced Base
2028-08-01,67473157,421707,55220,-38299275,500000.0,105772432,70714494,0,False,918210.403031,1836421,76486927,2684467.545326,100000000,176486927,2000000.0,False,Prior Forecast,Balanced Base
2028-09-01,105772432,661078,39261,19243473,500000.0,86528959,89957967,0,False,918210.403031,1836421,76486927,2558023.269338,100000000,176486927,2000000.0,False,Prior Forecast,Balanced Base
2028-10-01,86528959,540806,47280,17395431,500000.0,69133528,107353398,0,False,918210.403031,1836421,76486927,2431578.99335,100000000,176486927,2000000.0,False,Prior Forecast,Balanced Base
2028-11-01,69133528,432085,54528,29564650,500000.0,39568878,136918049,0,False,918210.403031,1836421,76486927,2250944.313368,100000000,176486927,2000000.0,False,Prior Forecast,Balanced Base
2028-12-01,39568878,247305,66846,1442984,500000.0,38125894,138361033,0,False,918210.403031,1836421,76486927,2232880.845369,100000000,176486927,2000000.0,False,Prior Forecast,Balanced Base
2026-01-01,0,0,83333,-13429635,3005368.618716,0,170715257,0,False,848922.648758,1697845,70715257,2167915.933777,100000000,170715257,2000000.0,False,Prior Forecast,Wholesale Acceleration
2026-02-01,0,0,83333,-26059654,2744772.080762,0,170715257,0,False,848922.648758,1697845,70715257,2261188.379033,100000000,170715257,2000000.0,False,Prior Forecast,Wholesale Acceleration
2026-03-01,0,0,83333,-24550841,2499263.667382,0,170715257,0,False,848922.648758,1697845,70715257,2354460.824289,100000000,170715257,2000000.0,False,Prior Forecast,Wholesale Acceleration
2026-04-01,0,0,83333,-19108990,2308173.770831,0,170715257,0,False,848922.648758,1697845,70715257,2410424.291442,100000000,170715257,2000000.0,False,Prior Forecast,Wholesale Acceleration
2026-05-01,0,0,83333,-24696212,2061211.652836,0,170715257,0,False,848922.648758,1697845,70715257,2485042.247647,100000000,170715257,2000000.0,False,Prior Forecast,Wholesale Acceleration
2026-06-01,0,0,83333,-20664401,1854567.644732,0,170715257,0,False,848922.648758,1697845,70715257,2541005.7148,100000000,170715257,2000000.0,False,Prior Forecast,Wholesale Acceleration
2026-07-01,0,0,83333,22710435,2081671.996411,0,170715257,0,False,848922.648758,1697845,70715257,2541005.7148,100000000,170715257,2000000.0,False,Prior Forecast,Wholesale Acceleration
2026-08-01,0,0,83333,-29969821,1781973.789851,0,170715257,0,False,848922.648758,1697845,70715257,2485042.247647,100000000,170715257,2000000.0,False,Prior Forecast,Wholesale Acceleration
2026-09-01,0,0,83333,18719633,1969170.118609,0,170715257,0,False,848922.648758,1697845,70715257,2354460.824289,100000000,170715257,2000000.0,False,Prior Forecast,Wholesale Acceleration
2026-10-01,0,0,83333,16884104,2138011.158323,0,170715257,0,False,848922.648758,1697845,70715257,2223879.40093,100000000,170715257,2000000.0,False,Prior Forecast,Wholesale Acceleration
2026-11-01,0,0,83333,27688207,2414893.226598,0,170715257,0,False,848922.648758,1697845,70715257,2037334.510419,100000000,170715257,2000000.0,False,Prior Forecast,Wholesale Acceleration
2026-12-01,0,0,83333,-1537024,2399522.991577,0,170715257,0,False,848922.648758,1697845,70715257,2018680.021368,100000000,170715257,2000000.0,False,Prior Forecast,Wholesale Acceleration
2027-01-01,0,0,83333,-109888886,1300634.129328,0,192964398,0,False,1116019.188199,2232038,92964398,2438215.395008,100000000,192964398,2000000.0,False,Prior Forecast,Wholesale Acceleration
2027-02-01,0,0,83333,-27743946,1023194.669261,0,192964398,0,False,1116019.188199,2232038,92964398,2545714.127697,100000000,192964398,2000000.0,False,Prior Forecast,Wholesale Acceleration
2027-03-01,0,0,83333,-26111720,762077.465269,0,192964398,0,False,1116019.188199,2232038,92964398,2653212.860386,100000000,192964398,2000000.0,False,Prior Forecast,Wholesale Acceleration
2027-04-01,0,0,83333,-20170269,560374.778284,0,192964398,0,False,1116019.188199,2232038,92964398,2717712.1,100000000,192964398,2000000.0,False,Prior Forecast,Wholesale Acceleration
2027-05-01,0,0,83333,-26802428,500000.0,20764950,172199449,0,False,1116019.188199,2232038,92964398,2803711.086151,100000000,192964398,2000000.0,False,Prior Forecast,Wholesale Acceleration
2027-06-01,20764950,129781,74681,-22337733,500000.0,43102683,149861716,0,False,1116019.188199,2232038,92964398,2868210.325765,100000000,192964398,2000000.0,False,Prior Forecast,Wholesale Acceleration
2027-07-01,43102683,269392,65374,40605318,500000.0,2497365,190467034,0,False,1116019.188199,2232038,92964398,2868210.325765,100000000,192964398,2000000.0,False,Prior Forecast,Wholesale Acceleration
2027-08-01,2497365,15609,82293,-44977860,500000.0,47475225,145489174,0,False,1116019.188199,2232038,92964398,2803711.086151,100000000,192964398,2000000.0,False,Prior Forecast,Wholesale Acceleration
2027-09-01,47475225,296720,63552,23790377,500000.0,23684847,169279551,0,False,1116019.188199,2232038,92964398,2653212.860386,100000000,192964398,2000000.0,False,Prior Forecast,Wholesale Acceleration
2027-10-01,23684847,148030,73465,21575131,500000.0,2109716,190854682,0,False,1116019.188199,2232038,92964398,2502714.634622,100000000,192964398,2000000.0,False,Prior Forecast,Wholesale Acceleration
2027-11-01,2109716,13186,82454,33118915,810091.987835,0,192964398,0,False,1116019.188199,2232038,92964398,2287717.169243,100000000,192964398,2000000.0,False,Prior Forecast,Wholesale Acceleration
2027-12-01,0,0,83333,-1217397,797918.022496,0,192964398,0,False,1116019.188199,2232038,92964398,2266217.422706,100000000,192964398,2000000.0,False,Prior Forecast,Wholesale Acceleration
2028-01-01,0,0,83333,-113355830,500000.0,83564028,116435972,0,False,1388922.554704,2777845,115697249,2705533.704678,100000000,200000000,2000000.0,True,Prior Forecast,Wholesale Acceleration
2028-02-01,83564028,522275,48515,-29348932,500000.0,112912960,87087040,0,False,1388922.554704,2777845,115697249,2827101.822086,100000000,200000000,2000000.0,True,Prior Forecast,Wholesale Acceleration
2028-03-01,112912960,705706,36286,-27794704,500000.0,140707663,59292337,0,False,1388922.554704,2777845,115697249,2948669.939495,100000000,200000000,2000000.0,True,Prior Forecast,Wholesale Acceleration
2028-04-01,140707663,879423,24705,-21518388,500000.0,162226052,37773948,0,False,1388922.554704,2777845,115697249,3021610.80994,100000000,200000000,2000000.0,True,Prior Forecast,Wholesale Acceleration
2028-05-01,162226052,1013913,15739,-29297402,500000.0,191523453,8476547,0,True,1388922.554704,2777845,115697249,3118865.303867,100000000,200000000,2000000.0,True,Prior Forecast,Wholesale Acceleration
2028-06-01,191523453,1197022,3532,-24353854,500000.0,200000000,0,15877307,True,1388922.554704,2777845,115697249,3191806.174312,100000000,200000000,2000000.0,True,Prior Forecast,Wholesale Acceleration
2028-07-01,200000000,1250000,0,58177787,500000.0,141822213,58177787,0,False,1388922.554704,2777845,115697249,3191806.174312,100000000,200000000,2000000.0,True,Prior Forecast,Wholesale Acceleration
2028-08-01,141822213,886389,24241,-60111304,500000.0,200000000,0,1933516,True,1388922.554704,2777845,115697249,3118865.303867,100000000,200000000,2000000.0,True,Prior Forecast,Wholesale Acceleration
2028-09-01,200000000,1250000,0,28694635,500000.0,171305365,28694635,0,False,1388922.554704,2777845,115697249,2948669.939495,100000000,200000000,2000000.0,True,Prior Forecast,Wholesale Acceleration
2028-10-01,171305365,1070659,11956,25997731,500000.0,145307634,54692366,0,False,1388922.554704,2777845,115697249,2778474.575123,100000000,200000000,2000000.0,True,Prior Forecast,Wholesale Acceleration
2028-11-01,145307634,908173,22788,38034818,500000.0,107272816,92727184,0,False,1388922.554704,2777845,115697249,2535338.340306,100000000,200000000,2000000.0,True,Prior Forecast,Wholesale Acceleration
2028-12-01,107272816,670455,38636,-1089248,500000.0,108362064,91637936,0,False,1388922.554704,2777845,115697249,2511024.716824,100000000,200000000,2000000.0,True,Prior Forecast,Wholesale Acceleration
2026-01-01,0,0,83333,-12443556,3015229.408945,0,161486244,0,False,738130.176758,1476260,61486244,2238847.139488,100000000,161486244,2000000.0,False,Prior Forecast,Consolidation / Path to Breakeven
2026-02-01,0,0,83333,-21137107,2803858.337576,0,161486244,0,False,738130.176758,1476260,61486244,2302746.965082,100000000,161486244,2000000.0,False,Prior Forecast,Consolidation / Path to Breakeven
2026-03-01,0,0,83333,-19407047,2609787.870257,0,161486244,0,False,738130.176758,1476260,61486244,2366646.790677,100000000,161486244,2000000.0,False,Prior Forecast,Consolidation / Path to Breakeven
2026-04-01,0,0,83333,-15457810,2455209.767985,0,161486244,0,False,738130.176758,1476260,61486244,2404986.686034,100000000,161486244,2000000.0,False,Prior Forecast,Consolidation / Path to Breakeven
2026-05-01,0,0,83333,-19669196,2258517.804693,0,161486244,0,False,738130.176758,1476260,61486244,2456106.546509,100000000,161486244,2000000.0,False,Prior Forecast,Consolidation / Path to Breakeven
2026-06-01,0,0,83333,-16480051,2093717.292638,0,161486244,0,False,738130.176758,1476260,61486244,2494446.441866,100000000,161486244,2000000.0,False,Prior Forecast,Consolidation / Path to Breakeven
2026-07-01,0,0,83333,16843756,2262154.856988,0,161486244,0,False,738130.176758,1476260,61486244,2494446.441866,100000000,161486244,2000000.0,False,Prior Forecast,Consolidation / Path to Breakeven
2026-08-01,0,0,83333,-26702678,1995128.075014,0,161486244,0,False,738130.176758,1476260,61486244,2456106.546509,100000000,161486244,2000000.0,False,Prior Forecast,Consolidation / Path to Breakeven
2026-09-01,0,0,83333,11182065,2106948.726165,0,161486244,0,False,738130.176758,1476260,61486244,2366646.790677,100000000,161486244,2000000.0,False,Prior Forecast,Consolidation / Path to Breakeven
2026-10-01,0,0,83333,9810310,2205051.824507,0,161486244,0,False,738130.176758,1476260,61486244,2277187.034845,100000000,161486244,2000000.0,False,Prior Forecast,Consolidation / Path to Breakeven
2026-11-01,0,0,83333,19928582,2404337.646004,0,161486244,0,False,738130.176758,1476260,61486244,2149387.383656,100000000,161486244,2000000.0,False,Prior Forecast,Consolidation / Path to Breakeven
2026-12-01,0,0,83333,13245,2404470.091061,0,161486244,0,False,738130.176758,1476260,61486244,2136607.418537,100000000,161486244,2000000.0,False,Prior Forecast,Consolidation / Path to Breakeven
2027-01-01,0,0,83333,-68012,2403789.96698,0,157463617,0,False,689839.34147,1379679,57463617,2135608.516673,100000000,157463617,2000000.0,False,Prior Forecast,Consolidation / Path to Breakeven
2027-02-01,0,0,83333,-16825967,2235530.295065,0,157463617,0,False,689839.34147,1379679,57463617,2194074.73054,100000000,157463617,2000000.0,False,Prior Forecast,Consolidation / Path to Breakeven
2027-03-01,0,0,83333,-14718990,2088340.396138,0,157463617,0,False,689839.34147,1379679,57463617,2252540.944407,100000000,157463617,2000000.0,False,Prior Forecast,Consolidation / Path to Breakeven
2027-04-01,0,0,83333,-11073976,1977600.634576,0,157463617,0,False,689839.34147,1379679,57463617,2287620.672728,100000000,157463617,2000000.0,False,Prior Forecast,Consolidation / Path to Breakeven
2027-05-01,0,0,83333,-15244668,1825153.955996,0,157463617,0,False,689839.34147,1379679,57463617,2334393.643822,100000000,157463617,2000000.0,False,Prior Forecast,Consolidation / Path to Breakeven
2027-06-01,0,0,83333,-11994786,1705206.093861,0,157463617,0,False,689839.34147,1379679,57463617,2369473.372142,100000000,157463617,2000000.0,False,Prior Forecast,Consolidation / Path to Breakeven
2027-07-01,0,0,83333,13619073,1841396.827178,0,157463617,0,False,689839.34147,1379679,57463617,2369473.372142,100000000,157463617,2000000.0,False,Prior Forecast,Consolidation / Path to Breakeven
2027-08-01,0,0,83333,-16494648,1676450.346799,0,157463617,0,False,689839.34147,1379679,57463617,2334393.643822,100000000,157463617,2000000.0,False,Prior Forecast,Consolidation / Path to Breakeven
2027-09-01,0,0,83333,13920944,1815659.786252,0,157463617,0,False,689839.34147,1379679,57463617,2252540.944407,100000000,157463617,2000000.0,False,Prior Forecast,Consolidation / Path to Breakeven
2027-10-01,0,0,83333,12540530,1941065.081832,0,157463617,0,False,689839.34147,1379679,57463617,2170688.244993,100000000,157463617,2000000.0,False,Prior Forecast,Consolidation / Path to Breakeven
2027-11-01,0,0,83333,23839553,2179460.607627,0,157463617,0,False,689839.34147,1379679,57463617,2053755.817258,100000000,157463617,2000000.0,False,Prior Forecast,Consolidation / Path to Breakeven
2027-12-01,0,0,83333,5132893,2230789.53516,0,157463617,0,False,689839.34147,1379679,57463617,2042062.574485,100000000,157463617,2000000.0,False,Prior Forecast,Consolidation / Path to Breakeven
2028-01-01,0,0,83333,-8229447,2148495.061449,0,155647565,0,False,668037.991494,1336076,55647565,2089527.647198,100000000,155647565,2000000.0,False,Prior Forecast,Consolidation / Path to Breakeven
2028-02-01,0,0,83333,-13881813,2009676.934001,0,155647565,0,False,668037.991494,1336076,55647565,2145568.552146,100000000,155647565,2000000.0,False,Prior Forecast,Consolidation / Path to Breakeven
2028-03-01,0,0,83333,-11425829,1895418.646149,0,155647565,0,False,668037.991494,1336076,55647565,2201609.457093,100000000,155647565,2000000.0,False,Prior Forecast,Consolidation / Path to Breakeven
2028-04-01,0,0,83333,-7909104,1816327.602787,0,155647565,0,False,668037.991494,1336076,55647565,2235234.000062,100000000,155647565,2000000.0,False,Prior Forecast,Consolidation / Path to Breakeven
2028-05-01,0,0,83333,-12153521,1694792.39704,0,155647565,0,False,668037.991494,1336076,55647565,2280066.72402,100000000,155647565,2000000.0,False,Prior Forecast,Consolidation / Path to Breakeven
2028-06-01,0,0,83333,-8759930,1607193.097668,0,155647565,0,False,668037.991494,1336076,55647565,2313691.266989,100000000,155647565,2000000.0,False,Prior Forecast,Consolidation / Path to Breakeven
2028-07-01,0,0,83333,13271262,1739905.713533,0,155647565,0,False,668037.991494,1336076,55647565,2313691.266989,100000000,155647565,2000000.0,False,Prior Forecast,Consolidation / Path to Breakeven
2028-08-01,0,0,83333,-10634001,1633565.698556,0,155647565,0,False,668037.991494,1336076,55647565,2280066.72402,100000000,155647565,2000000.0,False,Prior Forecast,Consolidation / Path to Breakeven
2028-09-01,0,0,83333,16510652,1798672.216558,0,155647565,0,False,668037.991494,1336076,55647565,2201609.457093,100000000,155647565,2000000.0,False,Prior Forecast,Consolidation / Path to Breakeven
2028-10-01,0,0,83333,15098653,1949658.750543,0,155647565,0,False,668037.991494,1336076,55647565,2123152.190167,100000000,155647565,2000000.0,False,Prior Forecast,Consolidation / Path to Breakeven
2028-11-01,0,0,83333,27681955,2226478.300812,0,155647565,0,False,668037.991494,1336076,55647565,2011070.380271,100000000,155647565,2000000.0,False,Prior Forecast,Consolidation / Path to Breakeven
2028-12-01,0,0,83333,9278685,2319265.146727,0,155640675,0,False,668037.991494,1336076,55647565,1999862.199282,99993110,155640675,2000000.0,False,Prior Forecast,Consolidation / Path to Breakeven
2026-01-01,0,0,83333,-14222196,2997443.00953,0,163175102,0,False,758404.584758,1516809,63175102,2219386.006617,100000000,163175102,2000000.0,False,Prior Forecast,DTC Recovery / Margin
2026-02-01,0,0,83333,-24559225,2751850.764016,0,163175102,0,False,758404.584758,1516809,63175102,2293596.713193,100000000,163175102,2000000.0,False,Prior Forecast,DTC Recovery / Margin
2026-03-01,0,0,83333,-22961329,2522237.476448,0,163175102,0,False,758404.584758,1516809,63175102,2367807.419768,100000000,163175102,2000000.0,False,Prior Forecast,DTC Recovery / Margin
2026-04-01,0,0,83333,-18310744,2339130.032404,0,163175102,0,False,758404.584758,1516809,63175102,2412333.843713,100000000,163175102,2000000.0,False,Prior Forecast,DTC Recovery / Margin
2026-05-01,0,0,83333,-22853651,2110593.527112,0,163175102,0,False,758404.584758,1516809,63175102,2471702.408974,100000000,163175102,2000000.0,False,Prior Forecast,DTC Recovery / Margin
2026-06-01,0,0,83333,-19409441,1916499.119962,0,163175102,0,False,758404.584758,1516809,63175102,2516228.832919,100000000,163175102,2000000.0,False,Prior Forecast,DTC Recovery / Margin
2026-07-01,0,0,83333,17372686,2090225.984914,0,163175102,0,False,758404.584758,1516809,63175102,2516228.832919,100000000,163175102,2000000.0,False,Prior Forecast,DTC Recovery / Margin
2026-08-01,0,0,83333,-29736405,1792861.936612,0,163175102,0,False,758404.584758,1516809,63175102,2471702.408974,100000000,163175102,2000000.0,False,Prior Forecast,DTC Recovery / Margin
2026-09-01,0,0,83333,11843191,1911293.843135,0,163175102,0,False,758404.584758,1516809,63175102,2367807.419768,100000000,163175102,2000000.0,False,Prior Forecast,DTC Recovery / Margin
2026-10-01,0,0,83333,10446327,2015757.114456,0,163175102,0,False,758404.584758,1516809,63175102,2263912.430562,100000000,163175102,2000000.0,False,Prior Forecast,DTC Recovery / Margin
2026-11-01,0,0,83333,20849143,2224248.545259,0,163175102,0,False,758404.584758,1516809,63175102,2115491.017412,100000000,163175102,2000000.0,False,Prior Forecast,DTC Recovery / Margin
2026-12-01,0,0,83333,-1774838,2206500.16391,0,163175102,0,False,758404.584758,1516809,63175102,2100648.876097,100000000,163175102,2000000.0,False,Prior Forecast,DTC Recovery / Margin
2027-01-01,0,0,83333,-25749421,1949005.949298,0,162920770,0,False,755351.380506,1510703,62920770,2199523.609263,100000000,162920770,2000000.0,False,Prior Forecast,DTC Recovery / Margin
2027-02-01,0,0,83333,-22962842,1719377.52555,0,162920770,0,False,755351.380506,1510703,62920770,2272688.926504,100000000,162920770,2000000.0,False,Prior Forecast,DTC Recovery / Margin
2027-03-01,0,0,83333,-21040423,1508973.295301,0,162920770,0,False,755351.380506,1510703,62920770,2345854.243745,100000000,162920770,2000000.0,False,Prior Forecast,DTC Recovery / Margin
2027-04-01,0,0,83333,-16432104,1344652.2602,0,162920770,0,False,755351.380506,1510703,62920770,2389753.434089,100000000,162920770,2000000.0,False,Prior Forecast,DTC Recovery / Margin
2027-05-01,0,0,83333,-21142048,1133231.778898,0,162920770,0,False,755351.380506,1510703,62920770,2448285.687882,100000000,162920770,2000000.0,False,Prior Forecast,DTC Recovery / Margin
2027-06-01,0,0,83333,-17528861,957943.166723,0,162920770,0,False,755351.380506,1510703,62920770,2492184.878227,100000000,162920770,2000000.0,False,Prior Forecast,DTC Recovery / Margin
2027-07-01,0,0,83333,17630209,1134245.261423,0,162920770,0,False,755351.380506,1510703,62920770,2492184.878227,100000000,162920770,2000000.0,False,Prior Forecast,DTC Recovery / Margin
2027-08-01,0,0,83333,-26546487,868780.388344,0,162920770,0,False,755351.380506,1510703,62920770,2448285.687882,100000000,162920770,2000000.0,False,Prior Forecast,DTC Recovery / Margin
2027-09-01,0,0,83333,13772665,1006507.040018,0,162920770,0,False,755351.380506,1510703,62920770,2345854.243745,100000000,162920770,2000000.0,False,Prior Forecast,DTC Recovery / Margin
2027-10-01,0,0,83333,12293983,1129446.874191,0,162920770,0,False,755351.380506,1510703,62920770,2243422.799607,100000000,162920770,2000000.0,False,Prior Forecast,DTC Recovery / Margin
2027-11-01,0,0,83333,23834346,1367790.332398,0,162920770,0,False,755351.380506,1510703,62920770,2097092.165125,100000000,162920770,2000000.0,False,Prior Forecast,DTC Recovery / Margin
2027-12-01,0,0,83333,1284160,1380631.927682,0,162920770,0,False,755351.380506,1510703,62920770,2082459.101677,100000000,162920770,2000000.0,False,Prior Forecast,DTC Recovery / Margin
2028-01-01,0,0,83333,-35042873,1030203.197427,0,162936058,0,False,755534.915818,1511070,62936058,2241079.187769,100000000,162936058,2000000.0,False,Prior Forecast,DTC Recovery / Margin
2028-02-01,0,0,83333,-22487965,805323.54352,0,162936058,0,False,755534.915818,1511070,62936058,2316431.640721,100000000,162936058,2000000.0,False,Prior Forecast,DTC Recovery / Margin
2028-03-01,0,0,83333,-20168857,603634.969019,0,162936058,0,False,755534.915818,1511070,62936058,2391784.093672,100000000,162936058,2000000.0,False,Prior Forecast,DTC Recovery / Margin
2028-04-01,0,0,83333,-15376200,500000.0,5012703,157923356,0,False,755534.915818,1511070,62936058,2436995.565444,100000000,162936058,2000000.0,False,Prior Forecast,DTC Recovery / Margin
2028-05-01,5012703,31329,81245,-20430753,500000.0,25443456,137492603,0,False,755534.915818,1511070,62936058,2497277.527805,100000000,162936058,2000000.0,False,Prior Forecast,DTC Recovery / Margin
2028-06-01,25443456,159022,72732,-16613396,500000.0,42056852,120879206,0,False,755534.915818,1511070,62936058,2542488.999576,100000000,162936058,2000000.0,False,Prior Forecast,DTC Recovery / Margin
2028-07-01,42056852,262855,65810,21155563,500000.0,20901289,142034769,0,False,755534.915818,1511070,62936058,2542488.999576,100000000,162936058,2000000.0,False,Prior Forecast,DTC Recovery / Margin
2028-08-01,20901289,130633,74624,-27666336,500000.0,48567625,114368433,0,False,755534.915818,1511070,62936058,2497277.527805,100000000,162936058,2000000.0,False,Prior Forecast,DTC Recovery / Margin
2028-09-01,48567625,303548,63097,15756550,500000.0,32811075,130124983,0,False,755534.915818,1511070,62936058,2391784.093672,100000000,162936058,2000000.0,False,Prior Forecast,DTC Recovery / Margin
2028-10-01,32811075,205069,69662,14274888,500000.0,18536187,144399872,0,False,755534.915818,1511070,62936058,2286290.65954,100000000,162936058,2000000.0,False,Prior Forecast,DTC Recovery / Margin
2028-11-01,18536187,115851,75610,27647931,591117.442425,0,162936058,0,False,755534.915818,1511070,62936058,2135585.753636,100000000,162936058,2000000.0,False,Prior Forecast,DTC Recovery / Margin
2028-12-01,0,0,83333,4247449,633591.934834,0,162936058,0,False,755534.915818,1511070,62936058,2120515.263046,100000000,162936058,2000000.0,False,Prior Forecast,DTC Recovery / Margin
2026-01-01,0,0,83333,-13771317,3001951.793735,0,165955747,0,False,791785.680758,1583571,65955747,2208661.63256,100000000,165955747,2000000.0,False,Latest Forecast,Balanced Base
2026-02-01,0,0,83333,-24965426,2752297.529332,0,165955747,0,False,791785.680758,1583571,65955747,2289550.11264,100000000,165955747,2000000.0,False,Latest Forecast,Balanced Base
2026-03-01,0,0,83333,-23495060,2517346.933063,0,165955747,0,False,791785.680758,1583571,65955747,2370438.59272,100000000,165955747,2000000.0,False,Latest Forecast,Balanced Base
2026-04-01,0,0,83333,-18520286,2332144.07206,0,165955747,0,False,791785.680758,1583571,65955747,2418971.680768,100000000,165955747,2000000.0,False,Latest Forecast,Balanced Base
2026-05-01,0,0,83333,-23354697,2098597.102344,0,165955747,0,False,791785.680758,1583571,65955747,2483682.464832,100000000,165955747,2000000.0,False,Latest Forecast,Balanced Base
2026-06-01,0,0,83333,-19769326,1900903.842215,0,165955747,0,False,791785.680758,1583571,65955747,2532215.55288,100000000,165955747,2000000.0,False,Latest Forecast,Balanced Base
2026-07-01,0,0,83333,19377416,2094678.007125,0,165955747,0,False,791785.680758,1583571,65955747,2532215.55288,100000000,165955747,2000000.0,False,Latest Forecast,Balanced Base
2026-08-01,0,0,83333,-29867981,1795998.197774,0,165955747,0,False,791785.680758,1583571,65955747,2483682.464832,100000000,165955747,2000000.0,False,Latest Forecast,Balanced Base
2026-09-01,0,0,83333,14163930,1937637.499718,0,165955747,0,False,791785.680758,1583571,65955747,2370438.59272,100000000,165955747,2000000.0,False,Latest Forecast,Balanced Base
2026-10-01,0,0,83333,12656104,2064198.538097,0,165955747,0,False,791785.680758,1583571,65955747,2257194.720608,100000000,165955747,2000000.0,False,Latest Forecast,Balanced Base
2026-11-01,0,0,83333,22878346,2292981.994719,0,165955747,0,False,791785.680758,1583571,65955747,2095417.760448,100000000,165955747,2000000.0,False,Latest Forecast,Balanced Base
2026-12-01,0,0,83333,-1780261,2275179.388766,0,165955747,0,False,791785.680758,1583571,65955747,2079240.064432,100000000,165955747,2000000.0,False,Latest Forecast,Balanced Base
2027-01-01,0,0,83333,-54906074,1726118.649106,0,171822968,0,False,862220.502676,1724441,71822968,2301927.763305,100000000,171822968,2000000.0,False,Latest Forecast,Balanced Base
2027-02-01,0,0,83333,-24894412,1477174.530377,0,171822968,0,False,862220.502676,1724441,71822968,2387724.987108,100000000,171822968,2000000.0,False,Latest Forecast,Balanced Base
2027-03-01,0,0,83333,-23214738,1245027.145457,0,171822968,0,False,862220.502676,1724441,71822968,2473522.210912,100000000,171822968,2000000.0,False,Latest Forecast,Balanced Base
2027-04-01,0,0,83333,-18023724,1064789.900678,0,171822968,0,False,862220.502676,1724441,71822968,2525000.545194,100000000,171822968,2000000.0,False,Latest Forecast,Balanced Base
2027-05-01,0,0,83333,-23310964,831680.263592,0,171822968,0,False,862220.502676,1724441,71822968,2593638.324237,100000000,171822968,2000000.0,False,Latest Forecast,Balanced Base
2027-06-01,0,0,83333,-19431339,637366.872973,0,171822968,0,False,862220.502676,1724441,71822968,2645116.658519,100000000,171822968,2000000.0,False,Latest Forecast,Balanced Base
2027-07-01,0,0,83333,26398416,901351.030039,0,171822968,0,False,862220.502676,1724441,71822968,2645116.658519,100000000,171822968,2000000.0,False,Latest Forecast,Balanced Base
2027-08-01,0,0,83333,-34106099,560290.043971,0,171822968,0,False,862220.502676,1724441,71822968,2593638.324237,100000000,171822968,2000000.0,False,Latest Forecast,Balanced Base
2027-09-01,0,0,83333,17045622,730746.259156,0,171822968,0,False,862220.502676,1724441,71822968,2473522.210912,100000000,171822968,2000000.0,False,Latest Forecast,Balanced Base
2027-10-01,0,0,83333,15330244,884048.701752,0,171822968,0,False,862220.502676,1724441,71822968,2353406.097587,100000000,171822968,2000000.0,False,Latest Forecast,Balanced Base
2027-11-01,0,0,83333,26425350,1148302.203578,0,171822968,0,False,862220.502676,1724441,71822968,2181811.64998,100000000,171822968,2000000.0,False,Latest Forecast,Balanced Base
2027-12-01,0,0,83333,-21285,1148089.350719,0,171822968,0,False,862220.502676,1724441,71822968,2164652.20522,100000000,171822968,2000000.0,False,Latest Forecast,Balanced Base
2028-01-01,0,0,83333,-52495177,623137.57828,0,176486927,0,False,918210.403031,1836421,76486927,2387809.970876,100000000,176486927,2000000.0,False,Latest Forecast,Balanced Base
2028-02-01,0,0,83333,-24740251,500000.0,12426493,164060433,0,False,918210.403031,1836421,76486927,2478127.310867,100000000,176486927,2000000.0,False,Latest Forecast,Balanced Base
2028-03-01,12426493,77666,78156,-22918021,500000.0,35344515,141142412,0,False,918210.403031,1836421,76486927,2568444.650858,100000000,176486927,2000000.0,False,Latest Forecast,Balanced Base
2028-04-01,35344515,220903,68606,-17681894,500000.0,53026408,123460518,0,False,918210.403031,1836421,76486927,2622635.054853,100000000,176486927,2000000.0,False,Latest Forecast,Balanced Base
2028-05-01,53026408,331415,61239,-23522022,500000.0,76548430,99938497,0,False,918210.403031,1836421,76486927,2694888.926846,100000000,176486927,2000000.0,False,Latest Forecast,Balanced Base
2028-06-01,76548430,478428,51438,-19494280,500000.0,96042710,80444217,0,False,918210.403031,1836421,76486927,2749079.330841,100000000,176486927,2000000.0,False,Latest Forecast,Balanced Base
2028-07-01,96042710,600267,43316,32379697,500000.0,63663012,112823914,0,False,918210.403031,1836421,76486927,2749079.330841,100000000,176486927,2000000.0,False,Latest Forecast,Balanced Base
2028-08-01,63663012,397894,56807,-38234703,500000.0,101897715,74589212,0,False,918210.403031,1836421,76486927,2694888.926846,100000000,176486927,2000000.0,False,Latest Forecast,Balanced Base
2028-09-01,101897715,636861,40876,19279452,500000.0,82618263,93868664,0,False,918210.403031,1836421,76486927,2568444.650858,100000000,176486927,2000000.0,False,Latest Forecast,Balanced Base
2028-10-01,82618263,516364,48909,17460590,500000.0,65157673,111329254,0,False,918210.403031,1836421,76486927,2442000.37487,100000000,176486927,2000000.0,False,Latest Forecast,Balanced Base
2028-11-01,65157673,407235,56184,29502036,500000.0,35655637,140831289,0,False,918210.403031,1836421,76486927,2261365.694888,100000000,176486927,2000000.0,False,Latest Forecast,Balanced Base
2028-12-01,35655637,222848,68477,1514796,500000.0,34140841,142346086,0,False,918210.403031,1836421,76486927,2243302.226889,100000000,176486927,2000000.0,False,Latest Forecast,Balanced Base
2026-01-01,0,0,83333,-13238556,3007279.402187,0,170715257,0,False,848922.648758,1697845,70715257,2178941.559817,100000000,170715257,2000000.0,False,Latest Forecast,Wholesale Acceleration
2026-02-01,0,0,83333,-25908809,2748191.310633,0,170715257,0,False,848922.648758,1697845,70715257,2272214.005073,100000000,170715257,2000000.0,False,Latest Forecast,Wholesale Acceleration
2026-03-01,0,0,83333,-24442052,2503770.792291,0,170715257,0,False,848922.648758,1697845,70715257,2365486.450329,100000000,170715257,2000000.0,False,Latest Forecast,Wholesale Acceleration
2026-04-01,0,0,83333,-18973074,2314040.051207,0,170715257,0,False,848922.648758,1697845,70715257,2421449.917482,100000000,170715257,2000000.0,False,Latest Forecast,Wholesale Acceleration
2026-05-01,0,0,83333,-24519152,2068848.532897,0,170715257,0,False,848922.648758,1697845,70715257,2496067.873687,100000000,170715257,2000000.0,False,Latest Forecast,Wholesale Acceleration
2026-06-01,0,0,83333,-20515378,1863694.756903,0,170715257,0,False,848922.648758,1697845,70715257,2552031.34084,100000000,170715257,2000000.0,False,Latest Forecast,Wholesale Acceleration
2026-07-01,0,0,83333,22874387,2092438.631623,0,170715257,0,False,848922.648758,1697845,70715257,2552031.34084,100000000,170715257,2000000.0,False,Latest Forecast,Wholesale Acceleration
2026-08-01,0,0,83333,-29902176,1793416.875885,0,170715257,0,False,848922.648758,1697845,70715257,2496067.873687,100000000,170715257,2000000.0,False,Latest Forecast,Wholesale Acceleration
2026-09-01,0,0,83333,18760152,1981018.395036,0,170715257,0,False,848922.648758,1697845,70715257,2365486.450329,100000000,170715257,2000000.0,False,Latest Forecast,Wholesale Acceleration
2026-10-01,0,0,83333,16951749,2150535.885573,0,170715257,0,False,848922.648758,1697845,70715257,2234905.02697,100000000,170715257,2000000.0,False,Latest Forecast,Wholesale Acceleration
2026-11-01,0,0,83333,27666129,2427197.171221,0,170715257,0,False,848922.648758,1697845,70715257,2048360.136459,100000000,170715257,2000000.0,False,Latest Forecast,Wholesale Acceleration
2026-12-01,0,0,83333,-1445697,2412740.199306,0,170715257,0,False,848922.648758,1697845,70715257,2029705.647408,100000000,170715257,2000000.0,False,Latest Forecast,Wholesale Acceleration
2027-01-01,0,0,83333,-109693659,1315803.611745,0,192964398,0,False,1116019.188199,2232038,92964398,2449241.021048,100000000,192964398,2000000.0,False,Latest Forecast,Wholesale Acceleration
2027-02-01,0,0,83333,-27603268,1039770.929187,0,192964398,0,False,1116019.188199,2232038,92964398,2556739.753737,100000000,192964398,2000000.0,False,Latest Forecast,Wholesale Acceleration
2027-03-01,0,0,83333,-26016125,779609.682691,0,192964398,0,False,1116019.188199,2232038,92964398,2664238.486426,100000000,192964398,2000000.0,False,Latest Forecast,Wholesale Acceleration
2027-04-01,0,0,83333,-20039884,579210.838461,0,192964398,0,False,1116019.188199,2232038,92964398,2728737.72604,100000000,192964398,2000000.0,False,Latest Forecast,Wholesale Acceleration
2027-05-01,0,0,83333,-26622227,500000.0,18701144,174263255,0,False,1116019.188199,2232038,92964398,2814736.712191,100000000,192964398,2000000.0,False,Latest Forecast,Wholesale Acceleration
2027-06-01,18701144,116882,75541,-22175549,500000.0,40876692,152087706,0,False,1116019.188199,2232038,92964398,2879235.951805,100000000,192964398,2000000.0,False,Latest Forecast,Wholesale Acceleration
2027-07-01,40876692,255479,66301,40778742,500000.0,97950,192866448,0,False,1116019.188199,2232038,92964398,2879235.951805,100000000,192964398,2000000.0,False,Latest Forecast,Wholesale Acceleration
2027-08-01,97950,612,83293,-44918084,500000.0,45016034,147948364,0,False,1116019.188199,2232038,92964398,2814736.712191,100000000,192964398,2000000.0,False,Latest Forecast,Wholesale Acceleration
2027-09-01,45016034,281350,64577,23815714,500000.0,21200320,171764079,0,False,1116019.188199,2232038,92964398,2664238.486426,100000000,192964398,2000000.0,False,Latest Forecast,Wholesale Acceleration
2027-10-01,21200320,132502,74500,21635404,504350.84206,0,192964398,0,False,1116019.188199,2232038,92964398,2513740.260662,100000000,192964398,2000000.0,False,Latest Forecast,Wholesale Acceleration
2027-11-01,0,0,83333,33095212,835302.957554,0,192964398,0,False,1116019.188199,2232038,92964398,2298742.795283,100000000,192964398,2000000.0,False,Latest Forecast,Wholesale Acceleration
2027-12-01,0,0,83333,-1121918,824083.782517,0,192964398,0,False,1116019.188199,2232038,92964398,2277243.048746,100000000,192964398,2000000.0,False,Latest Forecast,Wholesale Acceleration
2028-01-01,0,0,83333,-113164533,500000.0,80756155,119243845,0,False,1388922.554704,2777845,115697249,2716559.330718,100000000,200000000,2000000.0,True,Latest Forecast,Wholesale Acceleration
2028-02-01,80756155,504726,49685,-29210029,500000.0,109966184,90033816,0,False,1388922.554704,2777845,115697249,2838127.448126,100000000,200000000,2000000.0,True,Latest Forecast,Wholesale Acceleration
2028-03-01,109966184,687289,37514,-27702648,500000.0,137668832,62331168,0,False,1388922.554704,2777845,115697249,2959695.565535,100000000,200000000,2000000.0,True,Latest Forecast,Wholesale Acceleration
2028-04-01,137668832,860430,25971,-21383466,500000.0,159052297,40947703,0,False,1388922.554704,2777845,115697249,3032636.43598,100000000,200000000,2000000.0,True,Latest Forecast,Wholesale Acceleration
2028-05-01,159052297,994077,17062,-29103477,500000.0,188155774,11844226,0,True,1388922.554704,2777845,115697249,3129890.929907,100000000,200000000,2000000.0,True,Latest Forecast,Wholesale Acceleration
2028-06-01,188155774,1175974,4935,-24190569,500000.0,200000000,0,12346343,True,1388922.554704,2777845,115697249,3202831.800352,100000000,200000000,2000000.0,True,Latest Forecast,Wholesale Acceleration
2028-07-01,200000000,1250000,0,58326755,500000.0,141673245,58326755,0,False,1388922.554704,2777845,115697249,3202831.800352,100000000,200000000,2000000.0,True,Latest Forecast,Wholesale Acceleration
2028-08-01,141673245,885458,24303,-60093783,500000.0,200000000,0,1767028,True,1388922.554704,2777845,115697249,3129890.929907,100000000,200000000,2000000.0,True,Latest Forecast,Wholesale Acceleration
2028-09-01,200000000,1250000,0,28668957,500000.0,171331043,28668957,0,False,1388922.554704,2777845,115697249,2959695.565535,100000000,200000000,2000000.0,True,Latest Forecast,Wholesale Acceleration
2028-10-01,171331043,1070819,11945,26014232,500000.0,145316810,54683190,0,False,1388922.554704,2777845,115697249,2789500.201163,100000000,200000000,2000000.0,True,Latest Forecast,Wholesale Acceleration
2028-11-01,145316810,908230,22785,37979507,500000.0,107337304,92662696,0,False,1388922.554704,2777845,115697249,2546363.966346,100000000,200000000,2000000.0,True,Latest Forecast,Wholesale Acceleration
2028-12-01,107337304,670858,38609,-996496,500000.0,108333800,91666200,0,False,1388922.554704,2777845,115697249,2522050.342864,100000000,200000000,2000000.0,True,Latest Forecast,Wholesale Acceleration
2026-01-01,0,0,83333,-12267050,3016994.466452,0,161486244,0,False,738130.176758,1476260,61486244,2248395.000448,100000000,161486244,2000000.0,False,Latest Forecast,Consolidation / Path to Breakeven
2026-02-01,0,0,83333,-20985909,2807135.376911,0,161486244,0,False,738130.176758,1476260,61486244,2312294.826042,100000000,161486244,2000000.0,False,Latest Forecast,Consolidation / Path to Breakeven
2026-03-01,0,0,83333,-19301559,2614119.783726,0,161486244,0,False,738130.176758,1476260,61486244,2376194.651637,100000000,161486244,2000000.0,False,Latest Forecast,Consolidation / Path to Breakeven
2026-04-01,0,0,83333,-15332051,2460799.278042,0,161486244,0,False,738130.176758,1476260,61486244,2414534.546994,100000000,161486244,2000000.0,False,Latest Forecast,Consolidation / Path to Breakeven
2026-05-01,0,0,83333,-19507928,2265720.003025,0,161486244,0,False,738130.176758,1476260,61486244,2465654.407469,100000000,161486244,2000000.0,False,Latest Forecast,Consolidation / Path to Breakeven
2026-06-01,0,0,83333,-16349256,2102227.440783,0,161486244,0,False,738130.176758,1476260,61486244,2503994.302826,100000000,161486244,2000000.0,False,Latest Forecast,Consolidation / Path to Breakeven
2026-07-01,0,0,83333,16999990,2272227.340185,0,161486244,0,False,738130.176758,1476260,61486244,2503994.302826,100000000,161486244,2000000.0,False,Latest Forecast,Consolidation / Path to Breakeven
2026-08-01,0,0,83333,-26632700,2005900.340658,0,161486244,0,False,738130.176758,1476260,61486244,2465654.407469,100000000,161486244,2000000.0,False,Latest Forecast,Consolidation / Path to Breakeven
2026-09-01,0,0,83333,11231771,2118218.0518,0,161486244,0,False,738130.176758,1476260,61486244,2376194.651637,100000000,161486244,2000000.0,False,Latest Forecast,Consolidation / Path to Breakeven
2026-10-01,0,0,83333,9880288,2217020.932588,0,161486244,0,False,738130.176758,1476260,61486244,2286734.895805,100000000,161486244,2000000.0,False,Latest Forecast,Consolidation / Path to Breakeven
2026-11-01,0,0,83333,19873819,2415759.12449,0,161486244,0,False,738130.176758,1476260,61486244,2158935.244616,100000000,161486244,2000000.0,False,Latest Forecast,Consolidation / Path to Breakeven
2026-12-01,0,0,83333,67639,2416435.510299,0,161486244,0,False,738130.176758,1476260,61486244,2146155.279497,100000000,161486244,2000000.0,False,Latest Forecast,Consolidation / Path to Breakeven
2027-01-01,0,0,83333,56571,2417001.221982,0,157463617,0,False,689839.34147,1379679,57463617,2145156.377633,100000000,157463617,2000000.0,False,Latest Forecast,Consolidation / Path to Breakeven
2027-02-01,0,0,83333,-16724631,2249754.913889,0,157463617,0,False,689839.34147,1379679,57463617,2203622.5915,100000000,157463617,2000000.0,False,Latest Forecast,Consolidation / Path to Breakeven
2027-03-01,0,0,83333,-14670313,2103051.78185,0,157463617,0,False,689839.34147,1379679,57463617,2262088.805367,100000000,157463617,2000000.0,False,Latest Forecast,Consolidation / Path to Breakeven
2027-04-01,0,0,83333,-11004899,1993002.789302,0,157463617,0,False,689839.34147,1379679,57463617,2297168.533688,100000000,157463617,2000000.0,False,Latest Forecast,Consolidation / Path to Breakeven
2027-05-01,0,0,83333,-15137638,1841626.414175,0,157463617,0,False,689839.34147,1379679,57463617,2343941.504782,100000000,157463617,2000000.0,False,Latest Forecast,Consolidation / Path to Breakeven
2027-06-01,0,0,83333,-11922862,1722397.790869,0,157463617,0,False,689839.34147,1379679,57463617,2379021.233102,100000000,157463617,2000000.0,False,Latest Forecast,Consolidation / Path to Breakeven
2027-07-01,0,0,83333,13723257,1859630.357824,0,157463617,0,False,689839.34147,1379679,57463617,2379021.233102,100000000,157463617,2000000.0,False,Latest Forecast,Consolidation / Path to Breakeven
2027-08-01,0,0,83333,-16483925,1694791.109896,0,157463617,0,False,689839.34147,1379679,57463617,2343941.504782,100000000,157463617,2000000.0,False,Latest Forecast,Consolidation / Path to Breakeven
2027-09-01,0,0,83333,13911267,1833903.779673,0,157463617,0,False,689839.34147,1379679,57463617,2262088.805367,100000000,157463617,2000000.0,False,Latest Forecast,Consolidation / Path to Breakeven
2027-10-01,0,0,83333,12551253,1959416.307705,0,157463617,0,False,689839.34147,1379679,57463617,2180236.105953,100000000,157463617,2000000.0,False,Latest Forecast,Consolidation / Path to Breakeven
2027-11-01,0,0,83333,23695157,2196367.87373,0,157463617,0,False,689839.34147,1379679,57463617,2063303.678218,100000000,157463617,2000000.0,False,Latest Forecast,Consolidation / Path to Breakeven
2027-12-01,0,0,83333,5110994,2247477.814711,0,157463617,0,False,689839.34147,1379679,57463617,2051610.435445,100000000,157463617,2000000.0,False,Latest Forecast,Consolidation / Path to Breakeven
2028-01-01,0,0,83333,-8143240,2166045.411347,0,155647565,0,False,668037.991494,1336076,55647565,2099075.508158,100000000,155647565,2000000.0,False,Latest Forecast,Consolidation / Path to Breakeven
2028-02-01,0,0,83333,-13817631,2027869.104231,0,155647565,0,False,668037.991494,1336076,55647565,2155116.413106,100000000,155647565,2000000.0,False,Latest Forecast,Consolidation / Path to Breakeven
2028-03-01,0,0,83333,-11420774,1913661.368471,0,155647565,0,False,668037.991494,1336076,55647565,2211157.318053,100000000,155647565,2000000.0,False,Latest Forecast,Consolidation / Path to Breakeven
2028-04-01,0,0,83333,-7883182,1834829.546916,0,155647565,0,False,668037.991494,1336076,55647565,2244781.861022,100000000,155647565,2000000.0,False,Latest Forecast,Consolidation / Path to Breakeven
2028-05-01,0,0,83333,-12087022,1713959.322104,0,155647565,0,False,668037.991494,1336076,55647565,2289614.58498,100000000,155647565,2000000.0,False,Latest Forecast,Consolidation / Path to Breakeven
2028-06-01,0,0,83333,-8732850,1626630.824842,0,155647565,0,False,668037.991494,1336076,55647565,2323239.127949,100000000,155647565,2000000.0,False,Latest Forecast,Consolidation / Path to Breakeven
2028-07-01,0,0,83333,13336602,1759996.84134,0,155647565,0,False,668037.991494,1336076,55647565,2323239.127949,100000000,155647565,2000000.0,False,Latest Forecast,Consolidation / Path to Breakeven
2028-08-01,0,0,83333,-10669522,1653301.619328,0,155647565,0,False,668037.991494,1336076,55647565,2289614.58498,100000000,155647565,2000000.0,False,Latest Forecast,Consolidation / Path to Breakeven
2028-09-01,0,0,83333,16454264,1817844.260582,0,155647565,0,False,668037.991494,1336076,55647565,2211157.318053,100000000,155647565,2000000.0,False,Latest Forecast,Consolidation / Path to Breakeven
2028-10-01,0,0,83333,15063133,1968475.587533,0,155647565,0,False,668037.991494,1336076,55647565,2132700.051127,100000000,155647565,2000000.0,False,Latest Forecast,Consolidation / Path to Breakeven
2028-11-01,0,0,83333,27464136,2243116.946961,0,155647565,0,False,668037.991494,1336076,55647565,2020618.241231,100000000,155647565,2000000.0,False,Latest Forecast,Consolidation / Path to Breakeven
2028-12-01,0,0,83333,9196277,2335079.712729,0,155647565,0,False,668037.991494,1336076,55647565,2009410.060242,100000000,155647565,2000000.0,False,Latest Forecast,Consolidation / Path to Breakeven
2026-01-01,0,0,83333,-14019405,2999470.92023,0,163175102,0,False,758404.584758,1516809,63175102,2229409.385697,100000000,163175102,2000000.0,False,Latest Forecast,DTC Recovery / Margin
2026-02-01,0,0,83333,-24382919,2755641.733348,0,163175102,0,False,758404.584758,1516809,63175102,2303620.092273,100000000,163175102,2000000.0,False,Latest Forecast,DTC Recovery / Margin
2026-03-01,0,0,83333,-22829427,2527347.462422,0,163175102,0,False,758404.584758,1516809,63175102,2377830.798848,100000000,163175102,2000000.0,False,Latest Forecast,DTC Recovery / Margin
2026-04-01,0,0,83333,-18158199,2345765.468053,0,163175102,0,False,758404.584758,1516809,63175102,2422357.222793,100000000,163175102,2000000.0,False,Latest Forecast,DTC Recovery / Margin
2026-05-01,0,0,83333,-22665661,2119108.859465,0,163175102,0,False,758404.584758,1516809,63175102,2481725.788054,100000000,163175102,2000000.0,False,Latest Forecast,DTC Recovery / Margin
2026-06-01,0,0,83333,-19251054,1926598.321027,0,163175102,0,False,758404.584758,1516809,63175102,2526252.211999,100000000,163175102,2000000.0,False,Latest Forecast,DTC Recovery / Margin
2026-07-01,0,0,83333,17554834,2102146.663647,0,163175102,0,False,758404.584758,1516809,63175102,2526252.211999,100000000,163175102,2000000.0,False,Latest Forecast,DTC Recovery / Margin
2026-08-01,0,0,83333,-29639948,1805747.184959,0,163175102,0,False,758404.584758,1516809,63175102,2481725.788054,100000000,163175102,2000000.0,False,Latest Forecast,DTC Recovery / Margin
2026-09-01,0,0,83333,11919004,1924937.228063,0,163175102,0,False,758404.584758,1516809,63175102,2377830.798848,100000000,163175102,2000000.0,False,Latest Forecast,DTC Recovery / Margin
2026-10-01,0,0,83333,10542784,2030365.068997,0,163175102,0,False,758404.584758,1516809,63175102,2273935.809642,100000000,163175102,2000000.0,False,Latest Forecast,DTC Recovery / Margin
2026-11-01,0,0,83333,20829767,2238662.738354,0,163175102,0,False,758404.584758,1516809,63175102,2125514.396492,100000000,163175102,2000000.0,False,Latest Forecast,DTC Recovery / Margin
2026-12-01,0,0,83333,-1687924,2221783.499706,0,163175102,0,False,758404.584758,1516809,63175102,2110672.255177,100000000,163175102,2000000.0,False,Latest Forecast,DTC Recovery / Margin
2027-01-01,0,0,83333,-25566985,1966113.651913,0,162920770,0,False,755351.380506,1510703,62920770,2209546.988343,100000000,162920770,2000000.0,False,Latest Forecast,DTC Recovery / Margin
2027-02-01,0,0,83333,-22806989,1738043.763619,0,162920770,0,False,755351.380506,1510703,62920770,2282712.305584,100000000,162920770,2000000.0,False,Latest Forecast,DTC Recovery / Margin
2027-03-01,0,0,83333,-20935935,1528684.416539,0,162920770,0,False,755351.380506,1510703,62920770,2355877.622825,100000000,162920770,2000000.0,False,Latest Forecast,DTC Recovery / Margin
2027-04-01,0,0,83333,-16305763,1365626.789003,0,162920770,0,False,755351.380506,1510703,62920770,2399776.813169,100000000,162920770,2000000.0,False,Latest Forecast,DTC Recovery / Margin
2027-05-01,0,0,83333,-20976733,1155859.457092,0,162920770,0,False,755351.380506,1510703,62920770,2458309.066962,100000000,162920770,2000000.0,False,Latest Forecast,DTC Recovery / Margin
2027-06-01,0,0,83333,-17397790,981881.559451,0,162920770,0,False,755351.380506,1510703,62920770,2502208.257307,100000000,162920770,2000000.0,False,Latest Forecast,DTC Recovery / Margin
2027-07-01,0,0,83333,17790794,1159789.496573,0,162920770,0,False,755351.380506,1510703,62920770,2502208.257307,100000000,162920770,2000000.0,False,Latest Forecast,DTC Recovery / Margin
2027-08-01,0,0,83333,-26480973,894979.764839,0,162920770,0,False,755351.380506,1510703,62920770,2458309.066962,100000000,162920770,2000000.0,False,Latest Forecast,DTC Recovery / Margin
2027-09-01,0,0,83333,13816327,1033143.033461,0,162920770,0,False,755351.380506,1510703,62920770,2355877.622825,100000000,162920770,2000000.0,False,Latest Forecast,DTC Recovery / Margin
2027-10-01,0,0,83333,12359498,1156738.008978,0,162920770,0,False,755351.380506,1510703,62920770,2253446.178687,100000000,162920770,2000000.0,False,Latest Forecast,DTC Recovery / Margin
2027-11-01,0,0,83333,23758079,1394318.798583,0,162920770,0,False,755351.380506,1510703,62920770,2107115.544205,100000000,162920770,2000000.0,False,Latest Forecast,DTC Recovery / Margin
2027-12-01,0,0,83333,1328595,1407604.748155,0,162920770,0,False,755351.380506,1510703,62920770,2092482.480757,100000000,162920770,2000000.0,False,Latest Forecast,DTC Recovery / Margin
2028-01-01,0,0,83333,-34872257,1058882.182712,0,162936058,0,False,755534.915818,1511070,62936058,2251102.566849,100000000,162936058,2000000.0,False,Latest Forecast,DTC Recovery / Margin
2028-02-01,0,0,83333,-22343915,835443.032565,0,162936058,0,False,755534.915818,1511070,62936058,2326455.019801,100000000,162936058,2000000.0,False,Latest Forecast,DTC Recovery / Margin
2028-03-01,0,0,83333,-20084638,634596.656651,0,162936058,0,False,755534.915818,1511070,62936058,2401807.472752,100000000,162936058,2000000.0,False,Latest Forecast,DTC Recovery / Margin
2028-04-01,0,0,83333,-15268725,500000.0,1809059,161126999,0,False,755534.915818,1511070,62936058,2447018.944524,100000000,162936058,2000000.0,False,Latest Forecast,DTC Recovery / Margin
2028-05-01,1809059,11307,82580,-20261392,500000.0,22070451,140865607,0,False,755534.915818,1511070,62936058,2507300.906885,100000000,162936058,2000000.0,False,Latest Forecast,DTC Recovery / Margin
2028-06-01,22070451,137940,74137,-16482935,500000.0,38553386,124382672,0,False,755534.915818,1511070,62936058,2552512.378656,100000000,162936058,2000000.0,False,Latest Forecast,DTC Recovery / Margin
2028-07-01,38553386,240959,67269,21323362,500000.0,17230025,145706034,0,False,755534.915818,1511070,62936058,2552512.378656,100000000,162936058,2000000.0,False,Latest Forecast,DTC Recovery / Margin
2028-08-01,17230025,107688,76154,-27603899,500000.0,44833923,118102135,0,False,755534.915818,1511070,62936058,2507300.906885,100000000,162936058,2000000.0,False,Latest Forecast,DTC Recovery / Margin
2028-09-01,44833923,280212,64653,15796097,500000.0,29037826,133898232,0,False,755534.915818,1511070,62936058,2401807.472752,100000000,162936058,2000000.0,False,Latest Forecast,DTC Recovery / Margin
2028-10-01,29037826,181486,71234,14337920,500000.0,14699906,148236152,0,False,755534.915818,1511070,62936058,2296314.03862,100000000,162936058,2000000.0,False,Latest Forecast,DTC Recovery / Margin
2028-11-01,14699906,91874,77208,27537848,628379.420141,0,162936058,0,False,755534.915818,1511070,62936058,2145609.132716,100000000,162936058,2000000.0,False,Latest Forecast,DTC Recovery / Margin
2028-12-01,0,0,83333,4253084,670910.257706,0,162936058,0,False,755534.915818,1511070,62936058,2130538.642126,100000000,162936058,2000000.0,False,Latest Forecast,DTC Recovery / Margin
