date,product_key,location_key,closing_units,receipts,shipments,returns_in,write_offs,opening_units
2023-01-01,1,1,1523.160714,0.0,25.0,0.0,0.0,1548.160714
2023-01-01,2,1,1174.5,0.0,15.0,0.0,0.0,1189.5
2023-01-01,3,1,1100.285714,0.0,14.0,0.0,0.0,1114.285714
2023-01-01,4,1,1114.571429,0.0,22.0,0.0,0.0,1136.571429
2023-01-01,5,1,625.803571,0.0,17.0,0.0,0.0,642.803571
2023-01-01,6,1,983.982143,0.0,14.0,0.0,0.0,997.982143
2023-01-01,7,1,537.392857,0.0,10.0,0.0,0.0,547.392857
2023-01-01,8,1,491.339286,0.0,8.0,0.0,0.0,499.339286
2023-01-01,9,1,442.803571,0.0,5.0,0.0,0.0,447.803571
2023-01-01,10,1,598.892857,0.0,7.0,0.0,0.0,605.892857
2023-01-01,11,1,465.482143,0.0,6.0,0.0,0.0,471.482143
2023-01-01,12,1,561.285714,0.0,7.0,0.0,0.0,568.285714
2023-01-01,13,1,364.107143,0.0,5.0,0.0,0.0,369.107143
2023-01-01,14,1,296.464286,0.0,3.0,0.0,0.0,299.464286
2023-01-01,15,1,744.267857,0.0,3.0,0.0,0.0,747.267857
2023-01-01,16,1,200.571429,0.0,0.0,0.0,0.0,200.571429
2023-01-01,17,1,315.267857,0.0,3.0,0.0,0.0,318.267857
2023-01-01,18,1,439.982143,0.0,12.0,0.0,0.0,451.982143
2023-01-01,19,1,320.625,0.0,6.0,0.0,0.0,326.625
2023-01-01,20,1,238.267857,0.0,2.0,0.0,0.0,240.267857
2023-01-01,21,1,637.071429,0.0,12.0,0.0,0.0,649.071429
2023-01-01,22,1,221.464286,0.0,0.0,0.0,0.0,221.464286
2023-01-01,23,1,301.946429,0.0,1.0,0.0,0.0,302.946429
2023-01-01,24,1,446.982143,0.0,5.0,0.0,0.0,451.982143
2023-01-01,25,1,321.142857,0.0,2.0,0.0,0.0,323.142857
2023-01-01,26,1,180.767857,0.0,1.0,0.0,0.0,181.767857
2023-01-01,27,1,658.178571,0.0,9.0,0.0,0.0,667.178571
2023-01-01,28,1,96.589286,0.0,3.0,0.0,0.0,99.589286
2023-01-01,29,1,303.642857,0.0,0.0,0.0,0.0,303.642857
2023-01-01,30,1,443.767857,0.0,11.0,0.0,0.0,454.767857
2023-01-01,31,1,99.678571,0.0,2.0,0.0,0.0,101.678571
2023-01-01,32,1,178.160714,0.0,5.0,0.0,0.0,183.160714
2023-01-01,33,1,260.25,0.0,3.0,0.0,0.0,263.25
2023-01-01,34,1,119.482143,0.0,1.0,0.0,0.0,120.482143
2023-01-01,35,1,95.589286,0.0,4.0,0.0,0.0,99.589286
2023-01-01,36,1,869.678571,0.0,3.0,0.0,0.0,872.678571
2023-01-01,37,1,148.464286,0.0,1.0,0.0,0.0,149.464286
2023-01-01,38,1,223.392857,0.0,0.0,0.0,0.0,223.392857
2023-01-01,39,1,352.571429,0.0,1.0,0.0,0.0,353.571429
2023-01-01,40,1,117.928571,0.0,1.0,0.0,0.0,118.928571
2023-01-01,41,1,676.642857,0.0,8.0,0.0,0.0,684.642857
2023-01-01,42,1,473.107143,0.0,1.0,0.0,0.0,474.107143
2023-01-01,43,1,191.25,0.0,0.0,0.0,0.0,191.25
2023-01-01,44,1,90.0,0.0,0.0,0.0,0.0,90.0
2023-01-01,45,1,632.428571,0.0,4.0,0.0,0.0,636.428571
2023-01-01,46,1,130.178571,0.0,0.0,0.0,0.0,130.178571
2023-01-01,47,1,163.535714,0.0,2.0,0.0,0.0,165.535714
2023-01-01,48,1,138.214286,0.0,0.0,0.0,0.0,138.214286
2023-01-01,49,1,361.428571,0.0,5.0,0.0,0.0,366.428571
2023-01-01,50,1,107.678571,0.0,0.0,0.0,0.0,107.678571
2023-01-01,51,1,440.964286,0.0,1.0,0.0,0.0,441.964286
2023-01-01,52,1,157.5,0.0,0.0,0.0,0.0,157.5
2023-01-01,53,1,376.285714,0.0,3.0,0.0,0.0,379.285714
2023-01-01,54,1,234.25,0.0,2.0,0.0,0.0,236.25
2023-01-01,55,1,115.714286,0.0,0.0,0.0,0.0,115.714286
2023-01-01,56,1,65.107143,0.0,4.0,0.0,0.0,69.107143
2023-01-01,57,1,255.75,0.0,3.0,0.0,0.0,258.75
2023-01-01,58,1,50.428571,0.0,1.0,0.0,0.0,51.428571
2023-01-01,59,1,236.25,0.0,0.0,0.0,0.0,236.25
2023-01-01,60,1,39.178571,0.0,1.0,0.0,0.0,40.178571
2023-01-01,61,1,268.392857,0.0,0.0,0.0,0.0,268.392857
2023-01-01,62,1,78.75,0.0,0.0,0.0,0.0,78.75
2023-01-01,63,1,46.607143,0.0,0.0,0.0,0.0,46.607143
2023-01-01,64,1,95.428571,0.0,1.0,0.0,0.0,96.428571
2023-01-01,65,1,200.892857,0.0,0.0,0.0,0.0,200.892857
2023-01-01,66,1,78.75,0.0,0.0,0.0,0.0,78.75
2023-01-01,67,1,81.964286,0.0,0.0,0.0,0.0,81.964286
2023-01-01,68,1,202.5,0.0,0.0,0.0,0.0,202.5
2023-01-01,69,1,90.0,0.0,0.0,0.0,0.0,90.0
2023-01-01,70,1,38.571429,0.0,0.0,0.0,0.0,38.571429
2023-01-01,71,1,91.214286,0.0,2.0,0.0,0.0,93.214286
2023-01-01,72,1,122.142857,0.0,0.0,0.0,0.0,122.142857
2023-01-01,73,1,72.321429,0.0,0.0,0.0,0.0,72.321429
2023-01-01,74,1,114.107143,0.0,0.0,0.0,0.0,114.107143
2023-01-01,75,1,48.214286,0.0,0.0,0.0,0.0,48.214286
2023-01-01,76,1,147.857143,0.0,0.0,0.0,0.0,147.857143
2023-01-01,77,1,315.0,0.0,0.0,0.0,0.0,315.0
2023-01-01,78,1,64.892857,0.0,1.0,0.0,0.0,65.892857
2023-01-01,79,1,131.785714,0.0,0.0,0.0,0.0,131.785714
2023-01-01,80,1,25.714286,0.0,0.0,0.0,0.0,25.714286
2023-01-01,81,1,36.964286,0.0,0.0,0.0,0.0,36.964286
2023-01-01,82,1,62.678571,0.0,0.0,0.0,0.0,62.678571
2023-01-01,83,1,128.571429,0.0,0.0,0.0,0.0,128.571429
2023-01-01,84,1,36.964286,0.0,0.0,0.0,0.0,36.964286
2023-01-01,85,1,24.107143,0.0,0.0,0.0,0.0,24.107143
2023-01-02,1,1,1487.160714,0.0,36.0,0.0,0.0,1523.160714
2023-01-02,2,1,1124.5,0.0,50.0,0.0,0.0,1174.5
2023-01-02,3,1,1089.285714,0.0,11.0,0.0,0.0,1100.285714
2023-01-02,4,1,1073.571429,0.0,41.0,0.0,0.0,1114.571429
2023-01-02,5,1,610.803571,0.0,15.0,0.0,0.0,625.803571
2023-01-02,6,1,962.982143,0.0,21.0,0.0,0.0,983.982143
2023-01-02,7,1,521.392857,0.0,16.0,0.0,0.0,537.392857
2023-01-02,8,1,466.339286,0.0,25.0,0.0,0.0,491.339286
2023-01-02,9,1,432.803571,0.0,10.0,0.0,0.0,442.803571
2023-01-02,10,1,590.892857,0.0,8.0,0.0,0.0,598.892857
2023-01-02,11,1,458.482143,0.0,7.0,0.0,0.0,465.482143
2023-01-02,12,1,554.285714,0.0,7.0,0.0,0.0,561.285714
2023-01-02,13,1,358.107143,0.0,6.0,0.0,0.0,364.107143
2023-01-02,14,1,290.464286,0.0,6.0,0.0,0.0,296.464286
2023-01-02,15,1,734.267857,0.0,10.0,0.0,0.0,744.267857
2023-01-02,16,1,188.571429,0.0,12.0,0.0,0.0,200.571429
2023-01-02,17,1,311.267857,0.0,4.0,0.0,0.0,315.267857
2023-01-02,18,1,429.982143,0.0,10.0,0.0,0.0,439.982143
2023-01-02,19,1,302.625,0.0,18.0,0.0,0.0,320.625
2023-01-02,20,1,234.267857,0.0,4.0,0.0,0.0,238.267857
2023-01-02,21,1,610.071429,0.0,27.0,0.0,0.0,637.071429
2023-01-02,22,1,214.464286,0.0,7.0,0.0,0.0,221.464286
2023-01-02,23,1,295.946429,0.0,6.0,0.0,0.0,301.946429
2023-01-02,24,1,430.982143,0.0,16.0,0.0,0.0,446.982143
2023-01-02,25,1,313.142857,0.0,8.0,0.0,0.0,321.142857
2023-01-02,26,1,175.767857,0.0,5.0,0.0,0.0,180.767857
2023-01-02,27,1,626.178571,0.0,32.0,0.0,0.0,658.178571
2023-01-02,28,1,94.589286,0.0,2.0,0.0,0.0,96.589286
2023-01-02,29,1,300.642857,0.0,3.0,0.0,0.0,303.642857
2023-01-02,30,1,437.767857,0.0,6.0,0.0,0.0,443.767857
2023-01-02,31,1,98.678571,0.0,1.0,0.0,0.0,99.678571
2023-01-02,32,1,178.160714,0.0,0.0,0.0,0.0,178.160714
2023-01-02,33,1,257.25,0.0,3.0,0.0,0.0,260.25
2023-01-02,34,1,118.482143,0.0,1.0,0.0,0.0,119.482143
2023-01-02,35,1,92.589286,0.0,3.0,0.0,0.0,95.589286
2023-01-02,36,1,864.678571,0.0,5.0,0.0,0.0,869.678571
2023-01-02,37,1,148.464286,0.0,0.0,0.0,0.0,148.464286
2023-01-02,38,1,222.392857,0.0,1.0,0.0,0.0,223.392857
2023-01-02,39,1,337.571429,0.0,15.0,0.0,0.0,352.571429
2023-01-02,40,1,117.928571,0.0,0.0,0.0,0.0,117.928571
2023-01-02,41,1,670.642857,0.0,6.0,0.0,0.0,676.642857
2023-01-02,42,1,470.107143,0.0,3.0,0.0,0.0,473.107143
2023-01-02,43,1,189.25,0.0,2.0,0.0,0.0,191.25
2023-01-02,44,1,87.0,0.0,3.0,0.0,0.0,90.0
2023-01-02,45,1,624.428571,0.0,8.0,0.0,0.0,632.428571
2023-01-02,46,1,130.178571,0.0,0.0,0.0,0.0,130.178571
2023-01-02,47,1,161.535714,0.0,2.0,0.0,0.0,163.535714
2023-01-02,48,1,137.214286,0.0,1.0,0.0,0.0,138.214286
2023-01-02,49,1,358.428571,0.0,3.0,0.0,0.0,361.428571
2023-01-02,50,1,107.678571,0.0,0.0,0.0,0.0,107.678571
2023-01-02,51,1,440.964286,0.0,0.0,0.0,0.0,440.964286
2023-01-02,52,1,157.5,0.0,0.0,0.0,0.0,157.5
2023-01-02,53,1,375.285714,0.0,1.0,0.0,0.0,376.285714
2023-01-02,54,1,232.25,0.0,2.0,0.0,0.0,234.25
2023-01-02,55,1,112.714286,0.0,3.0,0.0,0.0,115.714286
2023-01-02,56,1,64.107143,0.0,1.0,0.0,0.0,65.107143
2023-01-02,57,1,254.75,0.0,1.0,0.0,0.0,255.75
2023-01-02,58,1,50.428571,0.0,0.0,0.0,0.0,50.428571
2023-01-02,59,1,236.25,0.0,0.0,0.0,0.0,236.25
2023-01-02,60,1,39.178571,0.0,0.0,0.0,0.0,39.178571
2023-01-02,61,1,264.392857,0.0,4.0,0.0,0.0,268.392857
2023-01-02,62,1,78.75,0.0,0.0,0.0,0.0,78.75
2023-01-02,63,1,46.607143,0.0,0.0,0.0,0.0,46.607143
2023-01-02,64,1,93.428571,0.0,2.0,0.0,0.0,95.428571
2023-01-02,65,1,196.892857,0.0,4.0,0.0,0.0,200.892857
2023-01-02,66,1,78.75,0.0,0.0,0.0,0.0,78.75
2023-01-02,67,1,81.964286,0.0,0.0,0.0,0.0,81.964286
2023-01-02,68,1,190.5,0.0,12.0,0.0,0.0,202.5
2023-01-02,69,1,89.0,0.0,1.0,0.0,0.0,90.0
2023-01-02,70,1,38.571429,0.0,0.0,0.0,0.0,38.571429
2023-01-02,71,1,90.214286,0.0,1.0,0.0,0.0,91.214286
2023-01-02,72,1,122.142857,0.0,0.0,0.0,0.0,122.142857
2023-01-02,73,1,71.321429,0.0,1.0,0.0,0.0,72.321429
2023-01-02,74,1,114.107143,0.0,0.0,0.0,0.0,114.107143
2023-01-02,75,1,48.214286,0.0,0.0,0.0,0.0,48.214286
2023-01-02,76,1,134.857143,0.0,13.0,0.0,0.0,147.857143
2023-01-02,77,1,315.0,0.0,0.0,0.0,0.0,315.0
2023-01-02,78,1,64.892857,0.0,0.0,0.0,0.0,64.892857
2023-01-02,79,1,131.785714,0.0,0.0,0.0,0.0,131.785714
2023-01-02,80,1,25.714286,0.0,0.0,0.0,0.0,25.714286
2023-01-02,81,1,36.964286,0.0,0.0,0.0,0.0,36.964286
2023-01-02,82,1,62.678571,0.0,0.0,0.0,0.0,62.678571
2023-01-02,83,1,124.571429,0.0,4.0,0.0,0.0,128.571429
2023-01-02,84,1,34.964286,0.0,2.0,0.0,0.0,36.964286
2023-01-02,85,1,24.107143,0.0,0.0,0.0,0.0,24.107143
2023-01-03,1,1,1457.160714,0.0,30.0,0.0,0.0,1487.160714
2023-01-03,2,1,1093.5,0.0,31.0,0.0,0.0,1124.5
2023-01-03,3,1,1072.285714,0.0,17.0,0.0,0.0,1089.285714
2023-01-03,4,1,1054.571429,0.0,19.0,0.0,0.0,1073.571429
2023-01-03,5,1,600.803571,0.0,10.0,0.0,0.0,610.803571
2023-01-03,6,1,944.982143,0.0,18.0,0.0,0.0,962.982143
2023-01-03,7,1,514.392857,0.0,7.0,0.0,0.0,521.392857
2023-01-03,8,1,460.339286,0.0,6.0,0.0,0.0,466.339286
2023-01-03,9,1,430.803571,0.0,2.0,0.0,0.0,432.803571
2023-01-03,10,1,580.892857,0.0,10.0,0.0,0.0,590.892857
2023-01-03,11,1,454.482143,0.0,4.0,0.0,0.0,458.482143
2023-01-03,12,1,550.285714,0.0,4.0,0.0,0.0,554.285714
2023-01-03,13,1,354.107143,0.0,4.0,0.0,0.0,358.107143
2023-01-03,14,1,285.464286,0.0,5.0,0.0,0.0,290.464286
2023-01-03,15,1,718.267857,0.0,16.0,0.0,0.0,734.267857
2023-01-03,16,1,186.571429,0.0,2.0,0.0,0.0,188.571429
2023-01-03,17,1,311.267857,0.0,0.0,0.0,0.0,311.267857
2023-01-03,18,1,423.982143,0.0,6.0,0.0,0.0,429.982143
2023-01-03,19,1,296.625,0.0,6.0,0.0,0.0,302.625
2023-01-03,20,1,227.267857,0.0,7.0,0.0,0.0,234.267857
2023-01-03,21,1,607.071429,0.0,3.0,0.0,0.0,610.071429
2023-01-03,22,1,212.464286,0.0,2.0,0.0,0.0,214.464286
2023-01-03,23,1,290.946429,0.0,5.0,0.0,0.0,295.946429
2023-01-03,24,1,419.982143,0.0,11.0,0.0,0.0,430.982143
2023-01-03,25,1,311.142857,0.0,2.0,0.0,0.0,313.142857
2023-01-03,26,1,172.767857,0.0,3.0,0.0,0.0,175.767857
2023-01-03,27,1,622.178571,0.0,4.0,0.0,0.0,626.178571
2023-01-03,28,1,93.589286,0.0,1.0,0.0,0.0,94.589286
2023-01-03,29,1,296.642857,0.0,4.0,0.0,0.0,300.642857
2023-01-03,30,1,434.767857,0.0,3.0,0.0,0.0,437.767857
2023-01-03,31,1,97.678571,0.0,1.0,0.0,0.0,98.678571
2023-01-03,32,1,178.160714,0.0,0.0,0.0,0.0,178.160714
2023-01-03,33,1,248.25,0.0,9.0,0.0,0.0,257.25
2023-01-03,34,1,118.482143,0.0,0.0,0.0,0.0,118.482143
2023-01-03,35,1,91.589286,0.0,1.0,0.0,0.0,92.589286
2023-01-03,36,1,850.678571,0.0,14.0,0.0,0.0,864.678571
2023-01-03,37,1,146.464286,0.0,2.0,0.0,0.0,148.464286
2023-01-03,38,1,217.392857,0.0,5.0,0.0,0.0,222.392857
2023-01-03,39,1,336.571429,0.0,1.0,0.0,0.0,337.571429
2023-01-03,40,1,117.928571,0.0,0.0,0.0,0.0,117.928571
2023-01-03,41,1,670.642857,0.0,0.0,0.0,0.0,670.642857
2023-01-03,42,1,470.107143,0.0,0.0,0.0,0.0,470.107143
2023-01-03,43,1,189.25,0.0,0.0,0.0,0.0,189.25
2023-01-03,44,1,83.0,0.0,4.0,0.0,0.0,87.0
2023-01-03,45,1,617.428571,0.0,7.0,0.0,0.0,624.428571
2023-01-03,46,1,129.178571,0.0,1.0,0.0,0.0,130.178571
2023-01-03,47,1,158.535714,0.0,3.0,0.0,0.0,161.535714
2023-01-03,48,1,136.214286,0.0,1.0,0.0,0.0,137.214286
2023-01-03,49,1,352.428571,0.0,6.0,0.0,0.0,358.428571
2023-01-03,50,1,107.678571,0.0,0.0,0.0,0.0,107.678571
2023-01-03,51,1,438.964286,0.0,2.0,0.0,0.0,440.964286
2023-01-03,52,1,156.5,0.0,1.0,0.0,0.0,157.5
2023-01-03,53,1,369.285714,0.0,6.0,0.0,0.0,375.285714
2023-01-03,54,1,230.25,0.0,2.0,0.0,0.0,232.25
2023-01-03,55,1,110.714286,0.0,2.0,0.0,0.0,112.714286
2023-01-03,56,1,64.107143,0.0,0.0,0.0,0.0,64.107143
2023-01-03,57,1,253.75,0.0,1.0,0.0,0.0,254.75
2023-01-03,58,1,48.428571,0.0,2.0,0.0,0.0,50.428571
2023-01-03,59,1,235.25,0.0,1.0,0.0,0.0,236.25
2023-01-03,60,1,39.178571,0.0,0.0,0.0,0.0,39.178571
2023-01-03,61,1,262.392857,0.0,2.0,0.0,0.0,264.392857
2023-01-03,62,1,78.75,0.0,0.0,0.0,0.0,78.75
2023-01-03,63,1,46.607143,0.0,0.0,0.0,0.0,46.607143
2023-01-03,64,1,93.428571,0.0,0.0,0.0,0.0,93.428571
2023-01-03,65,1,196.892857,0.0,0.0,0.0,0.0,196.892857
2023-01-03,66,1,76.75,0.0,2.0,0.0,0.0,78.75
2023-01-03,67,1,79.964286,0.0,2.0,0.0,0.0,81.964286
2023-01-03,68,1,190.5,0.0,0.0,0.0,0.0,190.5
2023-01-03,69,1,89.0,0.0,0.0,0.0,0.0,89.0
2023-01-03,70,1,38.571429,0.0,0.0,0.0,0.0,38.571429
2023-01-03,71,1,90.214286,0.0,0.0,0.0,0.0,90.214286
2023-01-03,72,1,122.142857,0.0,0.0,0.0,0.0,122.142857
2023-01-03,73,1,70.321429,0.0,1.0,0.0,0.0,71.321429
2023-01-03,74,1,112.107143,0.0,2.0,0.0,0.0,114.107143
2023-01-03,75,1,48.214286,0.0,0.0,0.0,0.0,48.214286
2023-01-03,76,1,134.857143,0.0,0.0,0.0,0.0,134.857143
2023-01-03,77,1,315.0,0.0,0.0,0.0,0.0,315.0
2023-01-03,78,1,64.892857,0.0,0.0,0.0,0.0,64.892857
2023-01-03,79,1,131.785714,0.0,0.0,0.0,0.0,131.785714
2023-01-03,80,1,24.714286,0.0,1.0,0.0,0.0,25.714286
2023-01-03,81,1,36.964286,0.0,0.0,0.0,0.0,36.964286
2023-01-03,82,1,62.678571,0.0,0.0,0.0,0.0,62.678571
2023-01-03,83,1,124.571429,0.0,0.0,0.0,0.0,124.571429
2023-01-03,84,1,34.964286,0.0,0.0,0.0,0.0,34.964286
2023-01-03,85,1,24.107143,0.0,0.0,0.0,0.0,24.107143
2023-01-04,1,1,1426.160714,0.0,31.0,0.0,0.0,1457.160714
2023-01-04,2,1,1066.5,0.0,27.0,0.0,0.0,1093.5
2023-01-04,3,1,1052.285714,0.0,20.0,0.0,0.0,1072.285714
2023-01-04,4,1,1033.571429,0.0,21.0,0.0,0.0,1054.571429
2023-01-04,5,1,587.803571,0.0,13.0,0.0,0.0,600.803571
2023-01-04,6,1,934.982143,0.0,10.0,0.0,0.0,944.982143
2023-01-04,7,1,500.392857,0.0,14.0,0.0,0.0,514.392857
2023-01-04,8,1,452.339286,0.0,8.0,0.0,0.0,460.339286
2023-01-04,9,1,422.803571,0.0,8.0,0.0,0.0,430.803571
2023-01-04,10,1,578.892857,0.0,2.0,0.0,0.0,580.892857
2023-01-04,11,1,449.482143,0.0,5.0,0.0,0.0,454.482143
2023-01-04,12,1,548.285714,0.0,2.0,0.0,0.0,550.285714
2023-01-04,13,1,352.107143,0.0,2.0,0.0,0.0,354.107143
2023-01-04,14,1,284.464286,0.0,1.0,0.0,0.0,285.464286
2023-01-04,15,1,713.267857,0.0,5.0,0.0,0.0,718.267857
2023-01-04,16,1,184.571429,0.0,2.0,0.0,0.0,186.571429
2023-01-04,17,1,309.267857,0.0,2.0,0.0,0.0,311.267857
2023-01-04,18,1,418.982143,0.0,5.0,0.0,0.0,423.982143
2023-01-04,19,1,295.625,0.0,1.0,0.0,0.0,296.625
2023-01-04,20,1,221.267857,0.0,6.0,0.0,0.0,227.267857
2023-01-04,21,1,602.071429,0.0,5.0,0.0,0.0,607.071429
2023-01-04,22,1,209.464286,0.0,3.0,0.0,0.0,212.464286
2023-01-04,23,1,287.946429,0.0,3.0,0.0,0.0,290.946429
2023-01-04,24,1,411.982143,0.0,8.0,0.0,0.0,419.982143
2023-01-04,25,1,308.142857,0.0,3.0,0.0,0.0,311.142857
2023-01-04,26,1,171.767857,0.0,1.0,0.0,0.0,172.767857
2023-01-04,27,1,619.178571,0.0,3.0,0.0,0.0,622.178571
2023-01-04,28,1,91.589286,0.0,2.0,0.0,0.0,93.589286
2023-01-04,29,1,294.642857,0.0,2.0,0.0,0.0,296.642857
2023-01-04,30,1,429.767857,0.0,5.0,0.0,0.0,434.767857
2023-01-04,31,1,96.678571,0.0,1.0,0.0,0.0,97.678571
2023-01-04,32,1,177.160714,0.0,1.0,0.0,0.0,178.160714
2023-01-04,33,1,238.25,0.0,10.0,0.0,0.0,248.25
2023-01-04,34,1,118.482143,0.0,0.0,0.0,0.0,118.482143
2023-01-04,35,1,91.589286,0.0,0.0,0.0,0.0,91.589286
2023-01-04,36,1,845.678571,0.0,5.0,0.0,0.0,850.678571
2023-01-04,37,1,146.464286,0.0,0.0,0.0,0.0,146.464286
2023-01-04,38,1,216.392857,0.0,1.0,0.0,0.0,217.392857
2023-01-04,39,1,335.571429,0.0,1.0,0.0,0.0,336.571429
2023-01-04,40,1,117.928571,0.0,0.0,0.0,0.0,117.928571
2023-01-04,41,1,669.642857,0.0,1.0,0.0,0.0,670.642857
2023-01-04,42,1,469.107143,0.0,1.0,0.0,0.0,470.107143
2023-01-04,43,1,187.25,0.0,2.0,0.0,0.0,189.25
2023-01-04,44,1,83.0,0.0,0.0,0.0,0.0,83.0
2023-01-04,45,1,611.428571,0.0,6.0,0.0,0.0,617.428571
2023-01-04,46,1,128.178571,0.0,1.0,0.0,0.0,129.178571
2023-01-04,47,1,157.535714,0.0,1.0,0.0,0.0,158.535714
2023-01-04,48,1,132.214286,0.0,4.0,0.0,0.0,136.214286
2023-01-04,49,1,351.428571,0.0,1.0,0.0,0.0,352.428571
2023-01-04,50,1,106.678571,0.0,1.0,0.0,0.0,107.678571
2023-01-04,51,1,438.964286,0.0,0.0,0.0,0.0,438.964286
2023-01-04,52,1,152.5,0.0,4.0,0.0,0.0,156.5
2023-01-04,53,1,369.285714,0.0,0.0,0.0,0.0,369.285714
2023-01-04,54,1,230.25,0.0,0.0,0.0,0.0,230.25
2023-01-04,55,1,109.714286,0.0,1.0,0.0,0.0,110.714286
2023-01-04,56,1,63.107143,0.0,1.0,0.0,0.0,64.107143
2023-01-04,57,1,251.75,0.0,2.0,0.0,0.0,253.75
2023-01-04,58,1,48.428571,0.0,0.0,0.0,0.0,48.428571
2023-01-04,59,1,235.25,0.0,0.0,0.0,0.0,235.25
2023-01-04,60,1,39.178571,0.0,0.0,0.0,0.0,39.178571
2023-01-04,61,1,261.392857,0.0,1.0,0.0,0.0,262.392857
2023-01-04,62,1,77.75,0.0,1.0,0.0,0.0,78.75
2023-01-04,63,1,46.607143,0.0,0.0,0.0,0.0,46.607143
2023-01-04,64,1,93.428571,0.0,0.0,0.0,0.0,93.428571
2023-01-04,65,1,195.892857,0.0,1.0,0.0,0.0,196.892857
2023-01-04,66,1,75.75,0.0,1.0,0.0,0.0,76.75
2023-01-04,67,1,79.964286,0.0,0.0,0.0,0.0,79.964286
2023-01-04,68,1,189.5,0.0,1.0,0.0,0.0,190.5
2023-01-04,69,1,88.0,0.0,1.0,0.0,0.0,89.0
2023-01-04,70,1,38.571429,0.0,0.0,0.0,0.0,38.571429
2023-01-04,71,1,90.214286,0.0,0.0,0.0,0.0,90.214286
2023-01-04,72,1,122.142857,0.0,0.0,0.0,0.0,122.142857
2023-01-04,73,1,69.321429,0.0,1.0,0.0,0.0,70.321429
2023-01-04,74,1,111.107143,0.0,1.0,0.0,0.0,112.107143
2023-01-04,75,1,48.214286,0.0,0.0,0.0,0.0,48.214286
2023-01-04,76,1,133.857143,0.0,1.0,0.0,0.0,134.857143
2023-01-04,77,1,314.0,0.0,1.0,0.0,0.0,315.0
2023-01-04,78,1,64.892857,0.0,0.0,0.0,0.0,64.892857
2023-01-04,79,1,131.785714,0.0,0.0,0.0,0.0,131.785714
2023-01-04,80,1,24.714286,0.0,0.0,0.0,0.0,24.714286
2023-01-04,81,1,36.964286,0.0,0.0,0.0,0.0,36.964286
2023-01-04,82,1,62.678571,0.0,0.0,0.0,0.0,62.678571
2023-01-04,83,1,124.571429,0.0,0.0,0.0,0.0,124.571429
2023-01-04,84,1,34.964286,0.0,0.0,0.0,0.0,34.964286
2023-01-04,85,1,24.107143,0.0,0.0,0.0,0.0,24.107143
2023-01-05,1,1,1391.160714,0.0,35.0,0.0,0.0,1426.160714
2023-01-05,2,1,1041.5,0.0,25.0,0.0,0.0,1066.5
2023-01-05,3,1,1025.285714,0.0,27.0,0.0,0.0,1052.285714
2023-01-05,4,1,1013.571429,0.0,20.0,0.0,0.0,1033.571429
2023-01-05,5,1,574.803571,0.0,13.0,0.0,0.0,587.803571
2023-01-05,6,1,913.982143,0.0,21.0,0.0,0.0,934.982143
2023-01-05,7,1,484.392857,0.0,16.0,0.0,0.0,500.392857
2023-01-05,8,1,436.339286,0.0,16.0,0.0,0.0,452.339286
2023-01-05,9,1,416.803571,0.0,6.0,0.0,0.0,422.803571
2023-01-05,10,1,565.892857,0.0,13.0,0.0,0.0,578.892857
2023-01-05,11,1,447.482143,0.0,2.0,0.0,0.0,449.482143
2023-01-05,12,1,540.285714,0.0,8.0,0.0,0.0,548.285714
2023-01-05,13,1,347.107143,0.0,5.0,0.0,0.0,352.107143
2023-01-05,14,1,280.464286,0.0,4.0,0.0,0.0,284.464286
2023-01-05,15,1,705.267857,0.0,8.0,0.0,0.0,713.267857
2023-01-05,16,1,183.571429,0.0,1.0,0.0,0.0,184.571429
2023-01-05,17,1,307.267857,0.0,2.0,0.0,0.0,309.267857
2023-01-05,18,1,404.982143,0.0,14.0,0.0,0.0,418.982143
2023-01-05,19,1,287.625,0.0,8.0,0.0,0.0,295.625
2023-01-05,20,1,217.267857,0.0,4.0,0.0,0.0,221.267857
2023-01-05,21,1,592.071429,0.0,10.0,0.0,0.0,602.071429
2023-01-05,22,1,208.464286,0.0,1.0,0.0,0.0,209.464286
2023-01-05,23,1,283.946429,0.0,4.0,0.0,0.0,287.946429
2023-01-05,24,1,399.982143,0.0,12.0,0.0,0.0,411.982143
2023-01-05,25,1,304.142857,0.0,4.0,0.0,0.0,308.142857
2023-01-05,26,1,169.767857,0.0,2.0,0.0,0.0,171.767857
2023-01-05,27,1,612.178571,0.0,7.0,0.0,0.0,619.178571
2023-01-05,28,1,91.589286,0.0,0.0,0.0,0.0,91.589286
2023-01-05,29,1,293.642857,0.0,1.0,0.0,0.0,294.642857
2023-01-05,30,1,422.767857,0.0,7.0,0.0,0.0,429.767857
2023-01-05,31,1,91.678571,0.0,5.0,0.0,0.0,96.678571
2023-01-05,32,1,172.160714,0.0,5.0,0.0,0.0,177.160714
2023-01-05,33,1,227.25,0.0,11.0,0.0,0.0,238.25
2023-01-05,34,1,116.482143,0.0,2.0,0.0,0.0,118.482143
2023-01-05,35,1,90.589286,0.0,1.0,0.0,0.0,91.589286
2023-01-05,36,1,841.678571,0.0,4.0,0.0,0.0,845.678571
2023-01-05,37,1,145.464286,0.0,1.0,0.0,0.0,146.464286
2023-01-05,38,1,215.392857,0.0,1.0,0.0,0.0,216.392857
2023-01-05,39,1,327.571429,0.0,8.0,0.0,0.0,335.571429
2023-01-05,40,1,114.928571,0.0,3.0,0.0,0.0,117.928571
2023-01-05,41,1,663.642857,0.0,6.0,0.0,0.0,669.642857
2023-01-05,42,1,468.107143,0.0,1.0,0.0,0.0,469.107143
2023-01-05,43,1,187.25,0.0,0.0,0.0,0.0,187.25
2023-01-05,44,1,82.0,0.0,1.0,0.0,0.0,83.0
2023-01-05,45,1,610.428571,0.0,1.0,0.0,0.0,611.428571
2023-01-05,46,1,128.178571,0.0,0.0,0.0,0.0,128.178571
2023-01-05,47,1,156.535714,0.0,1.0,0.0,0.0,157.535714
2023-01-05,48,1,128.214286,0.0,4.0,0.0,0.0,132.214286
2023-01-05,49,1,347.428571,0.0,4.0,0.0,0.0,351.428571
2023-01-05,50,1,106.678571,0.0,0.0,0.0,0.0,106.678571
2023-01-05,51,1,438.964286,0.0,0.0,0.0,0.0,438.964286
2023-01-05,52,1,152.5,0.0,0.0,0.0,0.0,152.5
2023-01-05,53,1,366.285714,0.0,3.0,0.0,0.0,369.285714
2023-01-05,54,1,230.25,0.0,0.0,0.0,0.0,230.25
2023-01-05,55,1,109.714286,0.0,0.0,0.0,0.0,109.714286
2023-01-05,56,1,63.107143,0.0,0.0,0.0,0.0,63.107143
2023-01-05,57,1,248.75,0.0,3.0,0.0,0.0,251.75
2023-01-05,58,1,48.428571,0.0,0.0,0.0,0.0,48.428571
2023-01-05,59,1,232.25,0.0,3.0,0.0,0.0,235.25
2023-01-05,60,1,37.178571,0.0,2.0,0.0,0.0,39.178571
2023-01-05,61,1,261.392857,0.0,0.0,0.0,0.0,261.392857
2023-01-05,62,1,74.75,0.0,3.0,0.0,0.0,77.75
2023-01-05,63,1,46.607143,0.0,0.0,0.0,0.0,46.607143
2023-01-05,64,1,92.428571,0.0,1.0,0.0,0.0,93.428571
2023-01-05,65,1,195.892857,0.0,0.0,0.0,0.0,195.892857
2023-01-05,66,1,75.75,0.0,0.0,0.0,0.0,75.75
2023-01-05,67,1,79.964286,0.0,0.0,0.0,0.0,79.964286
2023-01-05,68,1,189.5,0.0,0.0,0.0,0.0,189.5
2023-01-05,69,1,88.0,0.0,0.0,0.0,0.0,88.0
2023-01-05,70,1,38.571429,0.0,0.0,0.0,0.0,38.571429
2023-01-05,71,1,86.214286,0.0,4.0,0.0,0.0,90.214286
2023-01-05,72,1,120.142857,0.0,2.0,0.0,0.0,122.142857
2023-01-05,73,1,69.321429,0.0,0.0,0.0,0.0,69.321429
2023-01-05,74,1,111.107143,0.0,0.0,0.0,0.0,111.107143
2023-01-05,75,1,48.214286,0.0,0.0,0.0,0.0,48.214286
2023-01-05,76,1,133.857143,0.0,0.0,0.0,0.0,133.857143
2023-01-05,77,1,314.0,0.0,0.0,0.0,0.0,314.0
2023-01-05,78,1,64.892857,0.0,0.0,0.0,0.0,64.892857
2023-01-05,79,1,129.785714,0.0,2.0,0.0,0.0,131.785714
2023-01-05,80,1,24.714286,0.0,0.0,0.0,0.0,24.714286
2023-01-05,81,1,36.964286,0.0,0.0,0.0,0.0,36.964286
2023-01-05,82,1,62.678571,0.0,0.0,0.0,0.0,62.678571
2023-01-05,83,1,124.571429,0.0,0.0,0.0,0.0,124.571429
2023-01-05,84,1,34.964286,0.0,0.0,0.0,0.0,34.964286
2023-01-05,85,1,24.107143,0.0,0.0,0.0,0.0,24.107143
2023-01-06,1,1,1253.160714,0.0,138.0,0.0,0.0,1391.160714
2023-01-06,2,1,845.5,0.0,196.0,0.0,0.0,1041.5
2023-01-06,3,1,928.285714,0.0,97.0,0.0,0.0,1025.285714
2023-01-06,4,1,993.571429,0.0,20.0,0.0,0.0,1013.571429
2023-01-06,5,1,396.803571,0.0,178.0,0.0,0.0,574.803571
2023-01-06,6,1,796.982143,0.0,117.0,0.0,0.0,913.982143
2023-01-06,7,1,478.392857,0.0,6.0,0.0,0.0,484.392857
2023-01-06,8,1,430.339286,0.0,7.0,1.0,0.0,436.339286
2023-01-06,9,1,408.803571,0.0,8.0,0.0,0.0,416.803571
2023-01-06,10,1,413.892857,0.0,152.0,0.0,0.0,565.892857
2023-01-06,11,1,443.482143,0.0,4.0,0.0,0.0,447.482143
2023-01-06,12,1,412.285714,0.0,128.0,0.0,0.0,540.285714
2023-01-06,13,1,344.107143,0.0,3.0,0.0,0.0,347.107143
2023-01-06,14,1,273.464286,0.0,7.0,0.0,0.0,280.464286
2023-01-06,15,1,579.267857,0.0,126.0,0.0,0.0,705.267857
2023-01-06,16,1,180.571429,0.0,3.0,0.0,0.0,183.571429
2023-01-06,17,1,304.267857,0.0,3.0,0.0,0.0,307.267857
2023-01-06,18,1,347.982143,0.0,57.0,0.0,0.0,404.982143
2023-01-06,19,1,285.625,0.0,2.0,0.0,0.0,287.625
2023-01-06,20,1,161.267857,0.0,56.0,0.0,0.0,217.267857
2023-01-06,21,1,487.071429,0.0,105.0,0.0,0.0,592.071429
2023-01-06,22,1,206.464286,0.0,2.0,0.0,0.0,208.464286
2023-01-06,23,1,149.946429,0.0,134.0,0.0,0.0,283.946429
2023-01-06,24,1,380.982143,0.0,19.0,0.0,0.0,399.982143
2023-01-06,25,1,133.142857,0.0,171.0,0.0,0.0,304.142857
2023-01-06,26,1,167.767857,0.0,2.0,0.0,0.0,169.767857
2023-01-06,27,1,461.178571,0.0,151.0,0.0,0.0,612.178571
2023-01-06,28,1,86.589286,0.0,5.0,0.0,0.0,91.589286
2023-01-06,29,1,186.642857,0.0,107.0,0.0,0.0,293.642857
2023-01-06,30,1,312.767857,0.0,110.0,0.0,0.0,422.767857
2023-01-06,31,1,86.678571,0.0,5.0,0.0,0.0,91.678571
2023-01-06,32,1,169.160714,0.0,3.0,0.0,0.0,172.160714
2023-01-06,33,1,227.25,0.0,0.0,0.0,0.0,227.25
2023-01-06,34,1,114.482143,0.0,2.0,0.0,0.0,116.482143
2023-01-06,35,1,86.589286,0.0,4.0,0.0,0.0,90.589286
2023-01-06,36,1,756.678571,0.0,85.0,0.0,0.0,841.678571
2023-01-06,37,1,142.464286,0.0,3.0,0.0,0.0,145.464286
2023-01-06,38,1,213.392857,0.0,2.0,0.0,0.0,215.392857
2023-01-06,39,1,320.571429,0.0,7.0,0.0,0.0,327.571429
2023-01-06,40,1,114.928571,0.0,0.0,0.0,0.0,114.928571
2023-01-06,41,1,491.642857,0.0,172.0,0.0,0.0,663.642857
2023-01-06,42,1,467.107143,0.0,1.0,0.0,0.0,468.107143
2023-01-06,43,1,185.25,0.0,2.0,0.0,0.0,187.25
2023-01-06,44,1,80.0,0.0,2.0,0.0,0.0,82.0
2023-01-06,45,1,436.428571,0.0,174.0,0.0,0.0,610.428571
2023-01-06,46,1,126.178571,0.0,2.0,0.0,0.0,128.178571
2023-01-06,47,1,156.535714,0.0,0.0,0.0,0.0,156.535714
2023-01-06,48,1,127.214286,0.0,1.0,0.0,0.0,128.214286
2023-01-06,49,1,346.428571,0.0,1.0,0.0,0.0,347.428571
2023-01-06,50,1,103.678571,0.0,3.0,0.0,0.0,106.678571
2023-01-06,51,1,293.964286,0.0,145.0,0.0,0.0,438.964286
2023-01-06,52,1,152.5,0.0,0.0,0.0,0.0,152.5
2023-01-06,53,1,365.285714,0.0,1.0,0.0,0.0,366.285714
2023-01-06,54,1,229.25,0.0,1.0,0.0,0.0,230.25
2023-01-06,55,1,109.714286,0.0,0.0,0.0,0.0,109.714286
2023-01-06,56,1,61.107143,0.0,2.0,0.0,0.0,63.107143
2023-01-06,57,1,247.75,0.0,1.0,0.0,0.0,248.75
2023-01-06,58,1,48.428571,0.0,0.0,0.0,0.0,48.428571
2023-01-06,59,1,232.25,0.0,0.0,0.0,0.0,232.25
2023-01-06,60,1,35.178571,0.0,2.0,0.0,0.0,37.178571
2023-01-06,61,1,257.392857,0.0,4.0,0.0,0.0,261.392857
2023-01-06,62,1,74.75,0.0,0.0,0.0,0.0,74.75
2023-01-06,63,1,44.607143,0.0,2.0,0.0,0.0,46.607143
2023-01-06,64,1,91.428571,0.0,1.0,0.0,0.0,92.428571
2023-01-06,65,1,192.892857,0.0,3.0,0.0,0.0,195.892857
2023-01-06,66,1,75.75,0.0,0.0,0.0,0.0,75.75
2023-01-06,67,1,79.964286,0.0,0.0,0.0,0.0,79.964286
2023-01-06,68,1,188.5,0.0,1.0,0.0,0.0,189.5
2023-01-06,69,1,87.0,0.0,1.0,0.0,0.0,88.0
2023-01-06,70,1,38.571429,0.0,0.0,0.0,0.0,38.571429
2023-01-06,71,1,85.214286,0.0,1.0,0.0,0.0,86.214286
2023-01-06,72,1,119.142857,0.0,1.0,0.0,0.0,120.142857
2023-01-06,73,1,69.321429,0.0,0.0,0.0,0.0,69.321429
2023-01-06,74,1,111.107143,0.0,0.0,0.0,0.0,111.107143
2023-01-06,75,1,47.214286,0.0,1.0,0.0,0.0,48.214286
2023-01-06,76,1,131.857143,0.0,2.0,0.0,0.0,133.857143
2023-01-06,77,1,144.0,0.0,170.0,0.0,0.0,314.0
2023-01-06,78,1,64.892857,0.0,0.0,0.0,0.0,64.892857
2023-01-06,79,1,127.785714,0.0,2.0,0.0,0.0,129.785714
2023-01-06,80,1,24.714286,0.0,0.0,0.0,0.0,24.714286
2023-01-06,81,1,36.964286,0.0,0.0,0.0,0.0,36.964286
2023-01-06,82,1,60.678571,0.0,2.0,0.0,0.0,62.678571
2023-01-06,83,1,124.571429,0.0,0.0,0.0,0.0,124.571429
2023-01-06,84,1,34.964286,0.0,0.0,0.0,0.0,34.964286
2023-01-06,85,1,24.107143,0.0,0.0,0.0,0.0,24.107143
2023-01-07,1,1,1229.160714,0.0,24.0,0.0,0.0,1253.160714
2023-01-07,2,1,830.5,0.0,15.0,0.0,0.0,845.5
2023-01-07,3,1,907.285714,0.0,21.0,0.0,0.0,928.285714
2023-01-07,4,1,979.571429,0.0,14.0,0.0,0.0,993.571429
2023-01-07,5,1,388.803571,0.0,8.0,0.0,0.0,396.803571
2023-01-07,6,1,787.982143,0.0,9.0,0.0,0.0,796.982143
2023-01-07,7,1,463.392857,0.0,15.0,0.0,0.0,478.392857
2023-01-07,8,1,423.339286,0.0,7.0,0.0,0.0,430.339286
2023-01-07,9,1,401.803571,0.0,7.0,0.0,0.0,408.803571
2023-01-07,10,1,403.892857,0.0,10.0,0.0,0.0,413.892857
2023-01-07,11,1,440.482143,0.0,3.0,0.0,0.0,443.482143
2023-01-07,12,1,406.285714,0.0,6.0,0.0,0.0,412.285714
2023-01-07,13,1,339.107143,0.0,5.0,0.0,0.0,344.107143
2023-01-07,14,1,269.464286,0.0,4.0,0.0,0.0,273.464286
2023-01-07,15,1,568.267857,0.0,11.0,0.0,0.0,579.267857
2023-01-07,16,1,179.571429,0.0,1.0,0.0,0.0,180.571429
2023-01-07,17,1,302.267857,0.0,2.0,0.0,0.0,304.267857
2023-01-07,18,1,343.982143,0.0,4.0,0.0,0.0,347.982143
2023-01-07,19,1,278.625,0.0,7.0,0.0,0.0,285.625
2023-01-07,20,1,157.267857,0.0,4.0,0.0,0.0,161.267857
2023-01-07,21,1,479.071429,0.0,8.0,0.0,0.0,487.071429
2023-01-07,22,1,206.464286,0.0,0.0,0.0,0.0,206.464286
2023-01-07,23,1,145.946429,0.0,4.0,0.0,0.0,149.946429
2023-01-07,24,1,374.982143,0.0,6.0,0.0,0.0,380.982143
2023-01-07,25,1,130.142857,0.0,3.0,0.0,0.0,133.142857
2023-01-07,26,1,165.767857,0.0,2.0,0.0,0.0,167.767857
2023-01-07,27,1,456.178571,0.0,5.0,0.0,0.0,461.178571
2023-01-07,28,1,79.589286,0.0,7.0,0.0,0.0,86.589286
2023-01-07,29,1,185.642857,0.0,1.0,0.0,0.0,186.642857
2023-01-07,30,1,304.767857,0.0,8.0,0.0,0.0,312.767857
2023-01-07,31,1,84.678571,0.0,2.0,0.0,0.0,86.678571
2023-01-07,32,1,165.160714,0.0,4.0,0.0,0.0,169.160714
2023-01-07,33,1,224.25,0.0,3.0,0.0,0.0,227.25
2023-01-07,34,1,114.482143,0.0,0.0,0.0,0.0,114.482143
2023-01-07,35,1,86.589286,0.0,0.0,0.0,0.0,86.589286
2023-01-07,36,1,752.678571,0.0,4.0,0.0,0.0,756.678571
2023-01-07,37,1,141.464286,0.0,1.0,0.0,0.0,142.464286
2023-01-07,38,1,211.392857,0.0,2.0,0.0,0.0,213.392857
2023-01-07,39,1,318.571429,0.0,2.0,0.0,0.0,320.571429
2023-01-07,40,1,114.928571,0.0,0.0,0.0,0.0,114.928571
2023-01-07,41,1,491.642857,0.0,0.0,0.0,0.0,491.642857
2023-01-07,42,1,467.107143,0.0,0.0,0.0,0.0,467.107143
2023-01-07,43,1,182.25,0.0,3.0,0.0,0.0,185.25
2023-01-07,44,1,79.0,0.0,1.0,0.0,0.0,80.0
2023-01-07,45,1,435.428571,0.0,1.0,0.0,0.0,436.428571
2023-01-07,46,1,125.178571,0.0,1.0,0.0,0.0,126.178571
2023-01-07,47,1,155.535714,0.0,1.0,0.0,0.0,156.535714
2023-01-07,48,1,126.214286,0.0,1.0,0.0,0.0,127.214286
2023-01-07,49,1,344.428571,0.0,2.0,0.0,0.0,346.428571
2023-01-07,50,1,103.678571,0.0,0.0,0.0,0.0,103.678571
2023-01-07,51,1,293.964286,0.0,0.0,0.0,0.0,293.964286
2023-01-07,52,1,152.5,0.0,0.0,0.0,0.0,152.5
2023-01-07,53,1,365.285714,0.0,0.0,0.0,0.0,365.285714
2023-01-07,54,1,229.25,0.0,0.0,0.0,0.0,229.25
2023-01-07,55,1,107.714286,0.0,2.0,0.0,0.0,109.714286
2023-01-07,56,1,60.107143,0.0,1.0,0.0,0.0,61.107143
2023-01-07,57,1,246.75,0.0,1.0,0.0,0.0,247.75
2023-01-07,58,1,48.428571,0.0,0.0,0.0,0.0,48.428571
2023-01-07,59,1,232.25,0.0,0.0,0.0,0.0,232.25
2023-01-07,60,1,35.178571,0.0,0.0,0.0,0.0,35.178571
2023-01-07,61,1,250.392857,0.0,7.0,0.0,0.0,257.392857
2023-01-07,62,1,74.75,0.0,0.0,0.0,0.0,74.75
2023-01-07,63,1,44.607143,0.0,0.0,0.0,0.0,44.607143
2023-01-07,64,1,91.428571,0.0,0.0,0.0,0.0,91.428571
2023-01-07,65,1,191.892857,0.0,1.0,0.0,0.0,192.892857
2023-01-07,66,1,74.75,0.0,1.0,0.0,0.0,75.75
2023-01-07,67,1,79.964286,0.0,0.0,0.0,0.0,79.964286
2023-01-07,68,1,188.5,0.0,0.0,0.0,0.0,188.5
2023-01-07,69,1,87.0,0.0,0.0,0.0,0.0,87.0
2023-01-07,70,1,38.571429,0.0,0.0,0.0,0.0,38.571429
2023-01-07,71,1,85.214286,0.0,0.0,0.0,0.0,85.214286
2023-01-07,72,1,118.142857,0.0,1.0,0.0,0.0,119.142857
2023-01-07,73,1,68.321429,0.0,1.0,0.0,0.0,69.321429
2023-01-07,74,1,111.107143,0.0,0.0,0.0,0.0,111.107143
2023-01-07,75,1,46.214286,0.0,1.0,0.0,0.0,47.214286
2023-01-07,76,1,129.857143,0.0,2.0,0.0,0.0,131.857143
2023-01-07,77,1,144.0,0.0,0.0,0.0,0.0,144.0
2023-01-07,78,1,63.892857,0.0,1.0,0.0,0.0,64.892857
2023-01-07,79,1,126.785714,0.0,1.0,0.0,0.0,127.785714
2023-01-07,80,1,24.714286,0.0,0.0,0.0,0.0,24.714286
2023-01-07,81,1,34.964286,0.0,2.0,0.0,0.0,36.964286
2023-01-07,82,1,60.678571,0.0,0.0,0.0,0.0,60.678571
2023-01-07,83,1,124.571429,0.0,0.0,0.0,0.0,124.571429
2023-01-07,84,1,34.964286,0.0,0.0,0.0,0.0,34.964286
2023-01-07,85,1,24.107143,0.0,0.0,0.0,0.0,24.107143
2023-01-08,1,1,1198.160714,0.0,31.0,0.0,0.0,1229.160714
2023-01-08,2,1,816.5,0.0,15.0,1.0,0.0,830.5
2023-01-08,3,1,887.285714,0.0,20.0,0.0,0.0,907.285714
2023-01-08,4,1,961.571429,0.0,18.0,0.0,0.0,979.571429
2023-01-08,5,1,370.803571,0.0,18.0,0.0,0.0,388.803571
2023-01-08,6,1,765.982143,0.0,22.0,0.0,0.0,787.982143
2023-01-08,7,1,456.392857,0.0,7.0,0.0,0.0,463.392857
2023-01-08,8,1,415.339286,0.0,8.0,0.0,0.0,423.339286
2023-01-08,9,1,389.803571,0.0,12.0,0.0,0.0,401.803571
2023-01-08,10,1,395.892857,0.0,8.0,0.0,0.0,403.892857
2023-01-08,11,1,432.482143,0.0,8.0,0.0,0.0,440.482143
2023-01-08,12,1,399.285714,0.0,7.0,0.0,0.0,406.285714
2023-01-08,13,1,337.107143,0.0,2.0,0.0,0.0,339.107143
2023-01-08,14,1,261.464286,0.0,8.0,0.0,0.0,269.464286
2023-01-08,15,1,561.267857,0.0,7.0,0.0,0.0,568.267857
2023-01-08,16,1,174.571429,0.0,5.0,0.0,0.0,179.571429
2023-01-08,17,1,298.267857,0.0,4.0,0.0,0.0,302.267857
2023-01-08,18,1,335.982143,0.0,8.0,0.0,0.0,343.982143
2023-01-08,19,1,272.625,0.0,6.0,0.0,0.0,278.625
2023-01-08,20,1,152.267857,0.0,5.0,0.0,0.0,157.267857
2023-01-08,21,1,471.071429,0.0,8.0,0.0,0.0,479.071429
2023-01-08,22,1,204.464286,0.0,2.0,0.0,0.0,206.464286
2023-01-08,23,1,145.946429,0.0,0.0,0.0,0.0,145.946429
2023-01-08,24,1,367.982143,0.0,7.0,0.0,0.0,374.982143
2023-01-08,25,1,127.142857,0.0,3.0,0.0,0.0,130.142857
2023-01-08,26,1,165.767857,0.0,0.0,0.0,0.0,165.767857
2023-01-08,27,1,448.178571,0.0,8.0,0.0,0.0,456.178571
2023-01-08,28,1,77.589286,0.0,2.0,0.0,0.0,79.589286
2023-01-08,29,1,183.642857,0.0,2.0,0.0,0.0,185.642857
2023-01-08,30,1,300.767857,0.0,4.0,0.0,0.0,304.767857
2023-01-08,31,1,83.678571,0.0,1.0,0.0,0.0,84.678571
2023-01-08,32,1,162.160714,0.0,3.0,0.0,0.0,165.160714
2023-01-08,33,1,223.25,0.0,1.0,0.0,0.0,224.25
2023-01-08,34,1,113.482143,0.0,1.0,0.0,0.0,114.482143
2023-01-08,35,1,85.589286,0.0,1.0,0.0,0.0,86.589286
2023-01-08,36,1,737.678571,0.0,15.0,0.0,0.0,752.678571
2023-01-08,37,1,140.464286,0.0,1.0,0.0,0.0,141.464286
2023-01-08,38,1,210.392857,0.0,1.0,0.0,0.0,211.392857
2023-01-08,39,1,315.571429,0.0,3.0,0.0,0.0,318.571429
2023-01-08,40,1,112.928571,0.0,2.0,0.0,0.0,114.928571
2023-01-08,41,1,487.642857,0.0,4.0,0.0,0.0,491.642857
2023-01-08,42,1,466.107143,0.0,1.0,0.0,0.0,467.107143
2023-01-08,43,1,179.25,0.0,3.0,0.0,0.0,182.25
2023-01-08,44,1,79.0,0.0,0.0,0.0,0.0,79.0
2023-01-08,45,1,428.428571,0.0,7.0,0.0,0.0,435.428571
2023-01-08,46,1,124.178571,0.0,1.0,0.0,0.0,125.178571
2023-01-08,47,1,154.535714,0.0,1.0,0.0,0.0,155.535714
2023-01-08,48,1,126.214286,0.0,0.0,0.0,0.0,126.214286
2023-01-08,49,1,341.428571,0.0,3.0,0.0,0.0,344.428571
2023-01-08,50,1,103.678571,0.0,0.0,0.0,0.0,103.678571
2023-01-08,51,1,292.964286,0.0,1.0,0.0,0.0,293.964286
2023-01-08,52,1,149.5,0.0,3.0,0.0,0.0,152.5
2023-01-08,53,1,364.285714,0.0,1.0,0.0,0.0,365.285714
2023-01-08,54,1,229.25,0.0,0.0,0.0,0.0,229.25
2023-01-08,55,1,106.714286,0.0,1.0,0.0,0.0,107.714286
2023-01-08,56,1,59.107143,0.0,1.0,0.0,0.0,60.107143
2023-01-08,57,1,242.75,0.0,4.0,0.0,0.0,246.75
2023-01-08,58,1,47.428571,0.0,1.0,0.0,0.0,48.428571
2023-01-08,59,1,231.25,0.0,1.0,0.0,0.0,232.25
2023-01-08,60,1,34.178571,0.0,1.0,0.0,0.0,35.178571
2023-01-08,61,1,248.392857,0.0,2.0,0.0,0.0,250.392857
2023-01-08,62,1,74.75,0.0,0.0,0.0,0.0,74.75
2023-01-08,63,1,44.607143,0.0,0.0,0.0,0.0,44.607143
2023-01-08,64,1,91.428571,0.0,0.0,0.0,0.0,91.428571
2023-01-08,65,1,190.892857,0.0,1.0,0.0,0.0,191.892857
2023-01-08,66,1,74.75,0.0,0.0,0.0,0.0,74.75
2023-01-08,67,1,78.964286,0.0,1.0,0.0,0.0,79.964286
2023-01-08,68,1,188.5,0.0,0.0,0.0,0.0,188.5
2023-01-08,69,1,85.0,0.0,2.0,0.0,0.0,87.0
2023-01-08,70,1,38.571429,0.0,0.0,0.0,0.0,38.571429
2023-01-08,71,1,85.214286,0.0,0.0,0.0,0.0,85.214286
2023-01-08,72,1,118.142857,0.0,0.0,0.0,0.0,118.142857
2023-01-08,73,1,68.321429,0.0,0.0,0.0,0.0,68.321429
2023-01-08,74,1,111.107143,0.0,0.0,0.0,0.0,111.107143
2023-01-08,75,1,43.214286,0.0,3.0,0.0,0.0,46.214286
2023-01-08,76,1,129.857143,0.0,0.0,0.0,0.0,129.857143
2023-01-08,77,1,142.0,0.0,2.0,0.0,0.0,144.0
2023-01-08,78,1,63.892857,0.0,0.0,0.0,0.0,63.892857
2023-01-08,79,1,126.785714,0.0,0.0,0.0,0.0,126.785714
2023-01-08,80,1,23.714286,0.0,1.0,0.0,0.0,24.714286
2023-01-08,81,1,34.964286,0.0,0.0,0.0,0.0,34.964286
2023-01-08,82,1,59.678571,0.0,1.0,0.0,0.0,60.678571
2023-01-08,83,1,124.571429,0.0,0.0,0.0,0.0,124.571429
2023-01-08,84,1,34.964286,0.0,0.0,0.0,0.0,34.964286
2023-01-08,85,1,24.107143,0.0,0.0,0.0,0.0,24.107143
2023-01-09,1,1,1183.160714,0.0,15.0,0.0,0.0,1198.160714
2023-01-09,2,1,794.5,0.0,22.0,0.0,0.0,816.5
2023-01-09,3,1,863.285714,0.0,24.0,0.0,0.0,887.285714
2023-01-09,4,1,939.571429,0.0,22.0,0.0,0.0,961.571429
2023-01-09,5,1,360.803571,0.0,10.0,0.0,0.0,370.803571
2023-01-09,6,1,755.982143,0.0,10.0,0.0,0.0,765.982143
2023-01-09,7,1,442.392857,0.0,14.0,0.0,0.0,456.392857
2023-01-09,8,1,401.339286,0.0,14.0,0.0,0.0,415.339286
2023-01-09,9,1,380.803571,0.0,9.0,0.0,0.0,389.803571
2023-01-09,10,1,384.892857,0.0,11.0,0.0,0.0,395.892857
2023-01-09,11,1,428.482143,0.0,4.0,0.0,0.0,432.482143
2023-01-09,12,1,391.285714,0.0,8.0,0.0,0.0,399.285714
2023-01-09,13,1,333.107143,0.0,4.0,0.0,0.0,337.107143
2023-01-09,14,1,253.464286,0.0,8.0,0.0,0.0,261.464286
2023-01-09,15,1,544.267857,0.0,17.0,0.0,0.0,561.267857
2023-01-09,16,1,172.571429,0.0,2.0,0.0,0.0,174.571429
2023-01-09,17,1,294.267857,0.0,4.0,0.0,0.0,298.267857
2023-01-09,18,1,329.982143,0.0,6.0,0.0,0.0,335.982143
2023-01-09,19,1,265.625,0.0,7.0,0.0,0.0,272.625
2023-01-09,20,1,152.267857,0.0,0.0,0.0,0.0,152.267857
2023-01-09,21,1,460.071429,0.0,11.0,0.0,0.0,471.071429
2023-01-09,22,1,198.464286,0.0,6.0,0.0,0.0,204.464286
2023-01-09,23,1,143.946429,0.0,2.0,0.0,0.0,145.946429
2023-01-09,24,1,363.982143,0.0,4.0,0.0,0.0,367.982143
2023-01-09,25,1,126.142857,0.0,1.0,0.0,0.0,127.142857
2023-01-09,26,1,161.767857,0.0,4.0,0.0,0.0,165.767857
2023-01-09,27,1,434.178571,0.0,14.0,0.0,0.0,448.178571
2023-01-09,28,1,77.589286,0.0,0.0,0.0,0.0,77.589286
2023-01-09,29,1,179.642857,0.0,4.0,0.0,0.0,183.642857
2023-01-09,30,1,290.767857,0.0,10.0,0.0,0.0,300.767857
2023-01-09,31,1,82.678571,0.0,1.0,0.0,0.0,83.678571
2023-01-09,32,1,162.160714,0.0,0.0,0.0,0.0,162.160714
2023-01-09,33,1,220.25,0.0,3.0,0.0,0.0,223.25
2023-01-09,34,1,113.482143,0.0,0.0,0.0,0.0,113.482143
2023-01-09,35,1,85.589286,0.0,0.0,0.0,0.0,85.589286
2023-01-09,36,1,737.678571,0.0,0.0,0.0,0.0,737.678571
2023-01-09,37,1,140.464286,0.0,0.0,0.0,0.0,140.464286
2023-01-09,38,1,208.392857,0.0,2.0,0.0,0.0,210.392857
2023-01-09,39,1,313.571429,0.0,2.0,0.0,0.0,315.571429
2023-01-09,40,1,110.928571,0.0,2.0,0.0,0.0,112.928571
2023-01-09,41,1,487.642857,0.0,0.0,0.0,0.0,487.642857
2023-01-09,42,1,466.107143,0.0,0.0,0.0,0.0,466.107143
2023-01-09,43,1,179.25,0.0,0.0,0.0,0.0,179.25
2023-01-09,44,1,79.0,0.0,0.0,0.0,0.0,79.0
2023-01-09,45,1,428.428571,0.0,0.0,0.0,0.0,428.428571
2023-01-09,46,1,124.178571,0.0,0.0,0.0,0.0,124.178571
2023-01-09,47,1,154.535714,0.0,0.0,0.0,0.0,154.535714
2023-01-09,48,1,125.214286,0.0,1.0,0.0,0.0,126.214286
2023-01-09,49,1,340.428571,0.0,1.0,0.0,0.0,341.428571
2023-01-09,50,1,103.678571,0.0,0.0,0.0,0.0,103.678571
2023-01-09,51,1,292.964286,0.0,0.0,0.0,0.0,292.964286
2023-01-09,52,1,149.5,0.0,0.0,0.0,0.0,149.5
2023-01-09,53,1,363.285714,0.0,1.0,0.0,0.0,364.285714
2023-01-09,54,1,228.25,0.0,1.0,0.0,0.0,229.25
2023-01-09,55,1,104.714286,0.0,2.0,0.0,0.0,106.714286
2023-01-09,56,1,58.107143,0.0,1.0,0.0,0.0,59.107143
2023-01-09,57,1,241.75,0.0,1.0,0.0,0.0,242.75
2023-01-09,58,1,47.428571,0.0,0.0,0.0,0.0,47.428571
2023-01-09,59,1,229.25,0.0,2.0,0.0,0.0,231.25
2023-01-09,60,1,34.178571,0.0,0.0,0.0,0.0,34.178571
2023-01-09,61,1,247.392857,0.0,1.0,0.0,0.0,248.392857
2023-01-09,62,1,74.75,0.0,0.0,0.0,0.0,74.75
2023-01-09,63,1,44.607143,0.0,0.0,0.0,0.0,44.607143
2023-01-09,64,1,90.428571,0.0,1.0,0.0,0.0,91.428571
2023-01-09,65,1,190.892857,0.0,0.0,0.0,0.0,190.892857
2023-01-09,66,1,74.75,0.0,0.0,0.0,0.0,74.75
2023-01-09,67,1,78.964286,0.0,0.0,0.0,0.0,78.964286
2023-01-09,68,1,187.5,0.0,1.0,0.0,0.0,188.5
2023-01-09,69,1,85.0,0.0,0.0,0.0,0.0,85.0
2023-01-09,70,1,38.571429,0.0,0.0,0.0,0.0,38.571429
2023-01-09,71,1,85.214286,0.0,0.0,0.0,0.0,85.214286
2023-01-09,72,1,118.142857,0.0,0.0,0.0,0.0,118.142857
2023-01-09,73,1,66.321429,0.0,2.0,0.0,0.0,68.321429
2023-01-09,74,1,111.107143,0.0,0.0,0.0,0.0,111.107143
2023-01-09,75,1,43.214286,0.0,0.0,0.0,0.0,43.214286
2023-01-09,76,1,129.857143,0.0,0.0,0.0,0.0,129.857143
2023-01-09,77,1,142.0,0.0,0.0,0.0,0.0,142.0
2023-01-09,78,1,63.892857,0.0,0.0,0.0,0.0,63.892857
2023-01-09,79,1,126.785714,0.0,0.0,0.0,0.0,126.785714
2023-01-09,80,1,22.714286,0.0,1.0,0.0,0.0,23.714286
2023-01-09,81,1,34.964286,0.0,0.0,0.0,0.0,34.964286
2023-01-09,82,1,59.678571,0.0,0.0,0.0,0.0,59.678571
2023-01-09,83,1,124.571429,0.0,0.0,0.0,0.0,124.571429
2023-01-09,84,1,34.964286,0.0,0.0,0.0,0.0,34.964286
2023-01-09,85,1,24.107143,0.0,0.0,0.0,0.0,24.107143
2023-01-10,1,1,1160.160714,0.0,23.0,0.0,0.0,1183.160714
2023-01-10,2,1,767.5,0.0,28.0,1.0,0.0,794.5
2023-01-10,3,1,842.285714,0.0,21.0,0.0,0.0,863.285714
2023-01-10,4,1,919.571429,0.0,20.0,0.0,0.0,939.571429
2023-01-10,5,1,352.803571,0.0,8.0,0.0,0.0,360.803571
2023-01-10,6,1,736.982143,0.0,19.0,0.0,0.0,755.982143
2023-01-10,7,1,431.392857,0.0,11.0,0.0,0.0,442.392857
2023-01-10,8,1,382.339286,0.0,19.0,0.0,0.0,401.339286
2023-01-10,9,1,365.803571,0.0,15.0,0.0,0.0,380.803571
2023-01-10,10,1,371.892857,0.0,13.0,0.0,0.0,384.892857
2023-01-10,11,1,423.482143,0.0,5.0,0.0,0.0,428.482143
2023-01-10,12,1,384.285714,0.0,7.0,0.0,0.0,391.285714
2023-01-10,13,1,324.107143,0.0,9.0,0.0,0.0,333.107143
2023-01-10,14,1,246.464286,0.0,7.0,0.0,0.0,253.464286
2023-01-10,15,1,534.267857,0.0,10.0,0.0,0.0,544.267857
2023-01-10,16,1,165.571429,0.0,7.0,0.0,0.0,172.571429
2023-01-10,17,1,293.267857,0.0,1.0,0.0,0.0,294.267857
2023-01-10,18,1,323.982143,0.0,6.0,0.0,0.0,329.982143
2023-01-10,19,1,262.625,0.0,3.0,0.0,0.0,265.625
2023-01-10,20,1,146.267857,0.0,6.0,0.0,0.0,152.267857
2023-01-10,21,1,444.071429,0.0,16.0,0.0,0.0,460.071429
2023-01-10,22,1,193.464286,0.0,5.0,0.0,0.0,198.464286
2023-01-10,23,1,142.946429,0.0,1.0,0.0,0.0,143.946429
2023-01-10,24,1,352.982143,0.0,11.0,0.0,0.0,363.982143
2023-01-10,25,1,122.142857,0.0,4.0,0.0,0.0,126.142857
2023-01-10,26,1,158.767857,0.0,3.0,0.0,0.0,161.767857
2023-01-10,27,1,425.178571,0.0,9.0,0.0,0.0,434.178571
2023-01-10,28,1,71.589286,0.0,6.0,0.0,0.0,77.589286
2023-01-10,29,1,177.642857,0.0,2.0,0.0,0.0,179.642857
2023-01-10,30,1,282.767857,0.0,8.0,0.0,0.0,290.767857
2023-01-10,31,1,80.678571,0.0,2.0,0.0,0.0,82.678571
2023-01-10,32,1,159.160714,0.0,3.0,0.0,0.0,162.160714
2023-01-10,33,1,217.25,0.0,3.0,0.0,0.0,220.25
2023-01-10,34,1,112.482143,0.0,1.0,0.0,0.0,113.482143
2023-01-10,35,1,83.589286,0.0,2.0,0.0,0.0,85.589286
2023-01-10,36,1,734.678571,0.0,3.0,0.0,0.0,737.678571
2023-01-10,37,1,139.464286,0.0,1.0,0.0,0.0,140.464286
2023-01-10,38,1,207.392857,0.0,1.0,0.0,0.0,208.392857
2023-01-10,39,1,311.571429,0.0,2.0,0.0,0.0,313.571429
2023-01-10,40,1,110.928571,0.0,0.0,0.0,0.0,110.928571
2023-01-10,41,1,485.642857,0.0,2.0,0.0,0.0,487.642857
2023-01-10,42,1,460.107143,0.0,6.0,0.0,0.0,466.107143
2023-01-10,43,1,179.25,0.0,0.0,0.0,0.0,179.25
2023-01-10,44,1,78.0,0.0,1.0,0.0,0.0,79.0
2023-01-10,45,1,425.428571,0.0,3.0,0.0,0.0,428.428571
2023-01-10,46,1,124.178571,0.0,0.0,0.0,0.0,124.178571
2023-01-10,47,1,154.535714,0.0,0.0,0.0,0.0,154.535714
2023-01-10,48,1,125.214286,0.0,0.0,0.0,0.0,125.214286
2023-01-10,49,1,335.428571,0.0,5.0,0.0,0.0,340.428571
2023-01-10,50,1,100.678571,0.0,3.0,0.0,0.0,103.678571
2023-01-10,51,1,290.964286,0.0,2.0,0.0,0.0,292.964286
2023-01-10,52,1,149.5,0.0,0.0,0.0,0.0,149.5
2023-01-10,53,1,361.285714,0.0,2.0,0.0,0.0,363.285714
2023-01-10,54,1,225.25,0.0,3.0,0.0,0.0,228.25
2023-01-10,55,1,101.714286,0.0,3.0,0.0,0.0,104.714286
2023-01-10,56,1,58.107143,0.0,0.0,0.0,0.0,58.107143
2023-01-10,57,1,240.75,0.0,1.0,0.0,0.0,241.75
2023-01-10,58,1,47.428571,0.0,0.0,0.0,0.0,47.428571
2023-01-10,59,1,225.25,0.0,4.0,0.0,0.0,229.25
2023-01-10,60,1,34.178571,0.0,0.0,0.0,0.0,34.178571
2023-01-10,61,1,246.392857,0.0,1.0,0.0,0.0,247.392857
2023-01-10,62,1,73.75,0.0,1.0,0.0,0.0,74.75
2023-01-10,63,1,44.607143,0.0,0.0,0.0,0.0,44.607143
2023-01-10,64,1,90.428571,0.0,0.0,0.0,0.0,90.428571
2023-01-10,65,1,188.892857,0.0,2.0,0.0,0.0,190.892857
2023-01-10,66,1,74.75,0.0,0.0,0.0,0.0,74.75
2023-01-10,67,1,77.964286,0.0,1.0,0.0,0.0,78.964286
2023-01-10,68,1,187.5,0.0,0.0,0.0,0.0,187.5
2023-01-10,69,1,85.0,0.0,0.0,0.0,0.0,85.0
2023-01-10,70,1,37.571429,0.0,1.0,0.0,0.0,38.571429
2023-01-10,71,1,83.214286,0.0,2.0,0.0,0.0,85.214286
2023-01-10,72,1,118.142857,0.0,0.0,0.0,0.0,118.142857
2023-01-10,73,1,66.321429,0.0,0.0,0.0,0.0,66.321429
2023-01-10,74,1,108.107143,0.0,3.0,0.0,0.0,111.107143
2023-01-10,75,1,43.214286,0.0,0.0,0.0,0.0,43.214286
2023-01-10,76,1,129.857143,0.0,0.0,0.0,0.0,129.857143
2023-01-10,77,1,142.0,0.0,0.0,0.0,0.0,142.0
2023-01-10,78,1,63.892857,0.0,0.0,0.0,0.0,63.892857
2023-01-10,79,1,125.785714,0.0,1.0,0.0,0.0,126.785714
2023-01-10,80,1,21.714286,0.0,1.0,0.0,0.0,22.714286
2023-01-10,81,1,34.964286,0.0,0.0,0.0,0.0,34.964286
2023-01-10,82,1,59.678571,0.0,0.0,0.0,0.0,59.678571
2023-01-10,83,1,124.571429,0.0,0.0,0.0,0.0,124.571429
2023-01-10,84,1,34.964286,0.0,0.0,0.0,0.0,34.964286
2023-01-10,85,1,24.107143,0.0,0.0,0.0,0.0,24.107143
2023-01-11,1,1,1135.160714,0.0,25.0,0.0,0.0,1160.160714
2023-01-11,2,1,751.5,0.0,16.0,0.0,0.0,767.5
2023-01-11,3,1,823.285714,0.0,20.0,1.0,0.0,842.285714
2023-01-11,4,1,896.571429,0.0,23.0,0.0,0.0,919.571429
2023-01-11,5,1,333.803571,0.0,19.0,0.0,0.0,352.803571
2023-01-11,6,1,726.982143,0.0,10.0,0.0,0.0,736.982143
2023-01-11,7,1,425.392857,0.0,6.0,0.0,0.0,431.392857
2023-01-11,8,1,369.339286,0.0,13.0,0.0,0.0,382.339286
2023-01-11,9,1,353.803571,0.0,12.0,0.0,0.0,365.803571
2023-01-11,10,1,359.892857,0.0,12.0,0.0,0.0,371.892857
2023-01-11,11,1,412.482143,0.0,11.0,0.0,0.0,423.482143
2023-01-11,12,1,376.285714,0.0,8.0,0.0,0.0,384.285714
2023-01-11,13,1,324.107143,0.0,0.0,0.0,0.0,324.107143
2023-01-11,14,1,240.464286,0.0,6.0,0.0,0.0,246.464286
2023-01-11,15,1,521.267857,0.0,13.0,0.0,0.0,534.267857
2023-01-11,16,1,162.571429,0.0,3.0,0.0,0.0,165.571429
2023-01-11,17,1,292.267857,0.0,1.0,0.0,0.0,293.267857
2023-01-11,18,1,311.982143,0.0,12.0,0.0,0.0,323.982143
2023-01-11,19,1,259.625,0.0,3.0,0.0,0.0,262.625
2023-01-11,20,1,142.267857,0.0,4.0,0.0,0.0,146.267857
2023-01-11,21,1,433.071429,0.0,11.0,0.0,0.0,444.071429
2023-01-11,22,1,192.464286,0.0,1.0,0.0,0.0,193.464286
2023-01-11,23,1,139.946429,0.0,3.0,0.0,0.0,142.946429
2023-01-11,24,1,340.982143,0.0,12.0,0.0,0.0,352.982143
2023-01-11,25,1,118.142857,0.0,4.0,0.0,0.0,122.142857
2023-01-11,26,1,156.767857,0.0,2.0,0.0,0.0,158.767857
2023-01-11,27,1,417.178571,0.0,8.0,0.0,0.0,425.178571
2023-01-11,28,1,71.589286,0.0,0.0,0.0,0.0,71.589286
2023-01-11,29,1,177.642857,0.0,0.0,0.0,0.0,177.642857
2023-01-11,30,1,276.767857,0.0,6.0,0.0,0.0,282.767857
2023-01-11,31,1,78.678571,0.0,2.0,0.0,0.0,80.678571
2023-01-11,32,1,158.160714,0.0,1.0,0.0,0.0,159.160714
2023-01-11,33,1,213.25,0.0,4.0,0.0,0.0,217.25
2023-01-11,34,1,110.482143,0.0,2.0,0.0,0.0,112.482143
2023-01-11,35,1,80.589286,0.0,3.0,0.0,0.0,83.589286
2023-01-11,36,1,730.678571,0.0,4.0,0.0,0.0,734.678571
2023-01-11,37,1,138.464286,0.0,1.0,0.0,0.0,139.464286
2023-01-11,38,1,203.392857,0.0,4.0,0.0,0.0,207.392857
2023-01-11,39,1,306.571429,0.0,5.0,0.0,0.0,311.571429
2023-01-11,40,1,110.928571,0.0,0.0,0.0,0.0,110.928571
2023-01-11,41,1,482.642857,0.0,3.0,0.0,0.0,485.642857
2023-01-11,42,1,460.107143,0.0,0.0,0.0,0.0,460.107143
2023-01-11,43,1,179.25,0.0,0.0,0.0,0.0,179.25
2023-01-11,44,1,78.0,0.0,0.0,0.0,0.0,78.0
2023-01-11,45,1,420.428571,0.0,5.0,0.0,0.0,425.428571
2023-01-11,46,1,124.178571,0.0,0.0,0.0,0.0,124.178571
2023-01-11,47,1,154.535714,0.0,0.0,0.0,0.0,154.535714
2023-01-11,48,1,124.214286,0.0,1.0,0.0,0.0,125.214286
2023-01-11,49,1,327.428571,0.0,8.0,0.0,0.0,335.428571
2023-01-11,50,1,97.678571,0.0,3.0,0.0,0.0,100.678571
2023-01-11,51,1,288.964286,0.0,2.0,0.0,0.0,290.964286
2023-01-11,52,1,149.5,0.0,0.0,0.0,0.0,149.5
2023-01-11,53,1,358.285714,0.0,3.0,0.0,0.0,361.285714
2023-01-11,54,1,225.25,0.0,0.0,0.0,0.0,225.25
2023-01-11,55,1,100.714286,0.0,1.0,0.0,0.0,101.714286
2023-01-11,56,1,57.107143,0.0,1.0,0.0,0.0,58.107143
2023-01-11,57,1,239.75,0.0,1.0,0.0,0.0,240.75
2023-01-11,58,1,47.428571,0.0,0.0,0.0,0.0,47.428571
2023-01-11,59,1,224.25,0.0,1.0,0.0,0.0,225.25
2023-01-11,60,1,34.178571,0.0,0.0,0.0,0.0,34.178571
2023-01-11,61,1,243.392857,0.0,3.0,0.0,0.0,246.392857
2023-01-11,62,1,73.75,0.0,0.0,0.0,0.0,73.75
2023-01-11,63,1,41.607143,0.0,3.0,0.0,0.0,44.607143
2023-01-11,64,1,90.428571,0.0,0.0,0.0,0.0,90.428571
2023-01-11,65,1,188.892857,0.0,0.0,0.0,0.0,188.892857
2023-01-11,66,1,74.75,0.0,0.0,0.0,0.0,74.75
2023-01-11,67,1,77.964286,0.0,0.0,0.0,0.0,77.964286
2023-01-11,68,1,187.5,0.0,0.0,0.0,0.0,187.5
2023-01-11,69,1,85.0,0.0,0.0,0.0,0.0,85.0
2023-01-11,70,1,36.571429,0.0,1.0,0.0,0.0,37.571429
2023-01-11,71,1,81.214286,0.0,2.0,0.0,0.0,83.214286
2023-01-11,72,1,116.142857,0.0,2.0,0.0,0.0,118.142857
2023-01-11,73,1,66.321429,0.0,0.0,0.0,0.0,66.321429
2023-01-11,74,1,108.107143,0.0,0.0,0.0,0.0,108.107143
2023-01-11,75,1,43.214286,0.0,0.0,0.0,0.0,43.214286
2023-01-11,76,1,128.857143,0.0,1.0,0.0,0.0,129.857143
2023-01-11,77,1,142.0,0.0,0.0,0.0,0.0,142.0
2023-01-11,78,1,62.892857,0.0,1.0,0.0,0.0,63.892857
2023-01-11,79,1,125.785714,0.0,0.0,0.0,0.0,125.785714
2023-01-11,80,1,21.714286,0.0,0.0,0.0,0.0,21.714286
2023-01-11,81,1,34.964286,0.0,0.0,0.0,0.0,34.964286
2023-01-11,82,1,59.678571,0.0,0.0,0.0,0.0,59.678571
2023-01-11,83,1,122.571429,0.0,2.0,0.0,0.0,124.571429
2023-01-11,84,1,34.964286,0.0,0.0,0.0,0.0,34.964286
2023-01-11,85,1,24.107143,0.0,0.0,0.0,0.0,24.107143
2023-01-12,1,1,1100.160714,0.0,35.0,0.0,0.0,1135.160714
2023-01-12,2,1,736.5,0.0,15.0,0.0,0.0,751.5
2023-01-12,3,1,805.285714,0.0,18.0,0.0,0.0,823.285714
2023-01-12,4,1,875.571429,0.0,21.0,0.0,0.0,896.571429
2023-01-12,5,1,327.803571,0.0,6.0,0.0,0.0,333.803571
2023-01-12,6,1,709.982143,0.0,17.0,0.0,0.0,726.982143
2023-01-12,7,1,418.392857,0.0,7.0,0.0,0.0,425.392857
2023-01-12,8,1,364.339286,0.0,5.0,0.0,0.0,369.339286
2023-01-12,9,1,348.803571,0.0,5.0,0.0,0.0,353.803571
2023-01-12,10,1,347.892857,0.0,12.0,0.0,0.0,359.892857
2023-01-12,11,1,400.482143,0.0,12.0,0.0,0.0,412.482143
2023-01-12,12,1,366.285714,0.0,10.0,0.0,0.0,376.285714
2023-01-12,13,1,318.107143,0.0,6.0,0.0,0.0,324.107143
2023-01-12,14,1,234.464286,0.0,6.0,0.0,0.0,240.464286
2023-01-12,15,1,516.267857,0.0,5.0,0.0,0.0,521.267857
2023-01-12,16,1,162.571429,0.0,0.0,0.0,0.0,162.571429
2023-01-12,17,1,288.267857,0.0,4.0,0.0,0.0,292.267857
2023-01-12,18,1,300.982143,0.0,11.0,0.0,0.0,311.982143
2023-01-12,19,1,257.625,0.0,2.0,0.0,0.0,259.625
2023-01-12,20,1,137.267857,0.0,5.0,0.0,0.0,142.267857
2023-01-12,21,1,425.071429,0.0,8.0,0.0,0.0,433.071429
2023-01-12,22,1,191.464286,0.0,1.0,0.0,0.0,192.464286
2023-01-12,23,1,136.946429,0.0,3.0,0.0,0.0,139.946429
2023-01-12,24,1,333.982143,0.0,7.0,0.0,0.0,340.982143
2023-01-12,25,1,118.142857,0.0,0.0,0.0,0.0,118.142857
2023-01-12,26,1,152.767857,0.0,4.0,0.0,0.0,156.767857
2023-01-12,27,1,410.178571,0.0,7.0,0.0,0.0,417.178571
2023-01-12,28,1,69.589286,0.0,2.0,0.0,0.0,71.589286
2023-01-12,29,1,175.642857,0.0,2.0,0.0,0.0,177.642857
2023-01-12,30,1,272.767857,0.0,4.0,0.0,0.0,276.767857
2023-01-12,31,1,78.678571,0.0,0.0,0.0,0.0,78.678571
2023-01-12,32,1,155.160714,0.0,3.0,0.0,0.0,158.160714
2023-01-12,33,1,209.25,0.0,4.0,0.0,0.0,213.25
2023-01-12,34,1,110.482143,0.0,0.0,0.0,0.0,110.482143
2023-01-12,35,1,77.589286,0.0,3.0,0.0,0.0,80.589286
2023-01-12,36,1,726.678571,0.0,4.0,0.0,0.0,730.678571
2023-01-12,37,1,138.464286,0.0,0.0,0.0,0.0,138.464286
2023-01-12,38,1,198.392857,0.0,5.0,0.0,0.0,203.392857
2023-01-12,39,1,305.571429,0.0,1.0,0.0,0.0,306.571429
2023-01-12,40,1,109.928571,0.0,1.0,0.0,0.0,110.928571
2023-01-12,41,1,481.642857,0.0,1.0,0.0,0.0,482.642857
2023-01-12,42,1,459.107143,0.0,1.0,0.0,0.0,460.107143
2023-01-12,43,1,179.25,0.0,0.0,0.0,0.0,179.25
2023-01-12,44,1,78.0,0.0,0.0,0.0,0.0,78.0
2023-01-12,45,1,416.428571,0.0,4.0,0.0,0.0,420.428571
2023-01-12,46,1,124.178571,0.0,0.0,0.0,0.0,124.178571
2023-01-12,47,1,153.535714,0.0,1.0,0.0,0.0,154.535714
2023-01-12,48,1,124.214286,0.0,0.0,0.0,0.0,124.214286
2023-01-12,49,1,326.428571,0.0,1.0,0.0,0.0,327.428571
2023-01-12,50,1,96.678571,0.0,1.0,0.0,0.0,97.678571
2023-01-12,51,1,287.964286,0.0,1.0,0.0,0.0,288.964286
2023-01-12,52,1,148.5,0.0,1.0,0.0,0.0,149.5
2023-01-12,53,1,357.285714,0.0,1.0,0.0,0.0,358.285714
2023-01-12,54,1,225.25,0.0,0.0,0.0,0.0,225.25
2023-01-12,55,1,99.714286,0.0,1.0,0.0,0.0,100.714286
2023-01-12,56,1,57.107143,0.0,0.0,0.0,0.0,57.107143
2023-01-12,57,1,239.75,0.0,0.0,0.0,0.0,239.75
2023-01-12,58,1,47.428571,0.0,0.0,0.0,0.0,47.428571
2023-01-12,59,1,224.25,0.0,0.0,0.0,0.0,224.25
2023-01-12,60,1,32.178571,0.0,2.0,0.0,0.0,34.178571
2023-01-12,61,1,239.392857,0.0,4.0,0.0,0.0,243.392857
2023-01-12,62,1,73.75,0.0,0.0,0.0,0.0,73.75
2023-01-12,63,1,41.607143,0.0,0.0,0.0,0.0,41.607143
2023-01-12,64,1,90.428571,0.0,0.0,0.0,0.0,90.428571
2023-01-12,65,1,186.892857,0.0,2.0,0.0,0.0,188.892857
