return_id,source,source_id,source_line,customer_key,account_key,product_key,sale_date,quantity,refund_amount,lag_days,recovery_rate,return_initiation_date,return_receipt_date,refund_date,recoverable_quantity,non_sellable_quantity,return_reason
1,DTC,21,1,22536,0,27,2023-01-01,2,3372,11,0.8,2023-01-08,2023-01-12,2023-01-14,2,0,Not as expected
2,DTC,27,1,15,0,12,2023-01-01,1,4830,15,0.8,2023-01-10,2023-01-16,2023-01-18,1,0,Not as expected
3,DTC,29,1,20717,0,4,2023-01-01,1,4467,22,0.8,2023-01-14,2023-01-23,2023-01-25,1,0,Changed mind
4,DTC,46,1,29,0,4,2023-01-01,1,4467,8,0.8,2023-01-06,2023-01-09,2023-01-11,1,0,Damaged in transit
5,DTC,52,1,8587,0,35,2023-01-01,2,10087,22,0.8,2023-01-14,2023-01-23,2023-01-25,2,0,Defect
6,DTC,54,1,51172,0,36,2023-01-01,1,1844,22,0.8,2023-01-14,2023-01-23,2023-01-25,1,0,Fit / size
7,DTC,80,1,43327,0,5,2023-01-01,1,6632,23,0.8,2023-01-15,2023-01-24,2023-01-26,1,0,Damaged in transit
8,DTC,82,2,14119,0,19,2023-01-01,1,5017,25,0.8,2023-01-16,2023-01-26,2023-01-28,1,0,Changed mind
9,DTC,87,2,47973,0,21,2023-01-01,1,1805,28,0.8,2023-01-18,2023-01-29,2023-01-31,1,0,Damaged in transit
10,DTC,89,1,50,0,4,2023-01-01,1,4467,16,0.8,2023-01-11,2023-01-17,2023-01-19,1,0,Damaged in transit
11,DTC,102,2,21315,0,10,2023-01-01,1,4266,20,0.8,2023-01-13,2023-01-21,2023-01-23,1,0,Fit / size
12,DTC,105,1,10023,0,10,2023-01-01,1,4266,20,0.8,2023-01-13,2023-01-21,2023-01-23,1,0,Fit / size
13,DTC,110,1,14446,0,28,2023-01-01,1,4820,26,0.8,2023-01-17,2023-01-27,2023-01-29,1,0,Defect
14,DTC,111,1,39656,0,35,2023-01-01,1,5044,21,0.8,2023-01-14,2023-01-22,2023-01-24,1,0,Not as expected
15,DTC,125,1,27533,0,4,2023-01-01,1,4467,25,0.8,2023-01-16,2023-01-26,2023-01-28,1,0,Not as expected
16,DTC,128,1,79,0,13,2023-01-01,1,4984,27,0.8,2023-01-17,2023-01-28,2023-01-30,1,0,Fit / size
17,DTC,146,1,90,0,2,2023-01-01,1,5746,24,0.8,2023-01-15,2023-01-25,2023-01-27,1,0,Damaged in transit
18,DTC,154,2,94,0,17,2023-01-01,2,10941,12,0.8,2023-01-08,2023-01-13,2023-01-15,2,0,Damaged in transit
19,DTC,157,1,96,0,4,2023-01-01,2,8935,21,0.8,2023-01-14,2023-01-22,2023-01-24,2,0,Fit / size
20,DTC,165,2,101,0,6,2023-01-01,1,4322,25,0.8,2023-01-16,2023-01-26,2023-01-28,1,0,Defect
21,DTC,170,1,105,0,47,2023-01-01,2,9488,19,0.8,2023-01-12,2023-01-20,2023-01-22,2,0,Defect
22,DTC,176,3,51560,0,48,2023-01-02,1,6373,7,0.8,2023-01-06,2023-01-09,2023-01-11,1,0,Fit / size
23,DTC,190,1,118,0,9,2023-01-02,1,5975,21,0.8,2023-01-15,2023-01-23,2023-01-25,1,0,Damaged in transit
24,DTC,202,2,126,0,8,2023-01-02,1,5223,10,0.8,2023-01-08,2023-01-12,2023-01-14,1,0,Changed mind
25,DTC,203,3,36751,0,33,2023-01-02,1,2230,23,0.8,2023-01-16,2023-01-25,2023-01-27,1,0,Not as expected
26,DTC,238,1,153,0,11,2023-01-02,2,10228,29,0.8,2023-01-19,2023-01-31,2023-02-02,2,0,Not as expected
27,DTC,246,1,157,0,55,2023-01-02,2,11336,29,0.8,2023-01-19,2023-01-31,2023-02-02,2,0,Defect
28,DTC,246,2,157,0,2,2023-01-02,1,5746,16,0.8,2023-01-12,2023-01-18,2023-01-20,1,0,Damaged in transit
29,DTC,254,1,12691,0,4,2023-01-02,1,4467,29,0.8,2023-01-19,2023-01-31,2023-02-02,1,0,Defect
30,DTC,280,1,181,0,21,2023-01-02,1,1805,23,0.8,2023-01-16,2023-01-25,2023-01-27,1,0,Fit / size
31,DTC,285,1,186,0,27,2023-01-02,1,1686,18,0.8,2023-01-13,2023-01-20,2023-01-22,1,0,Damaged in transit
32,DTC,305,1,5226,0,4,2023-01-02,1,4467,28,0.8,2023-01-19,2023-01-30,2023-02-01,1,0,Damaged in transit
33,DTC,323,3,208,0,5,2023-01-02,2,13264,22,0.8,2023-01-15,2023-01-24,2023-01-26,2,0,Fit / size
34,DTC,338,1,220,0,2,2023-01-02,1,5746,28,0.8,2023-01-19,2023-01-30,2023-02-01,1,0,Changed mind
35,DTC,353,1,844,0,42,2023-01-02,1,8149,17,0.8,2023-01-12,2023-01-19,2023-01-21,1,0,Changed mind
36,DTC,366,1,235,0,36,2023-01-03,2,3687,21,0.8,2023-01-16,2023-01-24,2023-01-26,2,0,Fit / size
37,DTC,368,2,237,0,1,2023-01-03,2,11507,20,0.8,2023-01-15,2023-01-23,2023-01-25,2,0,Changed mind
38,DTC,380,3,43579,0,5,2023-01-03,1,6632,26,0.8,2023-01-19,2023-01-29,2023-01-31,1,0,Not as expected
39,DTC,381,1,246,0,8,2023-01-03,1,5223,25,0.8,2023-01-18,2023-01-28,2023-01-30,1,0,Not as expected
40,DTC,382,2,34991,0,54,2023-01-03,1,5571,14,0.8,2023-01-11,2023-01-17,2023-01-19,1,0,Fit / size
41,DTC,409,1,267,0,1,2023-01-03,1,5753,8,0.8,2023-01-08,2023-01-11,2023-01-13,1,0,Changed mind
42,DTC,422,1,278,0,22,2023-01-03,1,5736,23,0.8,2023-01-17,2023-01-26,2023-01-28,1,0,Defect
43,DTC,443,1,289,0,2,2023-01-03,2,11492,15,0.8,2023-01-12,2023-01-18,2023-01-20,2,0,Fit / size
44,DTC,444,1,41730,0,1,2023-01-03,1,5753,8,0.8,2023-01-08,2023-01-11,2023-01-13,1,0,Fit / size
45,DTC,447,1,290,0,4,2023-01-03,1,4467,13,0.8,2023-01-11,2023-01-16,2023-01-18,1,0,Defect
46,DTC,472,1,309,0,3,2023-01-03,1,5360,26,0.8,2023-01-19,2023-01-29,2023-01-31,1,0,Damaged in transit
47,DTC,495,1,323,0,14,2023-01-03,1,5478,25,0.8,2023-01-18,2023-01-28,2023-01-30,1,0,Changed mind
48,DTC,530,2,345,0,7,2023-01-04,1,5688,16,0.8,2023-01-14,2023-01-20,2023-01-22,1,0,Fit / size
49,DTC,540,1,351,0,31,2023-01-04,1,5363,24,0.8,2023-01-18,2023-01-28,2023-01-30,1,0,Defect
50,DTC,553,1,39284,0,4,2023-01-04,1,4467,25,0.8,2023-01-19,2023-01-29,2023-01-31,1,0,Not as expected
51,DTC,559,1,363,0,2,2023-01-04,1,5746,18,0.8,2023-01-15,2023-01-22,2023-01-24,1,0,Defect
52,DTC,560,1,364,0,4,2023-01-04,2,8935,19,0.8,2023-01-15,2023-01-23,2023-01-25,2,0,Fit / size
53,DTC,585,2,380,0,32,2023-01-04,1,3866,16,0.8,2023-01-14,2023-01-20,2023-01-22,1,0,Fit / size
54,DTC,597,1,388,0,5,2023-01-04,1,6632,19,0.8,2023-01-15,2023-01-23,2023-01-25,1,0,Changed mind
55,DTC,603,1,391,0,2,2023-01-04,2,11492,17,0.8,2023-01-14,2023-01-21,2023-01-23,2,0,Fit / size
56,DTC,622,1,404,0,48,2023-01-04,1,6373,18,0.8,2023-01-15,2023-01-22,2023-01-24,1,0,Changed mind
57,DTC,633,1,413,0,28,2023-01-04,1,4820,17,0.8,2023-01-14,2023-01-21,2023-01-23,1,0,Changed mind
58,DTC,660,2,427,0,68,2023-01-04,1,4329,13,0.8,2023-01-12,2023-01-17,2023-01-19,1,0,Damaged in transit
59,DTC,661,1,43452,0,11,2023-01-04,1,5114,17,0.8,2023-01-14,2023-01-21,2023-01-23,1,0,Changed mind
60,DTC,663,1,428,0,1,2023-01-04,1,5753,14,0.8,2023-01-12,2023-01-18,2023-01-20,1,0,Fit / size
61,DTC,665,1,430,0,16,2023-01-04,2,13131,16,0.8,2023-01-14,2023-01-20,2023-01-22,2,0,Changed mind
62,DTC,666,1,431,0,23,2023-01-04,1,4050,16,0.8,2023-01-14,2023-01-20,2023-01-22,1,0,Fit / size
63,DTC,674,1,436,0,11,2023-01-05,1,5114,20,0.8,2023-01-17,2023-01-25,2023-01-27,1,0,Not as expected
64,DTC,675,1,27915,0,10,2023-01-05,1,4266,18,0.8,2023-01-16,2023-01-23,2023-01-25,1,0,Fit / size
65,DTC,681,1,7119,0,48,2023-01-05,1,6373,29,0.8,2023-01-22,2023-02-03,2023-02-05,1,0,Fit / size
66,DTC,686,1,442,0,39,2023-01-05,2,5257,29,0.8,2023-01-22,2023-02-03,2023-02-05,2,0,Defect
67,DTC,691,3,445,0,8,2023-01-05,1,5223,19,0.8,2023-01-16,2023-01-24,2023-01-26,1,0,Changed mind
68,DTC,694,1,447,0,24,2023-01-05,1,1773,10,0.8,2023-01-11,2023-01-15,2023-01-17,1,0,Fit / size
69,DTC,697,1,448,0,21,2023-01-05,1,1805,15,0.8,2023-01-14,2023-01-20,2023-01-22,1,0,Damaged in transit
70,DTC,700,1,449,0,26,2023-01-05,1,3901,21,0.8,2023-01-18,2023-01-26,2023-01-28,1,0,Damaged in transit
71,DTC,706,1,495,0,8,2023-01-05,2,10445,16,0.8,2023-01-15,2023-01-21,2023-01-23,2,0,Not as expected
72,DTC,717,1,6668,0,31,2023-01-05,2,10727,4,0.8,2023-01-07,2023-01-09,2023-01-11,2,0,Changed mind
73,DTC,723,2,461,0,33,2023-01-05,1,2230,19,0.8,2023-01-16,2023-01-24,2023-01-26,1,0,Fit / size
74,DTC,725,1,462,0,21,2023-01-05,1,1805,17,0.8,2023-01-15,2023-01-22,2023-01-24,1,0,Fit / size
75,DTC,734,1,468,0,34,2023-01-05,1,6924,28,0.8,2023-01-22,2023-02-02,2023-02-04,1,0,Not as expected
76,DTC,735,1,469,0,6,2023-01-05,1,4322,20,0.8,2023-01-17,2023-01-25,2023-01-27,1,0,Damaged in transit
77,DTC,738,1,30686,0,19,2023-01-05,1,5017,15,0.8,2023-01-14,2023-01-20,2023-01-22,1,0,Fit / size
78,DTC,748,1,43667,0,64,2023-01-05,1,5800,11,0.8,2023-01-12,2023-01-16,2023-01-18,1,0,Damaged in transit
79,DTC,752,2,478,0,8,2023-01-05,1,5223,13,0.8,2023-01-13,2023-01-18,2023-01-20,1,0,Changed mind
80,DTC,760,3,483,0,8,2023-01-05,1,5223,20,0.8,2023-01-17,2023-01-25,2023-01-27,1,0,Not as expected
81,DTC,762,2,24711,0,3,2023-01-05,1,5360,12,0.8,2023-01-12,2023-01-17,2023-01-19,1,0,Changed mind
82,DTC,789,1,504,0,5,2023-01-05,1,6632,25,0.8,2023-01-20,2023-01-30,2023-02-01,1,0,Changed mind
83,DTC,790,1,505,0,27,2023-01-05,2,3372,15,0.8,2023-01-14,2023-01-20,2023-01-22,2,0,Not as expected
84,DTC,813,1,523,0,1,2023-01-05,1,5753,15,0.8,2023-01-14,2023-01-20,2023-01-22,1,0,Not as expected
85,DTC,817,2,526,0,6,2023-01-05,1,4322,19,0.8,2023-01-16,2023-01-24,2023-01-26,1,0,Changed mind
86,DTC,819,1,527,0,49,2023-01-05,1,1686,20,0.8,2023-01-17,2023-01-25,2023-01-27,1,0,Fit / size
87,DTC,828,1,534,0,11,2023-01-05,1,5114,20,0.8,2023-01-17,2023-01-25,2023-01-27,1,0,Fit / size
88,DTC,840,1,35819,0,4,2023-01-05,1,4467,16,0.8,2023-01-15,2023-01-21,2023-01-23,1,0,Damaged in transit
89,DTC,843,1,543,0,21,2023-01-05,2,3611,15,0.8,2023-01-14,2023-01-20,2023-01-22,2,0,Fit / size
90,DTC,846,1,38525,0,27,2023-01-05,1,1686,25,0.8,2023-01-20,2023-01-30,2023-02-01,1,0,Fit / size
91,DTC,852,1,548,0,42,2023-01-05,1,8149,2,0.8,2023-01-06,2023-01-07,2023-01-09,1,0,Not as expected
92,DTC,857,2,553,0,30,2023-01-05,1,1747,15,0.8,2023-01-14,2023-01-20,2023-01-22,1,0,Changed mind
93,DTC,861,1,556,0,24,2023-01-05,2,3547,13,0.8,2023-01-13,2023-01-18,2023-01-20,2,0,Changed mind
94,DTC,862,1,25521,0,2,2023-01-05,1,5746,17,0.8,2023-01-15,2023-01-22,2023-01-24,1,0,Fit / size
95,DTC,866,2,559,0,1,2023-01-05,1,5753,16,0.8,2023-01-15,2023-01-21,2023-01-23,1,0,Damaged in transit
96,DTC,874,1,23019,0,2,2023-01-05,1,5746,14,0.8,2023-01-13,2023-01-19,2023-01-21,1,0,Changed mind
97,DTC,881,1,567,0,38,2023-01-05,1,4577,22,0.8,2023-01-18,2023-01-27,2023-01-29,1,0,Damaged in transit
98,DTC,883,1,568,0,1,2023-01-05,1,5753,19,0.8,2023-01-16,2023-01-24,2023-01-26,1,0,Not as expected
99,DTC,910,1,582,0,4,2023-01-06,1,4467,12,0.8,2023-01-13,2023-01-18,2023-01-20,1,0,Defect
100,DTC,910,2,582,0,8,2023-01-06,1,5223,11,0.8,2023-01-13,2023-01-17,2023-01-19,1,0,Not as expected
101,DTC,911,1,583,0,3,2023-01-06,1,5360,32,0.8,2023-01-25,2023-02-07,2023-02-09,1,0,Changed mind
102,DTC,917,1,588,0,10,2023-01-06,1,4266,16,0.8,2023-01-16,2023-01-22,2023-01-24,1,0,Fit / size
103,DTC,930,1,599,0,8,2023-01-06,1,5223,4,0.8,2023-01-08,2023-01-10,2023-01-12,1,0,Damaged in transit
104,DTC,940,1,605,0,19,2023-01-06,1,5017,14,0.8,2023-01-14,2023-01-20,2023-01-22,1,0,Changed mind
105,DTC,954,1,612,0,24,2023-01-06,1,1773,12,0.8,2023-01-13,2023-01-18,2023-01-20,1,0,Not as expected
106,DTC,970,1,621,0,7,2023-01-06,1,5688,11,0.8,2023-01-13,2023-01-17,2023-01-19,1,0,Damaged in transit
107,DTC,972,1,623,0,23,2023-01-06,1,4050,27,0.8,2023-01-22,2023-02-02,2023-02-04,1,0,Changed mind
108,DTC,992,1,638,0,32,2023-01-06,1,3866,29,0.8,2023-01-23,2023-02-04,2023-02-06,1,0,Defect
109,DTC,1006,1,647,0,2,2023-01-06,1,5746,25,0.8,2023-01-21,2023-01-31,2023-02-02,1,0,Changed mind
110,DTC,1009,1,648,0,5,2023-01-06,1,6632,12,0.8,2023-01-13,2023-01-18,2023-01-20,1,0,Changed mind
111,DTC,1015,1,33150,0,4,2023-01-06,1,4467,22,0.8,2023-01-19,2023-01-28,2023-01-30,1,0,Changed mind
112,DTC,1021,1,657,0,26,2023-01-06,1,3901,23,0.8,2023-01-20,2023-01-29,2023-01-31,1,0,Not as expected
113,DTC,1021,2,657,0,2,2023-01-06,1,5746,15,0.8,2023-01-15,2023-01-21,2023-01-23,1,0,Fit / size
114,DTC,1028,1,662,0,9,2023-01-06,1,5975,16,0.8,2023-01-16,2023-01-22,2023-01-24,1,0,Fit / size
115,DTC,1043,2,671,0,1,2023-01-06,1,5753,14,0.8,2023-01-14,2023-01-20,2023-01-22,1,0,Not as expected
116,DTC,1078,1,698,0,20,2023-01-07,1,3992,21,0.8,2023-01-20,2023-01-28,2023-01-30,1,0,Changed mind
117,DTC,1090,1,706,0,1,2023-01-07,1,5753,17,0.8,2023-01-17,2023-01-24,2023-01-26,1,0,Not as expected
118,DTC,1105,1,714,0,65,2023-01-07,1,5595,16,0.8,2023-01-17,2023-01-23,2023-01-25,1,0,Fit / size
119,DTC,1122,1,726,0,2,2023-01-07,1,5746,22,0.8,2023-01-20,2023-01-29,2023-01-31,1,0,Defect
120,DTC,1136,1,9611,0,6,2023-01-07,1,4322,21,0.8,2023-01-20,2023-01-28,2023-01-30,1,0,Defect
121,DTC,1149,3,744,0,43,2023-01-07,1,4834,18,0.8,2023-01-18,2023-01-25,2023-01-27,1,0,Fit / size
122,DTC,1167,3,8511,0,2,2023-01-07,1,5746,15,0.8,2023-01-16,2023-01-22,2023-01-24,1,0,Fit / size
123,DTC,1180,1,14795,0,1,2023-01-07,1,5753,21,0.8,2023-01-20,2023-01-28,2023-01-30,1,0,Damaged in transit
124,DTC,1188,1,46569,0,2,2023-01-07,1,5746,20,0.8,2023-01-19,2023-01-27,2023-01-29,1,0,Damaged in transit
125,DTC,1207,1,782,0,8,2023-01-07,1,5223,4,0.8,2023-01-09,2023-01-11,2023-01-13,1,0,Not as expected
126,DTC,1210,2,33290,0,24,2023-01-07,1,1773,22,0.8,2023-01-20,2023-01-29,2023-01-31,1,0,Defect
127,DTC,1224,1,794,0,81,2023-01-07,2,13558,26,0.8,2023-01-23,2023-02-02,2023-02-04,2,0,Defect
128,DTC,1248,2,809,0,2,2023-01-08,1,5746,37,0.8,2023-01-30,2023-02-14,2023-02-16,1,0,Not as expected
129,DTC,1250,1,810,0,2,2023-01-08,1,5746,17,0.8,2023-01-18,2023-01-25,2023-01-27,1,0,Damaged in transit
130,DTC,1251,1,811,0,7,2023-01-08,1,5688,16,0.8,2023-01-18,2023-01-24,2023-01-26,1,0,Damaged in transit
131,DTC,1255,1,11659,0,16,2023-01-08,1,6565,23,0.8,2023-01-22,2023-01-31,2023-02-02,1,0,Not as expected
132,DTC,1277,2,829,0,36,2023-01-08,1,1844,28,0.8,2023-01-25,2023-02-05,2023-02-07,1,0,Not as expected
133,DTC,1288,1,6115,0,1,2023-01-08,1,5753,8,0.8,2023-01-13,2023-01-16,2023-01-18,1,0,Fit / size
134,DTC,1288,2,6115,0,1,2023-01-08,1,5753,16,0.8,2023-01-18,2023-01-24,2023-01-26,1,0,Fit / size
135,DTC,1291,1,837,0,38,2023-01-08,1,4577,34,0.8,2023-01-28,2023-02-11,2023-02-13,1,0,Fit / size
136,DTC,1293,1,839,0,11,2023-01-08,1,5114,7,0.8,2023-01-12,2023-01-15,2023-01-17,1,0,Not as expected
137,DTC,1320,2,855,0,10,2023-01-08,1,4266,16,0.8,2023-01-18,2023-01-24,2023-01-26,1,0,Defect
138,DTC,1331,1,863,0,27,2023-01-08,1,1686,23,0.8,2023-01-22,2023-01-31,2023-02-02,1,0,Fit / size
139,DTC,1333,1,864,0,1,2023-01-08,1,5753,17,0.8,2023-01-18,2023-01-25,2023-01-27,1,0,Fit / size
140,DTC,1334,1,865,0,3,2023-01-08,1,5360,20,0.8,2023-01-20,2023-01-28,2023-01-30,1,0,Fit / size
141,DTC,1383,1,34076,0,11,2023-01-08,1,5114,27,0.8,2023-01-24,2023-02-04,2023-02-06,1,0,Damaged in transit
142,DTC,1393,1,906,0,7,2023-01-08,2,11376,14,0.8,2023-01-16,2023-01-22,2023-01-24,2,0,Fit / size
143,DTC,1397,1,32937,0,40,2023-01-08,1,6742,24,0.8,2023-01-22,2023-02-01,2023-02-03,1,0,Not as expected
144,DTC,1400,1,910,0,36,2023-01-08,2,3687,25,0.8,2023-01-23,2023-02-02,2023-02-04,2,0,Damaged in transit
145,DTC,1416,2,11738,0,5,2023-01-08,2,13264,24,0.8,2023-01-22,2023-02-01,2023-02-03,2,0,Fit / size
146,DTC,1448,1,936,0,54,2023-01-09,1,5571,19,0.8,2023-01-20,2023-01-28,2023-01-30,1,0,Defect
147,DTC,1488,1,952,0,4,2023-01-09,2,8935,10,0.8,2023-01-15,2023-01-19,2023-01-21,2,0,Defect
148,DTC,1491,1,953,0,2,2023-01-09,1,5746,17,0.8,2023-01-19,2023-01-26,2023-01-28,1,0,Changed mind
149,DTC,1492,3,954,0,2,2023-01-09,1,5746,8,0.8,2023-01-14,2023-01-17,2023-01-19,1,0,Defect
150,DTC,1500,1,961,0,4,2023-01-09,1,4467,17,0.8,2023-01-19,2023-01-26,2023-01-28,1,0,Fit / size
151,DTC,1507,1,11583,0,4,2023-01-09,1,4467,33,0.8,2023-01-29,2023-02-11,2023-02-13,1,0,Fit / size
152,DTC,1513,3,22894,0,4,2023-01-09,1,4467,14,0.8,2023-01-17,2023-01-23,2023-01-25,1,0,Not as expected
153,DTC,1517,1,3810,0,10,2023-01-09,1,4266,16,0.8,2023-01-19,2023-01-25,2023-01-27,1,0,Defect
154,DTC,1522,2,6845,0,18,2023-01-09,1,2582,21,0.8,2023-01-22,2023-01-30,2023-02-01,1,0,Changed mind
155,DTC,1566,1,40586,0,7,2023-01-09,2,11376,9,0.8,2023-01-14,2023-01-18,2023-01-20,2,0,Changed mind
156,DTC,1584,1,1004,0,24,2023-01-10,1,1773,22,0.8,2023-01-23,2023-02-01,2023-02-03,1,0,Not as expected
157,DTC,1587,2,1006,0,4,2023-01-10,1,4467,7,0.8,2023-01-14,2023-01-17,2023-01-19,1,0,Defect
158,DTC,1593,2,1011,0,49,2023-01-10,1,1686,18,0.8,2023-01-21,2023-01-28,2023-01-30,1,0,Defect
159,DTC,1622,1,21752,0,12,2023-01-10,1,4830,24,0.8,2023-01-24,2023-02-03,2023-02-05,1,0,Defect
160,DTC,1623,1,42494,0,23,2023-01-10,1,4050,23,0.8,2023-01-24,2023-02-02,2023-02-04,1,0,Fit / size
161,DTC,1623,2,42494,0,67,2023-01-10,1,7535,19,0.8,2023-01-21,2023-01-29,2023-01-31,1,0,Fit / size
162,DTC,1627,1,1033,0,2,2023-01-10,1,5746,13,0.8,2023-01-18,2023-01-23,2023-01-25,1,0,Fit / size
163,DTC,1634,2,1037,0,1,2023-01-10,1,5753,12,0.8,2023-01-17,2023-01-22,2023-01-24,1,0,Changed mind
164,DTC,1653,2,1048,0,74,2023-01-10,2,7760,15,0.8,2023-01-19,2023-01-25,2023-01-27,2,0,Changed mind
165,DTC,1657,2,41315,0,7,2023-01-10,1,5688,13,0.8,2023-01-18,2023-01-23,2023-01-25,1,0,Changed mind
166,DTC,1664,3,1054,0,49,2023-01-10,1,1686,13,0.8,2023-01-18,2023-01-23,2023-01-25,1,0,Damaged in transit
167,DTC,1672,2,1062,0,26,2023-01-10,1,3901,15,0.8,2023-01-19,2023-01-25,2023-01-27,1,0,Fit / size
168,DTC,1688,2,1072,0,6,2023-01-10,1,4322,24,0.8,2023-01-24,2023-02-03,2023-02-05,1,0,Defect
169,DTC,1698,1,7143,0,59,2023-01-10,2,7982,10,0.8,2023-01-16,2023-01-20,2023-01-22,2,0,Not as expected
170,DTC,1742,1,14539,0,27,2023-01-10,2,3372,27,0.8,2023-01-26,2023-02-06,2023-02-08,2,0,Not as expected
171,DTC,1746,1,46189,0,10,2023-01-10,1,4266,28,0.8,2023-01-27,2023-02-07,2023-02-09,1,0,Defect
172,DTC,1754,1,12062,0,14,2023-01-10,2,10956,16,0.8,2023-01-20,2023-01-26,2023-01-28,2,0,Damaged in transit
173,DTC,1757,1,1113,0,13,2023-01-10,1,4984,14,0.8,2023-01-18,2023-01-24,2023-01-26,1,0,Changed mind
174,DTC,1769,1,1120,0,28,2023-01-10,1,4820,15,0.8,2023-01-19,2023-01-25,2023-01-27,1,0,Damaged in transit
175,DTC,1781,2,43018,0,2,2023-01-10,1,5746,4,0.8,2023-01-12,2023-01-14,2023-01-16,1,0,Defect
176,DTC,1786,1,1130,0,4,2023-01-10,1,4467,19,0.8,2023-01-21,2023-01-29,2023-01-31,1,0,Fit / size
177,DTC,1787,1,13054,0,28,2023-01-10,2,9641,12,0.8,2023-01-17,2023-01-22,2023-01-24,2,0,Changed mind
178,DTC,1811,2,1145,0,35,2023-01-11,1,5044,25,0.8,2023-01-26,2023-02-05,2023-02-07,1,0,Damaged in transit
179,DTC,1812,1,1146,0,27,2023-01-11,1,1686,30,0.8,2023-01-29,2023-02-10,2023-02-12,1,0,Not as expected
180,DTC,1812,2,1146,0,11,2023-01-11,1,5114,16,0.8,2023-01-21,2023-01-27,2023-01-29,1,0,Damaged in transit
181,DTC,1831,1,1157,0,49,2023-01-11,1,1686,28,0.8,2023-01-28,2023-02-08,2023-02-10,1,0,Fit / size
182,DTC,1843,2,1162,0,24,2023-01-11,2,3547,11,0.8,2023-01-18,2023-01-22,2023-01-24,2,0,Damaged in transit
183,DTC,1843,3,1162,0,4,2023-01-11,2,8935,26,0.8,2023-01-27,2023-02-06,2023-02-08,2,0,Fit / size
184,DTC,1847,1,1166,0,3,2023-01-11,1,5360,16,0.8,2023-01-21,2023-01-27,2023-01-29,1,0,Changed mind
185,DTC,1861,2,1174,0,8,2023-01-11,1,5223,22,0.8,2023-01-24,2023-02-02,2023-02-04,1,0,Damaged in transit
186,DTC,1872,2,1181,0,26,2023-01-11,1,3901,9,0.8,2023-01-16,2023-01-20,2023-01-22,1,0,Damaged in transit
187,DTC,1883,1,50315,0,26,2023-01-11,1,3901,25,0.8,2023-01-26,2023-02-05,2023-02-07,1,0,Fit / size
188,DTC,1901,1,1200,0,11,2023-01-11,2,10228,21,0.8,2023-01-24,2023-02-01,2023-02-03,2,0,Damaged in transit
189,DTC,1902,1,1201,0,4,2023-01-11,1,4467,24,0.8,2023-01-25,2023-02-04,2023-02-06,1,0,Defect
190,DTC,1904,1,1203,0,3,2023-01-11,1,5360,11,0.8,2023-01-18,2023-01-22,2023-01-24,1,0,Not as expected
191,DTC,1909,1,1206,0,1,2023-01-11,1,5753,15,0.8,2023-01-20,2023-01-26,2023-01-28,1,0,Fit / size
192,DTC,1916,1,1210,0,33,2023-01-11,1,2230,15,0.8,2023-01-20,2023-01-26,2023-01-28,1,0,Damaged in transit
193,DTC,1920,1,1213,0,10,2023-01-11,1,4266,5,0.8,2023-01-14,2023-01-16,2023-01-18,1,0,Not as expected
194,DTC,1931,1,29617,0,1,2023-01-11,2,11507,24,0.8,2023-01-25,2023-02-04,2023-02-06,2,0,Changed mind
195,DTC,1937,3,19933,0,27,2023-01-11,2,3372,22,0.8,2023-01-24,2023-02-02,2023-02-04,2,0,Not as expected
196,DTC,1956,1,6890,0,2,2023-01-11,1,5746,13,0.8,2023-01-19,2023-01-24,2023-01-26,1,0,Changed mind
197,DTC,1957,1,1235,0,49,2023-01-11,1,1686,10,0.8,2023-01-17,2023-01-21,2023-01-23,1,0,Not as expected
198,DTC,1958,1,1236,0,24,2023-01-11,2,3547,23,0.8,2023-01-25,2023-02-03,2023-02-05,2,0,Defect
199,DTC,1962,1,1240,0,6,2023-01-11,2,8644,20,0.8,2023-01-23,2023-01-31,2023-02-02,2,0,Fit / size
200,DTC,1965,1,4332,0,9,2023-01-11,1,5975,29,0.8,2023-01-28,2023-02-09,2023-02-11,1,0,Not as expected
201,DTC,1974,1,1250,0,6,2023-01-11,1,4322,5,0.8,2023-01-14,2023-01-16,2023-01-18,1,0,Damaged in transit
202,DTC,1979,1,46759,0,2,2023-01-12,1,5746,27,0.8,2023-01-28,2023-02-08,2023-02-10,1,0,Defect
203,DTC,2005,1,1265,0,50,2023-01-12,1,8043,13,0.8,2023-01-20,2023-01-25,2023-01-27,1,0,Not as expected
204,DTC,2015,1,1269,0,30,2023-01-12,1,1747,13,0.8,2023-01-20,2023-01-25,2023-01-27,1,0,Changed mind
205,DTC,2026,2,38073,0,8,2023-01-12,1,5223,25,0.8,2023-01-27,2023-02-06,2023-02-08,1,0,Changed mind
206,DTC,2034,1,1281,0,11,2023-01-12,2,10228,15,0.8,2023-01-21,2023-01-27,2023-01-29,2,0,Not as expected
207,DTC,2042,2,1286,0,4,2023-01-12,1,4467,9,0.8,2023-01-17,2023-01-21,2023-01-23,1,0,Not as expected
208,DTC,2047,1,1290,0,1,2023-01-12,1,5753,16,0.8,2023-01-22,2023-01-28,2023-01-30,1,0,Changed mind
209,DTC,2050,2,1293,0,23,2023-01-12,1,4050,33,0.8,2023-02-01,2023-02-14,2023-02-16,1,0,Defect
210,DTC,2052,1,1295,0,10,2023-01-12,1,4266,12,0.8,2023-01-19,2023-01-24,2023-01-26,1,0,Damaged in transit
211,DTC,2052,2,1295,0,14,2023-01-12,2,10956,24,0.8,2023-01-26,2023-02-05,2023-02-07,2,0,Defect
212,DTC,2060,1,1300,0,24,2023-01-12,2,3547,26,0.8,2023-01-28,2023-02-07,2023-02-09,2,0,Defect
213,DTC,2065,1,1304,0,21,2023-01-12,1,1805,25,0.8,2023-01-27,2023-02-06,2023-02-08,1,0,Damaged in transit
214,DTC,2114,1,2175,0,2,2023-01-12,2,11492,30,0.8,2023-01-30,2023-02-11,2023-02-13,2,0,Not as expected
215,DTC,2122,1,25997,0,3,2023-01-12,1,5360,6,0.8,2023-01-16,2023-01-18,2023-01-20,1,0,Damaged in transit
216,DTC,2123,1,40420,0,12,2023-01-12,1,4830,18,0.8,2023-01-23,2023-01-30,2023-02-01,1,0,Not as expected
217,DTC,2134,1,1343,0,12,2023-01-12,1,4830,30,0.8,2023-01-30,2023-02-11,2023-02-13,1,0,Fit / size
218,DTC,2139,2,1346,0,10,2023-01-12,1,4266,10,0.8,2023-01-18,2023-01-22,2023-01-24,1,0,Not as expected
219,DTC,2162,1,1357,0,5,2023-01-13,1,6632,35,0.8,2023-02-03,2023-02-17,2023-02-19,1,0,Fit / size
220,DTC,2167,2,1360,0,25,2023-01-13,1,5917,18,0.8,2023-01-24,2023-01-31,2023-02-02,1,0,Damaged in transit
221,DTC,2184,2,49409,0,3,2023-01-13,1,5360,19,0.8,2023-01-24,2023-02-01,2023-02-03,1,0,Not as expected
222,DTC,2187,1,1373,0,3,2023-01-13,1,5360,18,0.8,2023-01-24,2023-01-31,2023-02-02,1,0,Defect
223,DTC,2187,2,1373,0,32,2023-01-13,1,3866,19,0.8,2023-01-24,2023-02-01,2023-02-03,1,0,Defect
224,DTC,2193,1,1377,0,29,2023-01-13,1,4135,9,0.8,2023-01-18,2023-01-22,2023-01-24,1,0,Fit / size
225,DTC,2223,1,38439,0,1,2023-01-13,1,5753,17,0.8,2023-01-23,2023-01-30,2023-02-01,1,0,Fit / size
226,DTC,2224,1,1400,0,40,2023-01-13,1,6742,17,0.8,2023-01-23,2023-01-30,2023-02-01,1,0,Not as expected
227,DTC,2231,1,31869,0,2,2023-01-13,1,5746,9,0.8,2023-01-18,2023-01-22,2023-01-24,1,0,Defect
228,DTC,2235,1,28350,0,1,2023-01-13,1,5753,21,0.8,2023-01-26,2023-02-03,2023-02-05,1,0,Defect
229,DTC,2245,1,41925,0,3,2023-01-13,1,5360,19,0.8,2023-01-24,2023-02-01,2023-02-03,1,0,Fit / size
230,DTC,2250,2,1413,0,1,2023-01-13,2,11507,2,0.8,2023-01-14,2023-01-15,2023-01-17,2,0,Fit / size
231,DTC,2258,1,26563,0,3,2023-01-13,1,5360,20,0.8,2023-01-25,2023-02-02,2023-02-04,1,0,Changed mind
232,DTC,2303,2,1455,0,6,2023-01-13,2,8644,25,0.8,2023-01-28,2023-02-07,2023-02-09,2,0,Damaged in transit
233,DTC,2309,1,46515,0,6,2023-01-14,1,4322,27,0.8,2023-01-30,2023-02-10,2023-02-12,1,0,Defect
234,DTC,2312,1,1459,0,13,2023-01-14,1,4984,19,0.8,2023-01-25,2023-02-02,2023-02-04,1,0,Fit / size
235,DTC,2318,1,1464,0,10,2023-01-14,1,4266,14,0.8,2023-01-22,2023-01-28,2023-01-30,1,0,Fit / size
236,DTC,2330,2,1471,0,4,2023-01-14,1,4467,26,0.8,2023-01-30,2023-02-09,2023-02-11,1,0,Fit / size
237,DTC,2331,1,44545,0,2,2023-01-14,1,5746,3,0.8,2023-01-16,2023-01-17,2023-01-19,1,0,Changed mind
238,DTC,2334,1,40554,0,1,2023-01-14,1,5753,12,0.8,2023-01-21,2023-01-26,2023-01-28,1,0,Changed mind
239,DTC,2342,1,42214,0,10,2023-01-14,1,4266,16,0.8,2023-01-24,2023-01-30,2023-02-01,1,0,Not as expected
240,DTC,2365,2,10410,0,10,2023-01-14,1,4266,27,0.8,2023-01-30,2023-02-10,2023-02-12,1,0,Defect
241,DTC,2374,1,1493,0,30,2023-01-14,1,1747,12,0.8,2023-01-21,2023-01-26,2023-01-28,1,0,Defect
242,DTC,2406,1,1515,0,7,2023-01-14,1,5688,22,0.8,2023-01-27,2023-02-05,2023-02-07,1,0,Fit / size
243,DTC,2428,2,1525,0,3,2023-01-14,1,5360,22,0.8,2023-01-27,2023-02-05,2023-02-07,1,0,Changed mind
244,DTC,2437,1,1529,0,5,2023-01-14,1,6632,19,0.8,2023-01-25,2023-02-02,2023-02-04,1,0,Changed mind
245,DTC,2444,1,1532,0,6,2023-01-14,1,4322,12,0.8,2023-01-21,2023-01-26,2023-01-28,1,0,Not as expected
246,DTC,2452,1,13231,0,7,2023-01-15,2,11376,22,0.8,2023-01-28,2023-02-06,2023-02-08,2,0,Fit / size
247,DTC,2462,2,19491,0,2,2023-01-15,1,5746,10,0.8,2023-01-21,2023-01-25,2023-01-27,1,0,Changed mind
248,DTC,2464,2,1543,0,10,2023-01-15,1,4266,13,0.8,2023-01-23,2023-01-28,2023-01-30,1,0,Defect
249,DTC,2474,1,1549,0,2,2023-01-15,1,5746,21,0.8,2023-01-28,2023-02-05,2023-02-07,1,0,Changed mind
250,DTC,2479,1,16164,0,4,2023-01-15,1,4467,24,0.8,2023-01-29,2023-02-08,2023-02-10,1,0,Not as expected
251,DTC,2480,2,1553,0,37,2023-01-15,1,6827,26,0.8,2023-01-31,2023-02-10,2023-02-12,1,0,Changed mind
252,DTC,2483,1,50943,0,39,2023-01-15,1,2629,19,0.8,2023-01-26,2023-02-03,2023-02-05,1,0,Changed mind
253,DTC,2484,1,1555,0,4,2023-01-15,1,4467,30,0.8,2023-02-02,2023-02-14,2023-02-16,1,0,Defect
254,DTC,2491,1,1559,0,25,2023-01-15,1,5917,13,0.8,2023-01-23,2023-01-28,2023-01-30,1,0,Defect
255,DTC,2497,1,1561,0,3,2023-01-15,1,5360,20,0.8,2023-01-27,2023-02-04,2023-02-06,1,0,Damaged in transit
256,DTC,2500,1,29135,0,21,2023-01-15,2,3611,29,0.8,2023-02-01,2023-02-13,2023-02-15,2,0,Damaged in transit
257,DTC,2508,1,23305,0,2,2023-01-15,1,5746,27,0.8,2023-01-31,2023-02-11,2023-02-13,1,0,Damaged in transit
258,DTC,2510,1,44603,0,5,2023-01-15,1,6632,24,0.8,2023-01-29,2023-02-08,2023-02-10,1,0,Fit / size
259,DTC,2528,1,1576,0,3,2023-01-15,1,5360,18,0.8,2023-01-26,2023-02-02,2023-02-04,1,0,Fit / size
260,DTC,2536,1,1582,0,32,2023-01-15,1,3866,16,0.8,2023-01-25,2023-01-31,2023-02-02,1,0,Changed mind
261,DTC,2537,1,1583,0,8,2023-01-15,1,5223,24,0.8,2023-01-29,2023-02-08,2023-02-10,1,0,Damaged in transit
262,DTC,2544,1,16899,0,32,2023-01-15,1,3866,23,0.8,2023-01-29,2023-02-07,2023-02-09,1,0,Damaged in transit
263,DTC,2550,2,49426,0,14,2023-01-15,1,5478,17,0.8,2023-01-25,2023-02-01,2023-02-03,1,0,Defect
264,DTC,2558,1,27894,0,4,2023-01-15,1,4467,14,0.8,2023-01-23,2023-01-29,2023-01-31,1,0,Defect
265,DTC,2566,1,43621,0,68,2023-01-15,1,4329,19,0.8,2023-01-26,2023-02-03,2023-02-05,1,0,Changed mind
266,DTC,2579,1,1610,0,27,2023-01-15,2,3372,13,0.8,2023-01-23,2023-01-28,2023-01-30,2,0,Damaged in transit
267,DTC,2590,1,39736,0,14,2023-01-15,1,5478,11,0.8,2023-01-22,2023-01-26,2023-01-28,1,0,Changed mind
268,DTC,2607,2,27500,0,9,2023-01-15,2,11951,26,0.8,2023-01-31,2023-02-10,2023-02-12,2,0,Damaged in transit
269,DTC,2619,1,8326,0,27,2023-01-15,1,1686,30,0.8,2023-02-02,2023-02-14,2023-02-16,1,0,Not as expected
270,DTC,2628,1,36723,0,63,2023-01-15,2,13030,6,0.8,2023-01-19,2023-01-21,2023-01-23,2,0,Changed mind
271,DTC,2634,1,1646,0,13,2023-01-15,1,4984,34,0.8,2023-02-04,2023-02-18,2023-02-20,1,0,Damaged in transit
272,DTC,2635,1,1647,0,10,2023-01-15,2,8533,14,0.8,2023-01-23,2023-01-29,2023-01-31,2,0,Not as expected
273,DTC,2637,1,1569,0,5,2023-01-15,2,13264,25,0.8,2023-01-30,2023-02-09,2023-02-11,2,0,Not as expected
274,DTC,2641,2,1651,0,17,2023-01-15,1,5471,18,0.8,2023-01-26,2023-02-02,2023-02-04,1,0,Changed mind
275,DTC,2655,1,1663,0,1,2023-01-16,1,5753,17,0.8,2023-01-26,2023-02-02,2023-02-04,1,0,Defect
276,DTC,2664,2,5030,0,30,2023-01-16,1,1747,9,0.8,2023-01-21,2023-01-25,2023-01-27,1,0,Fit / size
277,DTC,2675,2,38385,0,23,2023-01-16,1,4050,21,0.8,2023-01-29,2023-02-06,2023-02-08,1,0,Changed mind
278,DTC,2683,1,9490,0,24,2023-01-16,1,1773,27,0.8,2023-02-01,2023-02-12,2023-02-14,1,0,Changed mind
279,DTC,2687,1,49835,0,13,2023-01-16,1,4984,20,0.8,2023-01-28,2023-02-05,2023-02-07,1,0,Not as expected
280,DTC,2691,1,1686,0,17,2023-01-16,1,5471,11,0.8,2023-01-23,2023-01-27,2023-01-29,1,0,Not as expected
281,DTC,2704,3,49623,0,13,2023-01-16,1,4984,17,0.8,2023-01-26,2023-02-02,2023-02-04,1,0,Damaged in transit
282,DTC,2707,2,1693,0,1,2023-01-16,1,5753,33,0.8,2023-02-05,2023-02-18,2023-02-20,1,0,Damaged in transit
283,DTC,2710,2,1695,0,73,2023-01-16,1,5263,17,0.8,2023-01-26,2023-02-02,2023-02-04,1,0,Fit / size
284,DTC,2723,1,1707,0,74,2023-01-16,1,3880,30,0.8,2023-02-03,2023-02-15,2023-02-17,1,0,Not as expected
285,DTC,2730,1,1711,0,3,2023-01-16,1,5360,15,0.8,2023-01-25,2023-01-31,2023-02-02,1,0,Damaged in transit
286,DTC,2739,1,1716,0,21,2023-01-16,1,1805,24,0.8,2023-01-30,2023-02-09,2023-02-11,1,0,Changed mind
287,DTC,2744,1,3014,0,25,2023-01-16,1,5917,15,0.8,2023-01-25,2023-01-31,2023-02-02,1,0,Fit / size
288,DTC,2765,1,1730,0,1,2023-01-16,1,5753,16,0.8,2023-01-26,2023-02-01,2023-02-03,1,0,Not as expected
289,DTC,2768,1,50545,0,12,2023-01-16,1,4830,17,0.8,2023-01-26,2023-02-02,2023-02-04,1,0,Fit / size
290,DTC,2770,1,32467,0,6,2023-01-16,1,4322,18,0.8,2023-01-27,2023-02-03,2023-02-05,1,0,Defect
291,DTC,2773,2,1735,0,1,2023-01-16,1,5753,20,0.8,2023-01-28,2023-02-05,2023-02-07,1,0,Damaged in transit
292,DTC,2777,2,47637,0,49,2023-01-16,2,3372,22,0.8,2023-01-29,2023-02-07,2023-02-09,2,0,Not as expected
293,DTC,2781,1,1740,0,16,2023-01-16,2,13131,26,0.8,2023-02-01,2023-02-11,2023-02-13,2,0,Fit / size
294,DTC,2822,1,17303,0,26,2023-01-17,1,3901,11,0.8,2023-01-24,2023-01-28,2023-01-30,1,0,Defect
295,DTC,2824,1,1770,0,10,2023-01-17,1,4266,27,0.8,2023-02-02,2023-02-13,2023-02-15,1,0,Not as expected
296,DTC,2846,1,1787,0,10,2023-01-17,1,4266,16,0.8,2023-01-27,2023-02-02,2023-02-04,1,0,Fit / size
297,DTC,2852,1,1793,0,26,2023-01-17,1,3901,15,0.8,2023-01-26,2023-02-01,2023-02-03,1,0,Damaged in transit
298,DTC,2867,2,44632,0,7,2023-01-17,2,11376,22,0.8,2023-01-30,2023-02-08,2023-02-10,2,0,Not as expected
299,DTC,2870,1,1806,0,1,2023-01-17,2,11507,17,0.8,2023-01-27,2023-02-03,2023-02-05,2,0,Not as expected
300,DTC,2874,1,13484,0,44,2023-01-17,1,6472,5,0.8,2023-01-20,2023-01-22,2023-01-24,1,0,Defect
301,DTC,2879,1,12515,0,11,2023-01-17,1,5114,25,0.8,2023-02-01,2023-02-11,2023-02-13,1,0,Fit / size
302,DTC,2886,1,1814,0,1,2023-01-17,1,5753,17,0.8,2023-01-27,2023-02-03,2023-02-05,1,0,Damaged in transit
303,DTC,2894,1,1822,0,61,2023-01-17,1,1735,29,0.8,2023-02-03,2023-02-15,2023-02-17,1,0,Changed mind
304,DTC,2901,1,1826,0,3,2023-01-17,1,5360,19,0.8,2023-01-28,2023-02-05,2023-02-07,1,0,Defect
305,DTC,2905,1,40622,0,5,2023-01-17,2,13264,20,0.8,2023-01-29,2023-02-06,2023-02-08,2,0,Not as expected
306,DTC,2919,2,3026,0,2,2023-01-17,1,5746,14,0.8,2023-01-25,2023-01-31,2023-02-02,1,0,Changed mind
307,DTC,2921,1,1837,0,1,2023-01-17,1,5753,21,0.8,2023-01-30,2023-02-07,2023-02-09,1,0,Fit / size
308,DTC,2924,1,1840,0,20,2023-01-17,2,7985,17,0.8,2023-01-27,2023-02-03,2023-02-05,2,0,Not as expected
309,DTC,2925,1,1841,0,8,2023-01-17,1,5223,24,0.8,2023-01-31,2023-02-10,2023-02-12,1,0,Defect
310,DTC,2927,1,5025,0,3,2023-01-17,1,5360,32,0.8,2023-02-05,2023-02-18,2023-02-20,1,0,Defect
311,DTC,2929,1,1843,0,5,2023-01-17,1,6632,16,0.8,2023-01-27,2023-02-02,2023-02-04,1,0,Damaged in transit
312,DTC,2936,1,1848,0,6,2023-01-17,1,4322,8,0.8,2023-01-22,2023-01-25,2023-01-27,1,0,Defect
313,DTC,2939,2,1850,0,32,2023-01-17,1,3866,7,0.8,2023-01-21,2023-01-24,2023-01-26,1,0,Not as expected
314,DTC,2941,2,1852,0,3,2023-01-17,1,5360,17,0.8,2023-01-27,2023-02-03,2023-02-05,1,0,Not as expected
315,DTC,2971,1,50237,0,27,2023-01-17,1,1686,6,0.8,2023-01-21,2023-01-23,2023-01-25,1,0,Not as expected
316,DTC,2987,1,27536,0,26,2023-01-17,1,3901,17,0.8,2023-01-27,2023-02-03,2023-02-05,1,0,Not as expected
317,DTC,2988,1,1885,0,27,2023-01-17,1,1686,21,0.8,2023-01-30,2023-02-07,2023-02-09,1,0,Not as expected
318,DTC,3009,1,26167,0,2,2023-01-18,1,5746,30,0.8,2023-02-05,2023-02-17,2023-02-19,1,0,Defect
319,DTC,3028,2,1905,0,1,2023-01-18,1,5753,19,0.8,2023-01-29,2023-02-06,2023-02-08,1,0,Changed mind
320,DTC,3034,2,7223,0,7,2023-01-18,1,5688,11,0.8,2023-01-25,2023-01-29,2023-01-31,1,0,Not as expected
321,DTC,3043,2,1911,0,20,2023-01-18,1,3992,9,0.8,2023-01-23,2023-01-27,2023-01-29,1,0,Changed mind
322,DTC,3062,2,1925,0,10,2023-01-18,1,4266,22,0.8,2023-01-31,2023-02-09,2023-02-11,1,0,Damaged in transit
323,DTC,3073,1,1931,0,45,2023-01-18,1,2458,30,0.8,2023-02-05,2023-02-17,2023-02-19,1,0,Fit / size
324,DTC,3091,1,193,0,3,2023-01-18,1,5360,22,0.8,2023-01-31,2023-02-09,2023-02-11,1,0,Damaged in transit
325,DTC,3127,1,27553,0,2,2023-01-18,1,5746,12,0.8,2023-01-25,2023-01-30,2023-02-01,1,0,Not as expected
326,DTC,3143,1,17013,0,18,2023-01-18,1,2582,14,0.8,2023-01-26,2023-02-01,2023-02-03,1,0,Fit / size
327,DTC,3148,1,1980,0,10,2023-01-18,1,4266,18,0.8,2023-01-29,2023-02-05,2023-02-07,1,0,Damaged in transit
328,DTC,3153,1,41313,0,59,2023-01-18,2,7982,13,0.8,2023-01-26,2023-01-31,2023-02-02,2,0,Changed mind
329,DTC,3163,1,24575,0,21,2023-01-18,2,3611,25,0.8,2023-02-02,2023-02-12,2023-02-14,2,0,Defect
330,DTC,3197,1,2011,0,11,2023-01-19,1,5114,28,0.8,2023-02-05,2023-02-16,2023-02-18,1,0,Fit / size
331,DTC,3210,1,2021,0,3,2023-01-19,1,5360,23,0.8,2023-02-02,2023-02-11,2023-02-13,1,0,Changed mind
332,DTC,3215,2,2025,0,1,2023-01-19,1,5753,37,0.8,2023-02-10,2023-02-25,2023-02-27,1,0,Damaged in transit
333,DTC,3234,1,2038,0,35,2023-01-19,1,5044,19,0.8,2023-01-30,2023-02-07,2023-02-09,1,0,Damaged in transit
334,DTC,3244,2,39520,0,7,2023-01-19,1,5688,19,0.8,2023-01-30,2023-02-07,2023-02-09,1,0,Changed mind
335,DTC,3261,1,21346,0,62,2023-01-19,1,4730,23,0.8,2023-02-02,2023-02-11,2023-02-13,1,0,Not as expected
336,DTC,3264,1,2056,0,14,2023-01-19,1,5478,18,0.8,2023-01-30,2023-02-06,2023-02-08,1,0,Fit / size
337,DTC,3269,2,52478,0,35,2023-01-19,1,5044,24,0.8,2023-02-02,2023-02-12,2023-02-14,1,0,Fit / size
338,DTC,3291,1,31065,0,17,2023-01-19,1,5471,17,0.8,2023-01-29,2023-02-05,2023-02-07,1,0,Defect
339,DTC,3307,1,2082,0,3,2023-01-19,1,5360,20,0.8,2023-01-31,2023-02-08,2023-02-10,1,0,Changed mind
340,DTC,3308,1,2083,0,47,2023-01-19,1,4744,13,0.8,2023-01-27,2023-02-01,2023-02-03,1,0,Not as expected
341,DTC,3320,1,2089,0,20,2023-01-19,1,3992,12,0.8,2023-01-26,2023-01-31,2023-02-02,1,0,Changed mind
342,DTC,3354,1,2110,0,20,2023-01-19,1,3992,18,0.8,2023-01-30,2023-02-06,2023-02-08,1,0,Defect
343,DTC,3365,1,2116,0,2,2023-01-19,1,5746,13,0.8,2023-01-27,2023-02-01,2023-02-03,1,0,Fit / size
344,DTC,3381,1,11811,0,7,2023-01-20,1,5688,25,0.8,2023-02-04,2023-02-14,2023-02-16,1,0,Not as expected
345,DTC,3385,1,2929,0,7,2023-01-20,1,5688,19,0.8,2023-01-31,2023-02-08,2023-02-10,1,0,Defect
346,DTC,3411,2,2147,0,4,2023-01-20,1,4467,20,0.8,2023-02-01,2023-02-09,2023-02-11,1,0,Not as expected
347,DTC,3417,2,11819,0,17,2023-01-20,1,5471,19,0.8,2023-01-31,2023-02-08,2023-02-10,1,0,Damaged in transit
348,DTC,3418,1,13896,0,20,2023-01-20,1,3992,15,0.8,2023-01-29,2023-02-04,2023-02-06,1,0,Changed mind
349,DTC,3419,1,2150,0,36,2023-01-20,1,1844,20,0.8,2023-02-01,2023-02-09,2023-02-11,1,0,Fit / size
350,DTC,3425,3,49385,0,2,2023-01-20,1,5746,14,0.8,2023-01-28,2023-02-03,2023-02-05,1,0,Defect
351,DTC,3454,2,4566,0,32,2023-01-20,1,3866,14,0.8,2023-01-28,2023-02-03,2023-02-05,1,0,Not as expected
352,DTC,3457,1,37486,0,1,2023-01-20,1,5753,26,0.8,2023-02-05,2023-02-15,2023-02-17,1,0,Changed mind
353,DTC,3467,1,12935,0,7,2023-01-20,1,5688,7,0.8,2023-01-24,2023-01-27,2023-01-29,1,0,Fit / size
354,DTC,3510,1,4138,0,20,2023-01-20,1,3992,16,0.8,2023-01-30,2023-02-05,2023-02-07,1,0,Not as expected
355,DTC,3528,1,13279,0,14,2023-01-20,1,5478,20,0.8,2023-02-01,2023-02-09,2023-02-11,1,0,Damaged in transit
356,DTC,3536,2,2212,0,11,2023-01-20,1,5114,29,0.8,2023-02-06,2023-02-18,2023-02-20,1,0,Changed mind
357,DTC,3537,1,25413,0,36,2023-01-20,2,3687,21,0.8,2023-02-02,2023-02-10,2023-02-12,2,0,Fit / size
358,DTC,3538,1,35086,0,17,2023-01-20,1,5471,8,0.8,2023-01-25,2023-01-28,2023-01-30,1,0,Fit / size
359,DTC,3544,1,2218,0,23,2023-01-20,1,4050,25,0.8,2023-02-04,2023-02-14,2023-02-16,1,0,Not as expected
360,DTC,3582,1,2245,0,2,2023-01-20,1,5746,15,0.8,2023-01-29,2023-02-04,2023-02-06,1,0,Not as expected
361,DTC,3593,1,2252,0,54,2023-01-20,2,11141,15,0.8,2023-01-29,2023-02-04,2023-02-06,2,0,Defect
362,DTC,3604,1,27701,0,2,2023-01-21,1,5746,21,0.8,2023-02-03,2023-02-11,2023-02-13,1,0,Changed mind
363,DTC,3607,1,2260,0,28,2023-01-21,1,4820,20,0.8,2023-02-02,2023-02-10,2023-02-12,1,0,Damaged in transit
364,DTC,3622,1,48197,0,2,2023-01-21,1,5746,27,0.8,2023-02-06,2023-02-17,2023-02-19,1,0,Fit / size
365,DTC,3623,2,1097,0,7,2023-01-21,1,5688,19,0.8,2023-02-01,2023-02-09,2023-02-11,1,0,Changed mind
366,DTC,3626,2,2270,0,18,2023-01-21,2,5163,28,0.8,2023-02-07,2023-02-18,2023-02-20,2,0,Damaged in transit
367,DTC,3639,2,2279,0,5,2023-01-21,1,6632,20,0.8,2023-02-02,2023-02-10,2023-02-12,1,0,Defect
368,DTC,3641,2,2280,0,5,2023-01-21,1,6632,22,0.8,2023-02-03,2023-02-12,2023-02-14,1,0,Defect
369,DTC,3673,1,7673,0,14,2023-01-21,1,5478,24,0.8,2023-02-04,2023-02-14,2023-02-16,1,0,Changed mind
370,DTC,3698,1,8610,0,21,2023-01-21,1,1805,23,0.8,2023-02-04,2023-02-13,2023-02-15,1,0,Changed mind
371,DTC,3702,1,2319,0,4,2023-01-21,1,4467,23,0.8,2023-02-04,2023-02-13,2023-02-15,1,0,Fit / size
372,DTC,3720,1,2333,0,21,2023-01-21,2,3611,20,0.8,2023-02-02,2023-02-10,2023-02-12,2,0,Defect
373,DTC,3727,1,2335,0,56,2023-01-21,1,6269,13,0.8,2023-01-29,2023-02-03,2023-02-05,1,0,Fit / size
374,DTC,3735,1,2338,0,13,2023-01-21,1,4984,18,0.8,2023-02-01,2023-02-08,2023-02-10,1,0,Defect
375,DTC,3741,2,2344,0,10,2023-01-21,1,4266,23,0.8,2023-02-04,2023-02-13,2023-02-15,1,0,Changed mind
376,DTC,3745,3,21113,0,61,2023-01-21,1,1735,23,0.8,2023-02-04,2023-02-13,2023-02-15,1,0,Changed mind
377,DTC,3750,1,46603,0,1,2023-01-21,1,5753,11,0.8,2023-01-28,2023-02-01,2023-02-03,1,0,Not as expected
378,DTC,3760,1,4703,0,2,2023-01-21,1,5746,12,0.8,2023-01-28,2023-02-02,2023-02-04,1,0,Fit / size
379,DTC,3761,2,30252,0,22,2023-01-21,1,5736,21,0.8,2023-02-03,2023-02-11,2023-02-13,1,0,Damaged in transit
380,DTC,3772,1,2360,0,28,2023-01-21,1,4820,19,0.8,2023-02-01,2023-02-09,2023-02-11,1,0,Not as expected
381,DTC,3781,1,2364,0,10,2023-01-22,1,4266,29,0.8,2023-02-08,2023-02-20,2023-02-22,1,0,Defect
382,DTC,3785,2,13703,0,7,2023-01-22,2,11376,30,0.8,2023-02-09,2023-02-21,2023-02-23,2,0,Damaged in transit
383,DTC,3799,1,2373,0,20,2023-01-22,1,3992,12,0.8,2023-01-29,2023-02-03,2023-02-05,1,0,Fit / size
384,DTC,3804,1,2377,0,6,2023-01-22,1,4322,9,0.8,2023-01-27,2023-01-31,2023-02-02,1,0,Defect
385,DTC,3805,1,2378,0,2,2023-01-22,2,11492,18,0.8,2023-02-02,2023-02-09,2023-02-11,2,0,Fit / size
386,DTC,3809,1,10258,0,21,2023-01-22,1,1805,15,0.8,2023-01-31,2023-02-06,2023-02-08,1,0,Changed mind
387,DTC,3819,1,2386,0,2,2023-01-22,2,11492,15,0.8,2023-01-31,2023-02-06,2023-02-08,2,0,Fit / size
388,DTC,3821,1,2388,0,12,2023-01-22,1,4830,19,0.8,2023-02-02,2023-02-10,2023-02-12,1,0,Not as expected
389,DTC,3824,1,2389,0,2,2023-01-22,1,5746,19,0.8,2023-02-02,2023-02-10,2023-02-12,1,0,Defect
390,DTC,3826,1,2391,0,11,2023-01-22,1,5114,10,0.8,2023-01-28,2023-02-01,2023-02-03,1,0,Defect
391,DTC,3835,1,2398,0,27,2023-01-22,1,1686,23,0.8,2023-02-05,2023-02-14,2023-02-16,1,0,Damaged in transit
392,DTC,3840,1,2401,0,12,2023-01-22,1,4830,22,0.8,2023-02-04,2023-02-13,2023-02-15,1,0,Changed mind
393,DTC,3843,1,2403,0,33,2023-01-22,1,2230,19,0.8,2023-02-02,2023-02-10,2023-02-12,1,0,Not as expected
394,DTC,3873,1,2419,0,2,2023-01-22,1,5746,19,0.8,2023-02-02,2023-02-10,2023-02-12,1,0,Fit / size
395,DTC,3874,3,2420,0,4,2023-01-22,1,4467,22,0.8,2023-02-04,2023-02-13,2023-02-15,1,0,Defect
396,DTC,3883,1,45007,0,8,2023-01-22,1,5223,10,0.8,2023-01-28,2023-02-01,2023-02-03,1,0,Not as expected
397,DTC,3891,2,2426,0,17,2023-01-22,2,10941,15,0.8,2023-01-31,2023-02-06,2023-02-08,2,0,Damaged in transit
398,DTC,3914,1,2441,0,1,2023-01-22,2,11507,15,0.8,2023-01-31,2023-02-06,2023-02-08,2,0,Defect
399,DTC,3922,1,2449,0,75,2023-01-22,1,7964,19,0.8,2023-02-02,2023-02-10,2023-02-12,1,0,Defect
400,DTC,3927,1,2453,0,2,2023-01-22,1,5746,19,0.8,2023-02-02,2023-02-10,2023-02-12,1,0,Damaged in transit
401,DTC,3929,1,2454,0,2,2023-01-22,2,11492,16,0.8,2023-02-01,2023-02-07,2023-02-09,2,0,Fit / size
402,DTC,3930,1,9057,0,29,2023-01-23,1,4135,14,0.8,2023-01-31,2023-02-06,2023-02-08,1,0,Defect
403,DTC,3934,1,50829,0,41,2023-01-23,1,2682,14,0.8,2023-01-31,2023-02-06,2023-02-08,1,0,Changed mind
404,DTC,3950,1,2467,0,1,2023-01-23,1,5753,16,0.8,2023-02-02,2023-02-08,2023-02-10,1,0,Defect
405,DTC,3961,1,44572,0,1,2023-01-23,1,5753,19,0.8,2023-02-03,2023-02-11,2023-02-13,1,0,Not as expected
406,DTC,3968,1,2478,0,8,2023-01-23,2,10445,11,0.8,2023-01-30,2023-02-03,2023-02-05,2,0,Defect
407,DTC,3994,1,2493,0,7,2023-01-23,1,5688,9,0.8,2023-01-28,2023-02-01,2023-02-03,1,0,Changed mind
408,DTC,4002,1,2498,0,4,2023-01-23,1,4467,15,0.8,2023-02-01,2023-02-07,2023-02-09,1,0,Not as expected
409,DTC,4011,2,2501,0,7,2023-01-23,1,5688,23,0.8,2023-02-06,2023-02-15,2023-02-17,1,0,Changed mind
410,DTC,4026,1,38418,0,8,2023-01-23,1,5223,17,0.8,2023-02-02,2023-02-09,2023-02-11,1,0,Changed mind
411,DTC,4029,1,52122,0,4,2023-01-23,1,4467,15,0.8,2023-02-01,2023-02-07,2023-02-09,1,0,Damaged in transit
412,DTC,4036,1,26590,0,31,2023-01-23,1,5363,11,0.8,2023-01-30,2023-02-03,2023-02-05,1,0,Defect
413,DTC,4041,2,47049,0,2,2023-01-23,1,5746,28,0.8,2023-02-09,2023-02-20,2023-02-22,1,0,Not as expected
414,DTC,4042,1,13410,0,9,2023-01-23,2,11951,23,0.8,2023-02-06,2023-02-15,2023-02-17,2,0,Fit / size
415,DTC,4066,1,2542,0,4,2023-01-23,1,4467,18,0.8,2023-02-03,2023-02-10,2023-02-12,1,0,Defect
416,DTC,4072,1,2547,0,2,2023-01-23,1,5746,19,0.8,2023-02-03,2023-02-11,2023-02-13,1,0,Defect
417,DTC,4080,1,3970,0,22,2023-01-23,1,5736,12,0.8,2023-01-30,2023-02-04,2023-02-06,1,0,Defect
418,DTC,4091,2,2557,0,1,2023-01-23,2,11507,11,0.8,2023-01-30,2023-02-03,2023-02-05,2,0,Not as expected
419,DTC,4097,1,2561,0,8,2023-01-23,1,5223,22,0.8,2023-02-05,2023-02-14,2023-02-16,1,0,Defect
420,DTC,4098,1,2562,0,1,2023-01-23,1,5753,27,0.8,2023-02-08,2023-02-19,2023-02-21,1,0,Not as expected
421,DTC,4106,2,2568,0,14,2023-01-23,1,5478,20,0.8,2023-02-04,2023-02-12,2023-02-14,1,0,Changed mind
422,DTC,4112,1,20286,0,12,2023-01-23,2,9660,15,0.8,2023-02-01,2023-02-07,2023-02-09,2,0,Changed mind
423,DTC,4140,1,31615,0,6,2023-01-23,1,4322,15,0.8,2023-02-01,2023-02-07,2023-02-09,1,0,Not as expected
424,DTC,4160,2,27356,0,33,2023-01-24,1,2230,11,0.8,2023-01-31,2023-02-04,2023-02-06,1,0,Damaged in transit
425,DTC,4162,1,2601,0,39,2023-01-24,1,2629,15,0.8,2023-02-02,2023-02-08,2023-02-10,1,0,Fit / size
426,DTC,4167,2,7370,0,71,2023-01-24,1,3944,23,0.8,2023-02-07,2023-02-16,2023-02-18,1,0,Defect
427,DTC,4208,1,2634,0,14,2023-01-24,2,10956,18,0.8,2023-02-04,2023-02-11,2023-02-13,2,0,Defect
428,DTC,4211,2,41353,0,1,2023-01-24,1,5753,3,0.8,2023-01-26,2023-01-27,2023-01-29,1,0,Changed mind
429,DTC,4219,1,52526,0,1,2023-01-24,1,5753,15,0.8,2023-02-02,2023-02-08,2023-02-10,1,0,Fit / size
430,DTC,4222,1,2641,0,6,2023-01-24,1,4322,19,0.8,2023-02-04,2023-02-12,2023-02-14,1,0,Not as expected
431,DTC,4223,1,2642,0,31,2023-01-24,1,5363,21,0.8,2023-02-06,2023-02-14,2023-02-16,1,0,Changed mind
432,DTC,4250,1,49365,0,71,2023-01-24,1,3944,11,0.8,2023-01-31,2023-02-04,2023-02-06,1,0,Fit / size
433,DTC,4252,1,2659,0,5,2023-01-24,1,6632,12,0.8,2023-01-31,2023-02-05,2023-02-07,1,0,Defect
434,DTC,4263,1,2666,0,8,2023-01-24,1,5223,23,0.8,2023-02-07,2023-02-16,2023-02-18,1,0,Not as expected
435,DTC,4268,1,2669,0,72,2023-01-24,1,6161,3,0.8,2023-01-26,2023-01-27,2023-01-29,1,0,Changed mind
436,DTC,4275,1,5147,0,42,2023-01-24,1,8149,4,0.8,2023-01-26,2023-01-28,2023-01-30,1,0,Not as expected
437,DTC,4279,1,2677,0,77,2023-01-24,1,5047,30,0.8,2023-02-11,2023-02-23,2023-02-25,1,0,Changed mind
438,DTC,4282,1,22081,0,23,2023-01-24,1,4050,14,0.8,2023-02-01,2023-02-07,2023-02-09,1,0,Not as expected
439,DTC,4286,1,2682,0,65,2023-01-24,1,5595,19,0.8,2023-02-04,2023-02-12,2023-02-14,1,0,Damaged in transit
440,DTC,4297,1,47836,0,1,2023-01-25,2,11507,28,0.8,2023-02-11,2023-02-22,2023-02-24,2,0,Defect
441,DTC,4308,2,2696,0,3,2023-01-25,1,5360,17,0.8,2023-02-04,2023-02-11,2023-02-13,1,0,Defect
442,DTC,4333,1,2712,0,3,2023-01-25,1,5360,8,0.8,2023-01-30,2023-02-02,2023-02-04,1,0,Defect
443,DTC,4342,1,28607,0,13,2023-01-25,2,9969,15,0.8,2023-02-03,2023-02-09,2023-02-11,2,0,Damaged in transit
444,DTC,4344,1,20263,0,22,2023-01-25,1,5736,13,0.8,2023-02-02,2023-02-07,2023-02-09,1,0,Defect
445,DTC,4359,2,2729,0,24,2023-01-25,1,1773,17,0.8,2023-02-04,2023-02-11,2023-02-13,1,0,Damaged in transit
446,DTC,4368,1,2734,0,2,2023-01-25,1,5746,18,0.8,2023-02-05,2023-02-12,2023-02-14,1,0,Not as expected
447,DTC,4368,2,2734,0,7,2023-01-25,1,5688,13,0.8,2023-02-02,2023-02-07,2023-02-09,1,0,Changed mind
448,DTC,4390,1,2748,0,14,2023-01-25,1,5478,23,0.8,2023-02-08,2023-02-17,2023-02-19,1,0,Fit / size
449,DTC,4397,2,2754,0,20,2023-01-25,2,7985,8,0.8,2023-01-30,2023-02-02,2023-02-04,2,0,Changed mind
450,DTC,4408,1,2760,0,2,2023-01-25,1,5746,23,0.8,2023-02-08,2023-02-17,2023-02-19,1,0,Defect
451,DTC,4416,1,30079,0,4,2023-01-25,2,8935,17,0.8,2023-02-04,2023-02-11,2023-02-13,2,0,Damaged in transit
452,DTC,4425,1,41855,0,7,2023-01-25,1,5688,8,0.8,2023-01-30,2023-02-02,2023-02-04,1,0,Defect
453,DTC,4439,1,2780,0,78,2023-01-25,1,6194,17,0.8,2023-02-04,2023-02-11,2023-02-13,1,0,Not as expected
454,DTC,4446,1,2786,0,17,2023-01-25,1,5471,26,0.8,2023-02-10,2023-02-20,2023-02-22,1,0,Changed mind
455,DTC,4457,2,2794,0,4,2023-01-25,1,4467,38,0.8,2023-02-17,2023-03-04,2023-03-06,1,0,Fit / size
456,DTC,4471,3,2803,0,42,2023-01-25,1,8149,10,0.8,2023-01-31,2023-02-04,2023-02-06,1,0,Not as expected
457,DTC,4472,1,2804,0,14,2023-01-25,2,10956,33,0.8,2023-02-14,2023-02-27,2023-03-01,2,0,Not as expected
458,DTC,4478,1,2809,0,15,2023-01-25,1,2667,13,0.8,2023-02-02,2023-02-07,2023-02-09,1,0,Damaged in transit
459,DTC,4498,1,17545,0,77,2023-01-26,1,5047,23,0.8,2023-02-09,2023-02-18,2023-02-20,1,0,Damaged in transit
460,DTC,4509,1,2828,0,13,2023-01-26,1,4984,19,0.8,2023-02-06,2023-02-14,2023-02-16,1,0,Changed mind
461,DTC,4516,2,2832,0,8,2023-01-26,2,10445,16,0.8,2023-02-05,2023-02-11,2023-02-13,2,0,Damaged in transit
462,DTC,4521,1,2833,0,30,2023-01-26,1,1747,29,0.8,2023-02-12,2023-02-24,2023-02-26,1,0,Defect
463,DTC,4528,2,2838,0,2,2023-01-26,2,11492,17,0.8,2023-02-05,2023-02-12,2023-02-14,2,0,Fit / size
464,DTC,4557,1,2855,0,4,2023-01-26,1,4467,15,0.8,2023-02-04,2023-02-10,2023-02-12,1,0,Damaged in transit
465,DTC,4568,1,2862,0,85,2023-01-26,1,5694,23,0.8,2023-02-09,2023-02-18,2023-02-20,1,0,Damaged in transit
466,DTC,4573,1,2866,0,4,2023-01-26,1,4467,15,0.8,2023-02-04,2023-02-10,2023-02-12,1,0,Changed mind
467,DTC,4583,2,35045,0,8,2023-01-26,1,5223,8,0.8,2023-01-31,2023-02-03,2023-02-05,1,0,Damaged in transit
468,DTC,4589,1,2878,0,11,2023-01-26,1,5114,22,0.8,2023-02-08,2023-02-17,2023-02-19,1,0,Changed mind
469,DTC,4610,2,5908,0,45,2023-01-26,1,2458,21,0.8,2023-02-08,2023-02-16,2023-02-18,1,0,Damaged in transit
470,DTC,4630,1,2901,0,80,2023-01-26,1,6185,18,0.8,2023-02-06,2023-02-13,2023-02-15,1,0,Fit / size
471,DTC,4636,1,44104,0,3,2023-01-26,2,10719,16,0.8,2023-02-05,2023-02-11,2023-02-13,2,0,Not as expected
472,DTC,4652,1,2915,0,39,2023-01-26,1,2629,11,0.8,2023-02-02,2023-02-06,2023-02-08,1,0,Defect
473,DTC,4655,1,40715,0,41,2023-01-26,1,2682,6,0.8,2023-01-30,2023-02-01,2023-02-03,1,0,Damaged in transit
474,DTC,4663,2,2920,0,23,2023-01-26,2,8101,14,0.8,2023-02-03,2023-02-09,2023-02-11,2,0,Not as expected
475,DTC,4675,3,28275,0,4,2023-01-27,1,4467,11,0.8,2023-02-03,2023-02-07,2023-02-09,1,0,Not as expected
476,DTC,4681,2,2933,0,11,2023-01-27,1,5114,12,0.8,2023-02-03,2023-02-08,2023-02-10,1,0,Fit / size
477,DTC,4685,1,2937,0,19,2023-01-27,1,5017,23,0.8,2023-02-10,2023-02-19,2023-02-21,1,0,Not as expected
478,DTC,4691,1,2940,0,1,2023-01-27,1,5753,28,0.8,2023-02-13,2023-02-24,2023-02-26,1,0,Defect
479,DTC,4698,2,2944,0,53,2023-01-27,1,2105,26,0.8,2023-02-12,2023-02-22,2023-02-24,1,0,Defect
480,DTC,4729,1,2960,0,3,2023-01-27,1,5360,7,0.8,2023-01-31,2023-02-03,2023-02-05,1,0,Defect
481,DTC,4751,2,2975,0,9,2023-01-27,1,5975,15,0.8,2023-02-05,2023-02-11,2023-02-13,1,0,Damaged in transit
482,DTC,4766,2,28129,0,15,2023-01-27,1,2667,6,0.8,2023-01-31,2023-02-02,2023-02-04,1,0,Changed mind
483,DTC,4769,1,2986,0,14,2023-01-27,1,5478,26,0.8,2023-02-12,2023-02-22,2023-02-24,1,0,Not as expected
484,DTC,4784,2,11016,0,24,2023-01-27,1,1773,8,0.8,2023-02-01,2023-02-04,2023-02-06,1,0,Changed mind
485,DTC,4842,1,30450,0,2,2023-01-28,2,11492,9,0.8,2023-02-02,2023-02-06,2023-02-08,2,0,Changed mind
486,DTC,4864,1,3044,0,32,2023-01-28,1,3866,9,0.8,2023-02-02,2023-02-06,2023-02-08,1,0,Damaged in transit
487,DTC,4877,1,3055,0,4,2023-01-28,1,4467,23,0.8,2023-02-11,2023-02-20,2023-02-22,1,0,Not as expected
488,DTC,4894,2,3062,0,11,2023-01-28,1,5114,26,0.8,2023-02-13,2023-02-23,2023-02-25,1,0,Fit / size
489,DTC,4903,1,3066,0,47,2023-01-28,1,4744,14,0.8,2023-02-05,2023-02-11,2023-02-13,1,0,Damaged in transit
490,DTC,4904,2,3067,0,26,2023-01-28,2,7802,13,0.8,2023-02-05,2023-02-10,2023-02-12,2,0,Not as expected
491,DTC,4911,1,3072,0,62,2023-01-28,2,9461,15,0.8,2023-02-06,2023-02-12,2023-02-14,2,0,Defect
492,DTC,4913,1,3073,0,6,2023-01-28,1,4322,19,0.8,2023-02-08,2023-02-16,2023-02-18,1,0,Changed mind
493,DTC,4924,1,127,0,30,2023-01-28,1,1747,24,0.8,2023-02-11,2023-02-21,2023-02-23,1,0,Damaged in transit
494,DTC,4933,1,3082,0,32,2023-01-28,1,3866,15,0.8,2023-02-06,2023-02-12,2023-02-14,1,0,Defect
495,DTC,4942,3,3088,0,7,2023-01-28,1,5688,29,0.8,2023-02-14,2023-02-26,2023-02-28,1,0,Not as expected
496,DTC,4976,1,3109,0,4,2023-01-29,2,8935,6,0.8,2023-02-02,2023-02-04,2023-02-06,2,0,Changed mind
497,DTC,4984,1,46058,0,11,2023-01-29,1,5114,19,0.8,2023-02-09,2023-02-17,2023-02-19,1,0,Defect
498,DTC,4989,1,3119,0,24,2023-01-29,2,3547,27,0.8,2023-02-14,2023-02-25,2023-02-27,2,0,Damaged in transit
499,DTC,5006,1,3132,0,6,2023-01-29,1,4322,12,0.8,2023-02-05,2023-02-10,2023-02-12,1,0,Fit / size
500,DTC,5008,1,3133,0,3,2023-01-29,1,5360,24,0.8,2023-02-12,2023-02-22,2023-02-24,1,0,Defect
501,DTC,5012,1,3134,0,43,2023-01-29,1,4834,6,0.8,2023-02-02,2023-02-04,2023-02-06,1,0,Damaged in transit
502,DTC,5019,3,41187,0,12,2023-01-29,1,4830,19,0.8,2023-02-09,2023-02-17,2023-02-19,1,0,Damaged in transit
503,DTC,5027,1,11465,0,18,2023-01-29,1,2582,23,0.8,2023-02-12,2023-02-21,2023-02-23,1,0,Damaged in transit
504,DTC,5032,1,3147,0,23,2023-01-29,2,8101,26,0.8,2023-02-14,2023-02-24,2023-02-26,2,0,Defect
505,DTC,5032,2,3147,0,17,2023-01-29,1,5471,19,0.8,2023-02-09,2023-02-17,2023-02-19,1,0,Not as expected
506,DTC,5033,2,3148,0,17,2023-01-29,2,10941,20,0.8,2023-02-10,2023-02-18,2023-02-20,2,0,Not as expected
507,DTC,5041,1,3152,0,33,2023-01-29,1,2230,22,0.8,2023-02-11,2023-02-20,2023-02-22,1,0,Defect
508,DTC,5053,1,3160,0,3,2023-01-29,1,5360,26,0.8,2023-02-14,2023-02-24,2023-02-26,1,0,Fit / size
509,DTC,5057,1,35129,0,32,2023-01-29,1,3866,2,0.8,2023-01-30,2023-01-31,2023-02-02,1,0,Defect
510,DTC,5061,1,3164,0,18,2023-01-29,1,2582,13,0.8,2023-02-06,2023-02-11,2023-02-13,1,0,Damaged in transit
511,DTC,5098,2,3191,0,1,2023-01-29,1,5753,16,0.8,2023-02-08,2023-02-14,2023-02-16,1,0,Not as expected
512,DTC,5126,2,3208,0,43,2023-01-30,1,4834,2,0.8,2023-01-31,2023-02-01,2023-02-03,1,0,Fit / size
513,DTC,5135,1,3215,0,8,2023-01-30,2,10445,31,0.8,2023-02-18,2023-03-02,2023-03-04,2,0,Fit / size
514,DTC,5173,1,3238,0,19,2023-01-30,1,5017,24,0.8,2023-02-13,2023-02-23,2023-02-25,1,0,Defect
515,DTC,5183,2,3247,0,20,2023-01-30,2,7985,12,0.8,2023-02-06,2023-02-11,2023-02-13,2,0,Defect
516,DTC,5185,1,3249,0,10,2023-01-30,2,8533,25,0.8,2023-02-14,2023-02-24,2023-02-26,2,0,Defect
517,DTC,5191,2,29655,0,3,2023-01-30,1,5360,20,0.8,2023-02-11,2023-02-19,2023-02-21,1,0,Damaged in transit
518,DTC,5199,2,48545,0,7,2023-01-30,1,5688,19,0.8,2023-02-10,2023-02-18,2023-02-20,1,0,Not as expected
519,DTC,5203,2,3260,0,12,2023-01-30,1,4830,11,0.8,2023-02-06,2023-02-10,2023-02-12,1,0,Damaged in transit
520,DTC,5206,1,3262,0,1,2023-01-30,1,5753,12,0.8,2023-02-06,2023-02-11,2023-02-13,1,0,Defect
521,DTC,5220,1,13034,0,17,2023-01-30,1,5471,3,0.8,2023-02-01,2023-02-02,2023-02-04,1,0,Not as expected
522,DTC,5223,1,3272,0,9,2023-01-30,1,5975,23,0.8,2023-02-13,2023-02-22,2023-02-24,1,0,Defect
523,DTC,5233,3,41018,0,19,2023-01-30,2,10033,20,0.8,2023-02-11,2023-02-19,2023-02-21,2,0,Damaged in transit
524,DTC,5248,1,3284,0,1,2023-01-30,1,5753,11,0.8,2023-02-06,2023-02-10,2023-02-12,1,0,Fit / size
525,DTC,5259,1,33973,0,7,2023-01-30,1,5688,27,0.8,2023-02-15,2023-02-26,2023-02-28,1,0,Defect
526,DTC,5278,1,3305,0,22,2023-01-30,1,5736,14,0.8,2023-02-07,2023-02-13,2023-02-15,1,0,Defect
527,DTC,5284,1,3308,0,24,2023-01-30,1,1773,9,0.8,2023-02-04,2023-02-08,2023-02-10,1,0,Defect
528,DTC,5306,1,3321,0,1,2023-01-30,1,5753,18,0.8,2023-02-10,2023-02-17,2023-02-19,1,0,Damaged in transit
529,DTC,5309,1,28750,0,23,2023-01-31,1,4050,17,0.8,2023-02-10,2023-02-17,2023-02-19,1,0,Damaged in transit
530,DTC,5318,1,20582,0,6,2023-01-31,1,4322,20,0.8,2023-02-12,2023-02-20,2023-02-22,1,0,Damaged in transit
531,DTC,5325,1,3330,0,13,2023-01-31,2,9969,16,0.8,2023-02-10,2023-02-16,2023-02-18,2,0,Changed mind
532,DTC,5327,1,3332,0,17,2023-01-31,1,5471,15,0.8,2023-02-09,2023-02-15,2023-02-17,1,0,Not as expected
533,DTC,5333,3,3336,0,2,2023-01-31,1,5746,16,0.8,2023-02-10,2023-02-16,2023-02-18,1,0,Defect
534,DTC,5339,1,14975,0,20,2023-01-31,1,3992,24,0.8,2023-02-14,2023-02-24,2023-02-26,1,0,Defect
535,DTC,5345,1,3344,0,58,2023-01-31,1,5692,14,0.8,2023-02-08,2023-02-14,2023-02-16,1,0,Damaged in transit
536,DTC,5352,2,15065,0,6,2023-01-31,2,8644,16,0.8,2023-02-10,2023-02-16,2023-02-18,2,0,Defect
537,DTC,5362,1,3355,0,48,2023-01-31,1,6373,8,0.8,2023-02-05,2023-02-08,2023-02-10,1,0,Not as expected
538,DTC,5363,1,3356,0,3,2023-01-31,1,5360,26,0.8,2023-02-16,2023-02-26,2023-02-28,1,0,Fit / size
539,DTC,5365,2,3358,0,4,2023-01-31,1,4467,16,0.8,2023-02-10,2023-02-16,2023-02-18,1,0,Damaged in transit
540,DTC,5371,1,3363,0,6,2023-01-31,1,4322,18,0.8,2023-02-11,2023-02-18,2023-02-20,1,0,Not as expected
541,DTC,5378,1,3367,0,4,2023-01-31,1,4467,18,0.8,2023-02-11,2023-02-18,2023-02-20,1,0,Changed mind
542,DTC,5379,2,14076,0,2,2023-01-31,1,5746,31,0.8,2023-02-19,2023-03-03,2023-03-05,1,0,Damaged in transit
543,DTC,5384,2,24818,0,10,2023-01-31,1,4266,22,0.8,2023-02-13,2023-02-22,2023-02-24,1,0,Defect
544,DTC,5385,1,3372,0,4,2023-01-31,1,4467,21,0.8,2023-02-13,2023-02-21,2023-02-23,1,0,Fit / size
545,DTC,5397,1,3381,0,4,2023-01-31,1,4467,13,0.8,2023-02-08,2023-02-13,2023-02-15,1,0,Fit / size
546,DTC,5418,2,3395,0,53,2023-01-31,1,2105,13,0.8,2023-02-08,2023-02-13,2023-02-15,1,0,Changed mind
547,DTC,5423,1,3400,0,1,2023-01-31,2,11507,20,0.8,2023-02-12,2023-02-20,2023-02-22,2,0,Fit / size
548,DTC,5454,1,3422,0,3,2023-01-31,1,5360,18,0.8,2023-02-11,2023-02-18,2023-02-20,1,0,Defect
549,DTC,5461,1,33609,0,13,2023-01-31,2,9969,5,0.8,2023-02-03,2023-02-05,2023-02-07,2,0,Damaged in transit
550,DTC,5464,1,25263,0,12,2023-01-31,1,4830,10,0.8,2023-02-06,2023-02-10,2023-02-12,1,0,Not as expected
551,DTC,5477,2,33723,0,31,2023-01-31,1,5363,22,0.8,2023-02-13,2023-02-22,2023-02-24,1,0,Not as expected
552,DTC,5478,1,27085,0,6,2023-01-31,1,4322,23,0.8,2023-02-14,2023-02-23,2023-02-25,1,0,Not as expected
553,DTC,5479,3,42409,0,76,2023-01-31,1,6133,21,0.8,2023-02-13,2023-02-21,2023-02-23,1,0,Defect
554,DTC,5485,1,3440,0,23,2023-01-31,2,8101,18,0.8,2023-02-11,2023-02-18,2023-02-20,2,0,Fit / size
555,DTC,5487,2,33743,0,51,2023-01-31,1,4193,8,0.8,2023-02-05,2023-02-08,2023-02-10,1,0,Defect
556,DTC,5510,1,39273,0,14,2023-02-01,1,5478,11,0.8,2023-02-08,2023-02-12,2023-02-14,1,0,Fit / size
557,DTC,5519,1,3458,0,33,2023-02-01,1,2230,15,0.8,2023-02-10,2023-02-16,2023-02-18,1,0,Fit / size
558,DTC,5531,1,39315,0,3,2023-02-01,1,5360,2,0.8,2023-02-02,2023-02-03,2023-02-05,1,0,Changed mind
559,DTC,5540,1,7894,0,6,2023-02-01,1,4322,12,0.8,2023-02-08,2023-02-13,2023-02-15,1,0,Damaged in transit
560,DTC,5550,1,3478,0,41,2023-02-01,2,5363,2,0.8,2023-02-02,2023-02-03,2023-02-05,2,0,Defect
561,DTC,5553,1,7645,0,23,2023-02-01,1,4050,20,0.8,2023-02-13,2023-02-21,2023-02-23,1,0,Damaged in transit
562,DTC,5570,1,3489,0,29,2023-02-01,1,4135,24,0.8,2023-02-15,2023-02-25,2023-02-27,1,0,Not as expected
563,DTC,5571,3,41596,0,4,2023-02-01,1,4467,20,0.8,2023-02-13,2023-02-21,2023-02-23,1,0,Defect
564,DTC,5575,3,9326,0,10,2023-02-01,1,4266,26,0.8,2023-02-17,2023-02-27,2023-03-01,1,0,Fit / size
565,DTC,5588,1,3496,0,44,2023-02-01,1,6472,13,0.8,2023-02-09,2023-02-14,2023-02-16,1,0,Damaged in transit
566,DTC,5591,1,2990,0,13,2023-02-01,1,4984,10,0.8,2023-02-07,2023-02-11,2023-02-13,1,0,Fit / size
567,DTC,5594,1,29388,0,57,2023-02-01,1,1956,21,0.8,2023-02-14,2023-02-22,2023-02-24,1,0,Fit / size
568,DTC,5595,1,3500,0,82,2023-02-01,1,4918,16,0.8,2023-02-11,2023-02-17,2023-02-19,1,0,Not as expected
569,DTC,5595,3,3500,0,12,2023-02-01,1,4830,13,0.8,2023-02-09,2023-02-14,2023-02-16,1,0,Changed mind
570,DTC,5621,1,1662,0,3,2023-02-01,1,5360,10,0.8,2023-02-07,2023-02-11,2023-02-13,1,0,Fit / size
571,DTC,5635,2,3527,0,49,2023-02-01,2,3372,19,0.8,2023-02-12,2023-02-20,2023-02-22,2,0,Defect
572,DTC,5641,1,26741,0,31,2023-02-01,2,10727,20,0.8,2023-02-13,2023-02-21,2023-02-23,2,0,Changed mind
573,DTC,5645,1,48033,0,32,2023-02-01,2,7733,20,0.8,2023-02-13,2023-02-21,2023-02-23,2,0,Not as expected
574,DTC,5650,3,3536,0,1,2023-02-01,1,5753,6,0.8,2023-02-05,2023-02-07,2023-02-09,1,0,Defect
575,DTC,5660,2,43330,0,34,2023-02-02,1,6924,22,0.8,2023-02-15,2023-02-24,2023-02-26,1,0,Not as expected
576,DTC,5669,1,14918,0,46,2023-02-02,2,15308,20,0.8,2023-02-14,2023-02-22,2023-02-24,2,0,Not as expected
577,DTC,5679,1,3553,0,18,2023-02-02,1,2582,7,0.8,2023-02-06,2023-02-09,2023-02-11,1,0,Changed mind
578,DTC,5704,2,42779,0,49,2023-02-02,1,1686,14,0.8,2023-02-10,2023-02-16,2023-02-18,1,0,Changed mind
579,DTC,5715,1,3572,0,7,2023-02-02,1,5688,12,0.8,2023-02-09,2023-02-14,2023-02-16,1,0,Defect
580,DTC,5724,1,3577,0,18,2023-02-02,1,2582,10,0.8,2023-02-08,2023-02-12,2023-02-14,1,0,Not as expected
581,DTC,5725,1,41300,0,5,2023-02-02,1,6632,12,0.8,2023-02-09,2023-02-14,2023-02-16,1,0,Not as expected
582,DTC,5725,2,41300,0,10,2023-02-02,1,4266,12,0.8,2023-02-09,2023-02-14,2023-02-16,1,0,Defect
583,DTC,5728,2,3580,0,50,2023-02-02,1,8043,28,0.8,2023-02-19,2023-03-02,2023-03-04,1,0,Fit / size
584,DTC,5747,1,3590,0,10,2023-02-02,2,8533,9,0.8,2023-02-07,2023-02-11,2023-02-13,2,0,Changed mind
585,DTC,5755,1,3594,0,4,2023-02-02,1,4467,14,0.8,2023-02-10,2023-02-16,2023-02-18,1,0,Defect
586,DTC,5760,1,28104,0,58,2023-02-02,2,11383,25,0.8,2023-02-17,2023-02-27,2023-03-01,2,0,Fit / size
587,DTC,5783,1,32296,0,20,2023-02-02,1,3992,10,0.8,2023-02-08,2023-02-12,2023-02-14,1,0,Fit / size
588,DTC,5791,1,3610,0,11,2023-02-02,2,10228,13,0.8,2023-02-10,2023-02-15,2023-02-17,2,0,Changed mind
589,DTC,5794,2,21662,0,4,2023-02-02,2,8935,8,0.8,2023-02-07,2023-02-10,2023-02-12,2,0,Fit / size
590,DTC,5802,3,5779,0,5,2023-02-02,2,13264,17,0.8,2023-02-12,2023-02-19,2023-02-21,2,0,Changed mind
591,DTC,5818,1,3626,0,1,2023-02-02,1,5753,15,0.8,2023-02-11,2023-02-17,2023-02-19,1,0,Defect
592,DTC,5822,1,3628,0,51,2023-02-02,1,4193,13,0.8,2023-02-10,2023-02-15,2023-02-17,1,0,Not as expected
593,DTC,5826,1,20123,0,15,2023-02-02,1,2667,19,0.8,2023-02-13,2023-02-21,2023-02-23,1,0,Defect
594,DTC,5828,1,23770,0,9,2023-02-02,2,11951,13,0.8,2023-02-10,2023-02-15,2023-02-17,2,0,Not as expected
595,DTC,5856,1,36738,0,14,2023-02-03,1,5478,15,0.8,2023-02-12,2023-02-18,2023-02-20,1,0,Defect
596,DTC,5894,1,3666,0,7,2023-02-03,1,5688,36,0.8,2023-02-25,2023-03-11,2023-03-13,1,0,Defect
597,DTC,5901,1,12516,0,3,2023-02-03,1,5360,22,0.8,2023-02-16,2023-02-25,2023-02-27,1,0,Defect
598,DTC,5901,2,12516,0,17,2023-02-03,1,5471,26,0.8,2023-02-19,2023-03-01,2023-03-03,1,0,Changed mind
599,DTC,5936,1,3691,0,2,2023-02-03,1,5746,16,0.8,2023-02-13,2023-02-19,2023-02-21,1,0,Changed mind
600,DTC,5937,1,47068,0,3,2023-02-03,1,5360,21,0.8,2023-02-16,2023-02-24,2023-02-26,1,0,Changed mind
601,DTC,5938,1,3692,0,5,2023-02-03,1,6632,24,0.8,2023-02-17,2023-02-27,2023-03-01,1,0,Fit / size
602,DTC,5954,1,3706,0,3,2023-02-03,1,5360,21,0.8,2023-02-16,2023-02-24,2023-02-26,1,0,Defect
603,DTC,5974,1,34125,0,65,2023-02-03,1,5595,12,0.8,2023-02-10,2023-02-15,2023-02-17,1,0,Damaged in transit
604,DTC,5976,1,51730,0,43,2023-02-03,1,4834,7,0.8,2023-02-07,2023-02-10,2023-02-12,1,0,Fit / size
605,DTC,5986,2,33294,0,60,2023-02-03,1,6625,19,0.8,2023-02-14,2023-02-22,2023-02-24,1,0,Fit / size
606,DTC,5991,1,32901,0,13,2023-02-03,1,4984,11,0.8,2023-02-10,2023-02-14,2023-02-16,1,0,Damaged in transit
607,DTC,5996,1,3733,0,62,2023-02-03,2,9461,21,0.8,2023-02-16,2023-02-24,2023-02-26,2,0,Changed mind
608,DTC,6002,1,3737,0,66,2023-02-03,1,6780,28,0.8,2023-02-20,2023-03-03,2023-03-05,1,0,Fit / size
609,DTC,6016,1,36828,0,59,2023-02-03,1,3991,25,0.8,2023-02-18,2023-02-28,2023-03-02,1,0,Changed mind
610,DTC,6026,1,3751,0,6,2023-02-03,1,4322,19,0.8,2023-02-14,2023-02-22,2023-02-24,1,0,Defect
611,DTC,6035,3,32057,0,9,2023-02-03,1,5975,21,0.8,2023-02-16,2023-02-24,2023-02-26,1,0,Changed mind
612,DTC,6046,1,3768,0,14,2023-02-04,1,5478,24,0.8,2023-02-18,2023-02-28,2023-03-02,1,0,Not as expected
613,DTC,6092,1,13194,0,2,2023-02-04,2,11492,19,0.8,2023-02-15,2023-02-23,2023-02-25,2,0,Fit / size
614,DTC,6094,1,3792,0,36,2023-02-04,1,1844,15,0.8,2023-02-13,2023-02-19,2023-02-21,1,0,Fit / size
615,DTC,6132,2,34582,0,9,2023-02-04,1,5975,9,0.8,2023-02-09,2023-02-13,2023-02-15,1,0,Changed mind
616,DTC,6149,1,3826,0,14,2023-02-04,2,10956,16,0.8,2023-02-14,2023-02-20,2023-02-22,2,0,Not as expected
617,DTC,6164,1,37853,0,3,2023-02-04,1,5360,25,0.8,2023-02-19,2023-03-01,2023-03-03,1,0,Damaged in transit
618,DTC,6166,2,3832,0,52,2023-02-04,1,6957,19,0.8,2023-02-15,2023-02-23,2023-02-25,1,0,Changed mind
619,DTC,6174,2,27733,0,2,2023-02-05,1,5746,15,0.8,2023-02-14,2023-02-20,2023-02-22,1,0,Changed mind
620,DTC,6176,1,3839,0,3,2023-02-05,1,5360,24,0.8,2023-02-19,2023-03-01,2023-03-03,1,0,Damaged in transit
621,DTC,6181,1,3843,0,5,2023-02-05,2,13264,23,0.8,2023-02-19,2023-02-28,2023-03-02,2,0,Defect
622,DTC,6194,2,8844,0,1,2023-02-05,1,5753,17,0.8,2023-02-15,2023-02-22,2023-02-24,1,0,Defect
623,DTC,6202,1,3858,0,8,2023-02-05,1,5223,17,0.8,2023-02-15,2023-02-22,2023-02-24,1,0,Defect
624,DTC,6207,2,3861,0,1,2023-02-05,2,11507,20,0.8,2023-02-17,2023-02-25,2023-02-27,2,0,Changed mind
625,DTC,6217,2,18511,0,53,2023-02-05,1,2105,26,0.8,2023-02-21,2023-03-03,2023-03-05,1,0,Fit / size
626,DTC,6233,2,3878,0,1,2023-02-05,1,5753,13,0.8,2023-02-13,2023-02-18,2023-02-20,1,0,Defect
627,DTC,6234,1,24931,0,2,2023-02-05,1,5746,21,0.8,2023-02-18,2023-02-26,2023-02-28,1,0,Not as expected
628,DTC,6247,1,3886,0,26,2023-02-05,1,3901,10,0.8,2023-02-11,2023-02-15,2023-02-17,1,0,Damaged in transit
629,DTC,6255,1,3891,0,49,2023-02-05,1,1686,17,0.8,2023-02-15,2023-02-22,2023-02-24,1,0,Damaged in transit
630,DTC,6275,1,35172,0,44,2023-02-05,1,6472,12,0.8,2023-02-12,2023-02-17,2023-02-19,1,0,Changed mind
631,DTC,6303,2,33246,0,5,2023-02-05,1,6632,21,0.8,2023-02-18,2023-02-26,2023-02-28,1,0,Changed mind
632,DTC,6307,1,3920,0,9,2023-02-05,2,11951,5,0.8,2023-02-08,2023-02-10,2023-02-12,2,0,Fit / size
633,DTC,6319,1,3929,0,24,2023-02-05,1,1773,21,0.8,2023-02-18,2023-02-26,2023-02-28,1,0,Fit / size
634,DTC,6352,1,47040,0,64,2023-02-06,1,5800,13,0.8,2023-02-14,2023-02-19,2023-02-21,1,0,Damaged in transit
635,DTC,6361,1,3963,0,79,2023-02-06,1,6105,19,0.8,2023-02-17,2023-02-25,2023-02-27,1,0,Changed mind
636,DTC,6379,2,25944,0,8,2023-02-06,1,5223,11,0.8,2023-02-13,2023-02-17,2023-02-19,1,0,Damaged in transit
637,DTC,6406,1,3991,0,10,2023-02-06,2,8533,23,0.8,2023-02-20,2023-03-01,2023-03-03,2,0,Fit / size
638,DTC,6416,1,16602,0,27,2023-02-06,2,3372,26,0.8,2023-02-22,2023-03-04,2023-03-06,2,0,Defect
639,DTC,6422,2,4001,0,14,2023-02-06,1,5478,19,0.8,2023-02-17,2023-02-25,2023-02-27,1,0,Not as expected
640,DTC,6433,1,11948,0,30,2023-02-06,2,3495,26,0.8,2023-02-22,2023-03-04,2023-03-06,2,0,Changed mind
641,DTC,6438,2,4011,0,4,2023-02-06,1,4467,15,0.8,2023-02-15,2023-02-21,2023-02-23,1,0,Not as expected
642,DTC,6444,1,26004,0,3,2023-02-06,1,5360,27,0.8,2023-02-22,2023-03-05,2023-03-07,1,0,Changed mind
643,DTC,6459,1,4027,0,30,2023-02-06,1,1747,14,0.8,2023-02-14,2023-02-20,2023-02-22,1,0,Defect
644,DTC,6473,1,4035,0,10,2023-02-06,1,4266,7,0.8,2023-02-10,2023-02-13,2023-02-15,1,0,Changed mind
645,DTC,6473,2,4035,0,20,2023-02-06,2,7985,9,0.8,2023-02-11,2023-02-15,2023-02-17,2,0,Changed mind
646,DTC,6475,2,4037,0,16,2023-02-06,1,6565,10,0.8,2023-02-12,2023-02-16,2023-02-18,1,0,Fit / size
647,DTC,6482,1,4043,0,14,2023-02-06,1,5478,14,0.8,2023-02-14,2023-02-20,2023-02-22,1,0,Changed mind
648,DTC,6501,1,4053,0,14,2023-02-06,1,5478,10,0.8,2023-02-12,2023-02-16,2023-02-18,1,0,Fit / size
649,DTC,6573,2,4095,0,82,2023-02-07,1,4918,14,0.8,2023-02-15,2023-02-21,2023-02-23,1,0,Fit / size
650,DTC,6588,1,4106,0,45,2023-02-07,2,4917,20,0.8,2023-02-19,2023-02-27,2023-03-01,2,0,Fit / size
651,DTC,6596,1,4112,0,2,2023-02-07,1,5746,30,0.8,2023-02-25,2023-03-09,2023-03-11,1,0,Fit / size
652,DTC,6606,1,4117,0,44,2023-02-07,2,12943,19,0.8,2023-02-18,2023-02-26,2023-02-28,2,0,Changed mind
653,DTC,6617,1,48016,0,2,2023-02-07,1,5746,12,0.8,2023-02-14,2023-02-19,2023-02-21,1,0,Damaged in transit
654,DTC,6622,1,9661,0,2,2023-02-07,1,5746,20,0.8,2023-02-19,2023-02-27,2023-03-01,1,0,Damaged in transit
655,DTC,6629,1,4129,0,8,2023-02-07,1,5223,21,0.8,2023-02-20,2023-02-28,2023-03-02,1,0,Not as expected
656,DTC,6662,1,4153,0,4,2023-02-07,1,4467,26,0.8,2023-02-23,2023-03-05,2023-03-07,1,0,Damaged in transit
657,DTC,6671,1,4158,0,7,2023-02-07,1,5688,12,0.8,2023-02-14,2023-02-19,2023-02-21,1,0,Changed mind
658,DTC,6821,1,4252,0,33,2023-02-08,1,2230,16,0.8,2023-02-18,2023-02-24,2023-02-26,1,0,Changed mind
659,DTC,6878,1,45882,0,8,2023-02-09,1,5223,22,0.8,2023-02-22,2023-03-03,2023-03-05,1,0,Damaged in transit
660,DTC,6886,2,4297,0,8,2023-02-09,1,5223,21,0.8,2023-02-22,2023-03-02,2023-03-04,1,0,Not as expected
661,DTC,6949,2,4339,0,16,2023-02-09,1,6565,7,0.8,2023-02-13,2023-02-16,2023-02-18,1,0,Fit / size
662,DTC,6952,1,23026,0,51,2023-02-09,1,4193,20,0.8,2023-02-21,2023-03-01,2023-03-03,1,0,Changed mind
663,DTC,6962,3,4348,0,7,2023-02-09,1,5688,13,0.8,2023-02-17,2023-02-22,2023-02-24,1,0,Defect
664,DTC,6991,2,16898,0,8,2023-02-09,1,5223,20,0.8,2023-02-21,2023-03-01,2023-03-03,1,0,Changed mind
665,DTC,7051,1,4404,0,50,2023-02-10,1,8043,8,0.8,2023-02-15,2023-02-18,2023-02-20,1,0,Not as expected
666,DTC,7067,1,29293,0,7,2023-02-10,1,5688,8,0.8,2023-02-15,2023-02-18,2023-02-20,1,0,Fit / size
667,DTC,7100,1,4433,0,70,2023-02-10,1,7521,26,0.8,2023-02-26,2023-03-08,2023-03-10,1,0,Changed mind
668,DTC,7119,1,41600,0,29,2023-02-10,2,8271,10,0.8,2023-02-16,2023-02-20,2023-02-22,2,0,Damaged in transit
669,DTC,7124,2,4452,0,7,2023-02-10,1,5688,9,0.8,2023-02-15,2023-02-19,2023-02-21,1,0,Fit / size
670,DTC,7135,2,30306,0,18,2023-02-10,1,2582,27,0.8,2023-02-26,2023-03-09,2023-03-11,1,0,Fit / size
671,DTC,7166,1,4477,0,8,2023-02-10,1,5223,21,0.8,2023-02-23,2023-03-03,2023-03-05,1,0,Damaged in transit
672,DTC,7207,2,4502,0,70,2023-02-11,2,15041,22,0.8,2023-02-24,2023-03-05,2023-03-07,2,0,Not as expected
673,DTC,7309,2,4567,0,8,2023-02-11,1,5223,21,0.8,2023-02-24,2023-03-04,2023-03-06,1,0,Defect
674,DTC,7322,2,4576,0,35,2023-02-11,2,10087,18,0.8,2023-02-22,2023-03-01,2023-03-03,2,0,Damaged in transit
675,DTC,7327,1,4579,0,75,2023-02-11,2,15927,16,0.8,2023-02-21,2023-02-27,2023-03-01,2,0,Not as expected
676,DTC,7366,1,4603,0,67,2023-02-11,1,7535,25,0.8,2023-02-26,2023-03-08,2023-03-10,1,0,Damaged in transit
677,DTC,7413,1,4628,0,6,2023-02-12,1,4322,15,0.8,2023-02-21,2023-02-27,2023-03-01,1,0,Changed mind
678,DTC,7451,1,4652,0,22,2023-02-12,2,11472,27,0.8,2023-02-28,2023-03-11,2023-03-13,2,0,Fit / size
679,DTC,7499,2,4678,0,3,2023-02-12,1,5360,24,0.8,2023-02-26,2023-03-08,2023-03-10,1,0,Changed mind
680,DTC,7523,1,4692,0,18,2023-02-12,1,2582,19,0.8,2023-02-23,2023-03-03,2023-03-05,1,0,Not as expected
681,DTC,7532,2,5405,0,55,2023-02-12,1,5668,20,0.8,2023-02-24,2023-03-04,2023-03-06,1,0,Changed mind
682,DTC,7567,2,48852,0,52,2023-02-12,2,13913,22,0.8,2023-02-25,2023-03-06,2023-03-08,2,0,Defect
683,DTC,7571,3,25271,0,8,2023-02-12,1,5223,15,0.8,2023-02-21,2023-02-27,2023-03-01,1,0,Defect
684,DTC,7641,1,4765,0,72,2023-02-13,1,6161,19,0.8,2023-02-24,2023-03-04,2023-03-06,1,0,Damaged in transit
685,DTC,7717,1,4813,0,14,2023-02-13,1,5478,2,0.8,2023-02-14,2023-02-15,2023-02-17,1,0,Defect
686,DTC,7720,1,4816,0,46,2023-02-13,1,7654,12,0.8,2023-02-20,2023-02-25,2023-02-27,1,0,Damaged in transit
687,DTC,7723,1,4819,0,76,2023-02-13,2,12267,7,0.8,2023-02-17,2023-02-20,2023-02-22,2,0,Not as expected
688,DTC,7800,1,4869,0,8,2023-02-13,2,10445,12,0.8,2023-02-20,2023-02-25,2023-02-27,2,0,Fit / size
689,DTC,7812,1,41610,0,47,2023-02-14,2,9488,17,0.8,2023-02-24,2023-03-03,2023-03-05,2,0,Changed mind
690,DTC,7822,1,4881,0,70,2023-02-14,1,7521,26,0.8,2023-03-02,2023-03-12,2023-03-14,1,0,Not as expected
691,DTC,7825,1,4884,0,38,2023-02-14,1,4577,13,0.8,2023-02-22,2023-02-27,2023-03-01,1,0,Damaged in transit
692,DTC,7967,1,16470,0,36,2023-02-14,1,1844,18,0.8,2023-02-25,2023-03-04,2023-03-06,1,0,Defect
693,DTC,8000,1,4994,0,6,2023-02-14,1,4322,17,0.8,2023-02-24,2023-03-03,2023-03-05,1,0,Fit / size
694,DTC,8013,1,5000,0,51,2023-02-14,1,4193,20,0.8,2023-02-26,2023-03-06,2023-03-08,1,0,Changed mind
695,DTC,8076,2,5040,0,8,2023-02-15,1,5223,16,0.8,2023-02-25,2023-03-03,2023-03-05,1,0,Defect
696,DTC,8077,1,5041,0,12,2023-02-15,1,4830,22,0.8,2023-02-28,2023-03-09,2023-03-11,1,0,Not as expected
697,DTC,8134,2,5071,0,43,2023-02-15,1,4834,20,0.8,2023-02-27,2023-03-07,2023-03-09,1,0,Damaged in transit
698,DTC,8201,1,5107,0,8,2023-02-15,1,5223,3,0.8,2023-02-17,2023-02-18,2023-02-20,1,0,Not as expected
699,DTC,8204,2,5108,0,39,2023-02-15,1,2629,15,0.8,2023-02-24,2023-03-02,2023-03-04,1,0,Not as expected
700,DTC,8206,1,5109,0,8,2023-02-15,1,5223,14,0.8,2023-02-23,2023-03-01,2023-03-03,1,0,Fit / size
701,DTC,8245,1,5133,0,8,2023-02-16,1,5223,13,0.8,2023-02-24,2023-03-01,2023-03-03,1,0,Fit / size
702,DTC,8257,1,5143,0,69,2023-02-16,1,5081,19,0.8,2023-02-27,2023-03-07,2023-03-09,1,0,Changed mind
703,DTC,8406,1,5225,0,12,2023-02-16,1,4830,19,0.8,2023-02-27,2023-03-07,2023-03-09,1,0,Damaged in transit
704,DTC,8490,1,5276,0,10,2023-02-17,1,4266,25,0.8,2023-03-04,2023-03-14,2023-03-16,1,0,Defect
705,DTC,8516,1,5289,0,38,2023-02-17,1,4577,30,0.8,2023-03-07,2023-03-19,2023-03-21,1,0,Defect
706,DTC,8567,1,1073,0,71,2023-02-17,1,3944,9,0.8,2023-02-22,2023-02-26,2023-02-28,1,0,Fit / size
707,DTC,8580,2,5319,0,44,2023-02-17,1,6472,30,0.8,2023-03-07,2023-03-19,2023-03-21,1,0,Damaged in transit
708,DTC,8658,2,5372,0,61,2023-02-18,1,1735,20,0.8,2023-03-02,2023-03-10,2023-03-12,1,0,Changed mind
709,DTC,8668,1,5380,0,10,2023-02-18,1,4266,17,0.8,2023-02-28,2023-03-07,2023-03-09,1,0,Damaged in transit
710,DTC,8732,1,27661,0,6,2023-02-18,1,4322,4,0.8,2023-02-20,2023-02-22,2023-02-24,1,0,Fit / size
711,DTC,8753,1,5431,0,52,2023-02-18,1,6957,17,0.8,2023-02-28,2023-03-07,2023-03-09,1,0,Damaged in transit
712,DTC,8753,2,5431,0,2,2023-02-18,1,5746,15,0.8,2023-02-27,2023-03-05,2023-03-07,1,0,Fit / size
713,DTC,8757,1,1064,0,65,2023-02-18,1,5595,18,0.8,2023-03-01,2023-03-08,2023-03-10,1,0,Defect
714,DTC,8779,1,5448,0,39,2023-02-18,2,5257,18,0.8,2023-03-01,2023-03-08,2023-03-10,2,0,Defect
715,DTC,8934,2,43895,0,40,2023-02-19,1,6742,13,0.8,2023-02-27,2023-03-04,2023-03-06,1,0,Changed mind
716,DTC,8943,1,5548,0,46,2023-02-19,1,7654,12,0.8,2023-02-26,2023-03-03,2023-03-05,1,0,Defect
717,DTC,9016,1,5595,0,52,2023-02-20,1,6957,18,0.8,2023-03-03,2023-03-10,2023-03-12,1,0,Not as expected
718,DTC,9062,2,5624,0,36,2023-02-20,1,1844,18,0.8,2023-03-03,2023-03-10,2023-03-12,1,0,Damaged in transit
719,DTC,9121,2,45134,0,71,2023-02-20,1,3944,11,0.8,2023-02-27,2023-03-03,2023-03-05,1,0,Fit / size
720,DTC,9187,1,5697,0,45,2023-02-20,1,2458,23,0.8,2023-03-06,2023-03-15,2023-03-17,1,0,Fit / size
721,DTC,9293,1,46520,0,45,2023-02-21,2,4917,21,0.8,2023-03-06,2023-03-14,2023-03-16,2,0,Not as expected
722,DTC,9307,1,19716,0,68,2023-02-21,1,4329,16,0.8,2023-03-03,2023-03-09,2023-03-11,1,0,Changed mind
723,DTC,9330,2,5787,0,63,2023-02-21,1,6515,25,0.8,2023-03-08,2023-03-18,2023-03-20,1,0,Fit / size
724,DTC,9374,3,5821,0,70,2023-02-21,1,7521,18,0.8,2023-03-04,2023-03-11,2023-03-13,1,0,Fit / size
725,DTC,9392,1,19353,0,36,2023-02-21,1,1844,27,0.8,2023-03-09,2023-03-20,2023-03-22,1,0,Not as expected
726,DTC,9485,1,51460,0,45,2023-02-22,1,2458,17,0.8,2023-03-04,2023-03-11,2023-03-13,1,0,Fit / size
727,DTC,9531,1,5926,0,37,2023-02-22,2,13654,22,0.8,2023-03-07,2023-03-16,2023-03-18,2,0,Damaged in transit
728,DTC,9670,1,39768,0,49,2023-02-23,1,1686,21,0.8,2023-03-08,2023-03-16,2023-03-18,1,0,Defect
729,DTC,9684,2,6018,0,82,2023-02-23,1,4918,35,0.8,2023-03-16,2023-03-30,2023-04-01,1,0,Changed mind
730,DTC,9700,1,33820,0,51,2023-02-23,2,8387,4,0.8,2023-02-25,2023-02-27,2023-03-01,2,0,Not as expected
731,DTC,9710,1,40557,0,57,2023-02-23,1,1956,26,0.8,2023-03-11,2023-03-21,2023-03-23,1,0,Defect
732,DTC,9853,1,6130,0,12,2023-02-24,1,4830,17,0.8,2023-03-06,2023-03-13,2023-03-15,1,0,Fit / size
733,DTC,9856,1,6133,0,75,2023-02-24,1,7964,12,0.8,2023-03-03,2023-03-08,2023-03-10,1,0,Defect
734,DTC,9903,2,6158,0,43,2023-02-24,1,4834,21,0.8,2023-03-09,2023-03-17,2023-03-19,1,0,Changed mind
735,DTC,9916,1,6165,0,45,2023-02-24,1,2458,24,0.8,2023-03-10,2023-03-20,2023-03-22,1,0,Changed mind
736,DTC,9926,2,47504,0,57,2023-02-24,1,1956,15,0.8,2023-03-05,2023-03-11,2023-03-13,1,0,Defect
737,DTC,9937,1,24648,0,43,2023-02-24,2,9668,6,0.8,2023-02-28,2023-03-02,2023-03-04,2,0,Defect
738,DTC,9997,1,6213,0,70,2023-02-24,2,15041,31,0.8,2023-03-15,2023-03-27,2023-03-29,2,0,Fit / size
739,DTC,10078,1,6257,0,44,2023-02-25,1,6472,28,0.8,2023-03-14,2023-03-25,2023-03-27,1,0,Fit / size
740,DTC,10086,2,6262,0,68,2023-02-25,1,4329,18,0.8,2023-03-08,2023-03-15,2023-03-17,1,0,Fit / size
741,DTC,10103,2,6272,0,36,2023-02-25,1,1844,21,0.8,2023-03-10,2023-03-18,2023-03-20,1,0,Defect
742,DTC,10179,1,11672,0,66,2023-02-26,1,6780,20,0.8,2023-03-10,2023-03-18,2023-03-20,1,0,Defect
743,DTC,10203,1,6332,0,79,2023-02-26,1,6105,21,0.8,2023-03-11,2023-03-19,2023-03-21,1,0,Defect
744,DTC,10283,2,6385,0,36,2023-02-26,1,1844,16,0.8,2023-03-08,2023-03-14,2023-03-16,1,0,Fit / size
745,DTC,10310,1,6405,0,59,2023-02-26,1,3991,5,0.8,2023-03-01,2023-03-03,2023-03-05,1,0,Not as expected
746,DTC,6366,1,3966,0,9,2023-02-27,1,5975,23,0.8,2023-03-13,2023-03-22,2023-03-24,1,0,Damaged in transit
747,DTC,6370,2,3968,0,20,2023-02-27,1,3992,9,0.8,2023-03-04,2023-03-08,2023-03-10,1,0,Changed mind
748,DTC,6429,1,4006,0,34,2023-02-27,1,6924,18,0.8,2023-03-10,2023-03-17,2023-03-19,1,0,Changed mind
749,DTC,10342,1,6422,0,64,2023-02-27,1,5800,2,0.8,2023-02-28,2023-03-01,2023-03-03,1,0,Changed mind
750,DTC,10356,1,6429,0,38,2023-02-27,1,4577,15,0.8,2023-03-08,2023-03-14,2023-03-16,1,0,Fit / size
751,DTC,10401,3,6457,0,71,2023-02-27,1,3944,28,0.8,2023-03-16,2023-03-27,2023-03-29,1,0,Fit / size
752,DTC,10422,3,6465,0,85,2023-02-27,1,5694,15,0.8,2023-03-08,2023-03-14,2023-03-16,1,0,Defect
753,DTC,10457,3,6490,0,61,2023-02-27,1,1735,4,0.8,2023-03-01,2023-03-03,2023-03-05,1,0,Fit / size
754,DTC,6568,1,49009,0,4,2023-02-28,2,8935,26,0.8,2023-03-16,2023-03-26,2023-03-28,2,0,Changed mind
755,DTC,6649,2,40863,0,11,2023-02-28,1,5114,22,0.8,2023-03-13,2023-03-22,2023-03-24,1,0,Defect
756,DTC,10518,1,6524,0,51,2023-02-28,1,4193,10,0.8,2023-03-06,2023-03-10,2023-03-12,1,0,Changed mind
757,DTC,10560,1,6550,0,47,2023-02-28,1,4744,9,0.8,2023-03-05,2023-03-09,2023-03-11,1,0,Damaged in transit
758,DTC,10569,1,6554,0,68,2023-02-28,1,4329,14,0.8,2023-03-08,2023-03-14,2023-03-16,1,0,Not as expected
759,DTC,10684,1,6618,0,47,2023-02-28,1,4744,20,0.8,2023-03-12,2023-03-20,2023-03-22,1,0,Damaged in transit
760,DTC,6689,2,4169,0,3,2023-03-01,1,5360,23,0.8,2023-03-15,2023-03-24,2023-03-26,1,0,Damaged in transit
761,DTC,6702,2,4181,0,10,2023-03-01,1,4266,19,0.8,2023-03-12,2023-03-20,2023-03-22,1,0,Changed mind
762,DTC,6725,1,38257,0,4,2023-03-01,2,8935,17,0.8,2023-03-11,2023-03-18,2023-03-20,2,0,Fit / size
763,DTC,6799,1,10933,0,20,2023-03-01,2,7985,22,0.8,2023-03-14,2023-03-23,2023-03-25,2,0,Defect
764,DTC,10714,1,6638,0,52,2023-03-01,2,13913,2,0.8,2023-03-02,2023-03-03,2023-03-05,2,0,Changed mind
765,DTC,10728,1,18976,0,57,2023-03-01,2,3912,12,0.8,2023-03-08,2023-03-13,2023-03-15,2,0,Damaged in transit
766,DTC,10782,2,6678,0,73,2023-03-01,1,5263,22,0.8,2023-03-14,2023-03-23,2023-03-25,1,0,Fit / size
767,DTC,10888,1,6741,0,41,2023-03-01,1,2682,16,0.8,2023-03-11,2023-03-17,2023-03-19,1,0,Not as expected
768,DTC,10889,1,25601,0,48,2023-03-01,1,6373,22,0.8,2023-03-14,2023-03-23,2023-03-25,1,0,Fit / size
769,DTC,10917,1,24267,0,56,2023-03-01,1,6269,17,0.8,2023-03-11,2023-03-18,2023-03-20,1,0,Damaged in transit
770,DTC,6877,2,4292,0,12,2023-03-02,1,4830,29,0.8,2023-03-19,2023-03-31,2023-04-02,1,0,Fit / size
771,DTC,6889,2,37981,0,2,2023-03-02,1,5746,14,0.8,2023-03-10,2023-03-16,2023-03-18,1,0,Not as expected
772,DTC,10974,1,13473,0,51,2023-03-02,2,8387,16,0.8,2023-03-12,2023-03-18,2023-03-20,2,0,Fit / size
773,DTC,10995,1,6800,0,36,2023-03-02,1,1844,6,0.8,2023-03-06,2023-03-08,2023-03-10,1,0,Changed mind
774,DTC,7123,2,4451,0,33,2023-03-03,1,2230,16,0.8,2023-03-13,2023-03-19,2023-03-21,1,0,Defect
775,DTC,7128,1,32371,0,1,2023-03-03,1,5753,16,0.8,2023-03-13,2023-03-19,2023-03-21,1,0,Damaged in transit
776,DTC,7184,1,4489,0,6,2023-03-03,1,4322,24,0.8,2023-03-17,2023-03-27,2023-03-29,1,0,Damaged in transit
777,DTC,11171,1,35495,0,46,2023-03-03,2,15308,16,0.8,2023-03-13,2023-03-19,2023-03-21,2,0,Not as expected
778,DTC,11226,3,6939,0,55,2023-03-03,1,5668,15,0.8,2023-03-12,2023-03-18,2023-03-20,1,0,Defect
779,DTC,11232,1,6942,0,50,2023-03-03,1,8043,11,0.8,2023-03-10,2023-03-14,2023-03-16,1,0,Changed mind
780,DTC,11262,2,14848,0,54,2023-03-03,1,5571,15,0.8,2023-03-12,2023-03-18,2023-03-20,1,0,Defect
781,DTC,11264,1,6960,0,10,2023-03-03,2,8533,14,0.8,2023-03-11,2023-03-17,2023-03-19,2,0,Fit / size
782,DTC,11266,1,6962,0,83,2023-03-03,1,6270,14,0.8,2023-03-11,2023-03-17,2023-03-19,1,0,Defect
783,DTC,11282,1,6968,0,39,2023-03-03,2,5257,22,0.8,2023-03-16,2023-03-25,2023-03-27,2,0,Fit / size
784,DTC,7195,2,4497,0,19,2023-03-04,2,10033,24,0.8,2023-03-18,2023-03-28,2023-03-30,2,0,Changed mind
785,DTC,7250,1,7003,0,13,2023-03-04,1,4984,10,0.8,2023-03-10,2023-03-14,2023-03-16,1,0,Fit / size
786,DTC,7295,1,8044,0,31,2023-03-04,2,10727,16,0.8,2023-03-14,2023-03-20,2023-03-22,2,0,Fit / size
787,DTC,11366,1,7024,0,43,2023-03-04,1,4834,28,0.8,2023-03-21,2023-04-01,2023-04-03,1,0,Changed mind
788,DTC,7392,1,4617,0,1,2023-03-05,1,5753,28,0.8,2023-03-22,2023-04-02,2023-04-04,1,0,Not as expected
789,DTC,7404,2,4623,0,2,2023-03-05,2,11492,18,0.8,2023-03-16,2023-03-23,2023-03-25,2,0,Fit / size
790,DTC,7426,1,4637,0,1,2023-03-05,1,5753,18,0.8,2023-03-16,2023-03-23,2023-03-25,1,0,Fit / size
791,DTC,7438,1,4644,0,9,2023-03-05,2,11951,6,0.8,2023-03-09,2023-03-11,2023-03-13,2,0,Not as expected
792,DTC,7439,1,4645,0,10,2023-03-05,1,4266,4,0.8,2023-03-07,2023-03-09,2023-03-11,1,0,Changed mind
793,DTC,7452,1,22857,0,33,2023-03-05,2,4460,16,0.8,2023-03-15,2023-03-21,2023-03-23,2,0,Defect
794,DTC,7491,1,4673,0,17,2023-03-05,1,5471,22,0.8,2023-03-18,2023-03-27,2023-03-29,1,0,Not as expected
795,DTC,7517,1,29127,0,2,2023-03-05,1,5746,26,0.8,2023-03-21,2023-03-31,2023-04-02,1,0,Damaged in transit
796,DTC,11566,1,7133,0,42,2023-03-05,1,8149,5,0.8,2023-03-08,2023-03-10,2023-03-12,1,0,Changed mind
797,DTC,11689,1,103,0,32,2023-03-05,1,3866,13,0.8,2023-03-13,2023-03-18,2023-03-20,1,0,Changed mind
798,DTC,7595,1,4736,0,13,2023-03-06,1,4984,18,0.8,2023-03-17,2023-03-24,2023-03-26,1,0,Changed mind
799,DTC,7600,1,4739,0,13,2023-03-06,1,4984,16,0.8,2023-03-16,2023-03-22,2023-03-24,1,0,Fit / size
800,DTC,7601,1,28577,0,1,2023-03-06,2,11507,29,0.8,2023-03-23,2023-04-04,2023-04-06,2,0,Defect
801,DTC,7630,2,4756,0,12,2023-03-06,1,4830,16,0.8,2023-03-16,2023-03-22,2023-03-24,1,0,Damaged in transit
802,DTC,7681,1,28100,0,17,2023-03-06,1,5471,25,0.8,2023-03-21,2023-03-31,2023-04-02,1,0,Damaged in transit
803,DTC,7682,1,4789,0,1,2023-03-06,1,5753,27,0.8,2023-03-22,2023-04-02,2023-04-04,1,0,Damaged in transit
804,DTC,7732,2,13270,0,21,2023-03-06,1,1805,18,0.8,2023-03-17,2023-03-24,2023-03-26,1,0,Defect
805,DTC,7733,2,47660,0,17,2023-03-06,1,5471,17,0.8,2023-03-16,2023-03-23,2023-03-25,1,0,Fit / size
806,DTC,7772,1,19803,0,1,2023-03-06,1,5753,19,0.8,2023-03-17,2023-03-25,2023-03-27,1,0,Fit / size
807,DTC,11774,1,7258,0,2,2023-03-06,1,5746,23,0.8,2023-03-20,2023-03-29,2023-03-31,1,0,Fit / size
808,DTC,11845,2,7303,0,52,2023-03-06,1,6957,30,0.8,2023-03-24,2023-04-05,2023-04-07,1,0,Changed mind
809,DTC,7808,2,36561,0,2,2023-03-07,1,5746,18,0.8,2023-03-18,2023-03-25,2023-03-27,1,0,Defect
810,DTC,7823,3,4882,0,6,2023-03-07,1,4322,14,0.8,2023-03-15,2023-03-21,2023-03-23,1,0,Not as expected
811,DTC,7850,2,4898,0,1,2023-03-07,2,11507,13,0.8,2023-03-15,2023-03-20,2023-03-22,2,0,Defect
812,DTC,7857,1,14836,0,9,2023-03-07,1,5975,18,0.8,2023-03-18,2023-03-25,2023-03-27,1,0,Fit / size
813,DTC,7870,1,22271,0,13,2023-03-07,1,4984,17,0.8,2023-03-17,2023-03-24,2023-03-26,1,0,Changed mind
814,DTC,7873,1,45972,0,6,2023-03-07,1,4322,30,0.8,2023-03-25,2023-04-06,2023-04-08,1,0,Defect
815,DTC,7952,1,4964,0,15,2023-03-07,1,2667,16,0.8,2023-03-17,2023-03-23,2023-03-25,1,0,Damaged in transit
816,DTC,7959,1,29415,0,33,2023-03-07,1,2230,18,0.8,2023-03-18,2023-03-25,2023-03-27,1,0,Not as expected
817,DTC,8002,3,25015,0,34,2023-03-07,2,13849,19,0.8,2023-03-18,2023-03-26,2023-03-28,2,0,Changed mind
818,DTC,11918,1,7355,0,64,2023-03-07,1,5800,10,0.8,2023-03-13,2023-03-17,2023-03-19,1,0,Changed mind
819,DTC,12003,1,11639,0,45,2023-03-07,1,2458,12,0.8,2023-03-14,2023-03-19,2023-03-21,1,0,Damaged in transit
820,DTC,12049,1,17725,0,35,2023-03-07,1,5044,13,0.8,2023-03-15,2023-03-20,2023-03-22,1,0,Changed mind
821,DTC,8024,3,5007,0,27,2023-03-08,1,1686,19,0.8,2023-03-19,2023-03-27,2023-03-29,1,0,Defect
822,DTC,8041,2,23728,0,4,2023-03-08,1,4467,10,0.8,2023-03-14,2023-03-18,2023-03-20,1,0,Damaged in transit
823,DTC,8079,1,24328,0,12,2023-03-08,1,4830,17,0.8,2023-03-18,2023-03-25,2023-03-27,1,0,Defect
824,DTC,8113,1,27202,0,16,2023-03-08,1,6565,26,0.8,2023-03-24,2023-04-03,2023-04-05,1,0,Defect
825,DTC,8123,1,5065,0,10,2023-03-08,1,4266,27,0.8,2023-03-24,2023-04-04,2023-04-06,1,0,Changed mind
826,DTC,8162,1,5088,0,3,2023-03-08,1,5360,11,0.8,2023-03-15,2023-03-19,2023-03-21,1,0,Defect
827,DTC,8170,1,11790,0,3,2023-03-08,1,5360,10,0.8,2023-03-14,2023-03-18,2023-03-20,1,0,Not as expected
828,DTC,8174,3,43426,0,1,2023-03-08,2,11507,4,0.8,2023-03-10,2023-03-12,2023-03-14,2,0,Not as expected
829,DTC,8183,1,5096,0,7,2023-03-08,1,5688,17,0.8,2023-03-18,2023-03-25,2023-03-27,1,0,Defect
830,DTC,8220,1,5119,0,30,2023-03-08,2,3495,7,0.8,2023-03-12,2023-03-15,2023-03-17,2,0,Fit / size
831,DTC,12136,2,44166,0,36,2023-03-08,1,1844,22,0.8,2023-03-21,2023-03-30,2023-04-01,1,0,Defect
832,DTC,12188,2,7525,0,68,2023-03-08,1,4329,27,0.8,2023-03-24,2023-04-04,2023-04-06,1,0,Damaged in transit
833,DTC,12213,1,7544,0,47,2023-03-08,1,4744,24,0.8,2023-03-22,2023-04-01,2023-04-03,1,0,Defect
834,DTC,12230,1,7552,0,58,2023-03-08,1,5692,36,0.8,2023-03-30,2023-04-13,2023-04-15,1,0,Fit / size
835,DTC,8223,1,5121,0,2,2023-03-09,2,11492,14,0.8,2023-03-17,2023-03-23,2023-03-25,2,0,Not as expected
836,DTC,8265,3,47413,0,3,2023-03-09,1,5360,22,0.8,2023-03-22,2023-03-31,2023-04-02,1,0,Defect
837,DTC,8310,1,5174,0,15,2023-03-09,2,5334,15,0.8,2023-03-18,2023-03-24,2023-03-26,2,0,Fit / size
838,DTC,8335,1,5185,0,21,2023-03-09,1,1805,30,0.8,2023-03-27,2023-04-08,2023-04-10,1,0,Not as expected
839,DTC,8352,1,5194,0,2,2023-03-09,1,5746,15,0.8,2023-03-18,2023-03-24,2023-03-26,1,0,Damaged in transit
840,DTC,8384,2,5213,0,2,2023-03-09,2,11492,20,0.8,2023-03-21,2023-03-29,2023-03-31,2,0,Not as expected
841,DTC,8401,1,5221,0,5,2023-03-09,1,6632,23,0.8,2023-03-23,2023-04-01,2023-04-03,1,0,Defect
842,DTC,8401,2,5221,0,3,2023-03-09,1,5360,33,0.8,2023-03-29,2023-04-11,2023-04-13,1,0,Not as expected
843,DTC,8413,1,5229,0,11,2023-03-09,1,5114,14,0.8,2023-03-17,2023-03-23,2023-03-25,1,0,Not as expected
844,DTC,8417,1,9771,0,13,2023-03-09,2,9969,28,0.8,2023-03-26,2023-04-06,2023-04-08,2,0,Not as expected
845,DTC,8418,2,7547,0,14,2023-03-09,1,5478,18,0.8,2023-03-20,2023-03-27,2023-03-29,1,0,Damaged in transit
846,DTC,12324,2,21926,0,77,2023-03-09,2,10095,15,0.8,2023-03-18,2023-03-24,2023-03-26,2,0,Changed mind
847,DTC,8424,2,5235,0,23,2023-03-10,2,8101,22,0.8,2023-03-23,2023-04-01,2023-04-03,2,0,Fit / size
848,DTC,8429,1,5238,0,12,2023-03-10,1,4830,14,0.8,2023-03-18,2023-03-24,2023-03-26,1,0,Fit / size
849,DTC,8443,2,5247,0,14,2023-03-10,1,5478,26,0.8,2023-03-26,2023-04-05,2023-04-07,1,0,Changed mind
850,DTC,8478,2,5265,0,7,2023-03-10,2,11376,23,0.8,2023-03-24,2023-04-02,2023-04-04,2,0,Defect
851,DTC,8535,1,24495,0,1,2023-03-10,1,5753,13,0.8,2023-03-18,2023-03-23,2023-03-25,1,0,Changed mind
852,DTC,8582,1,5321,0,2,2023-03-10,1,5746,10,0.8,2023-03-16,2023-03-20,2023-03-22,1,0,Not as expected
853,DTC,8583,1,5322,0,12,2023-03-10,1,4830,13,0.8,2023-03-18,2023-03-23,2023-03-25,1,0,Damaged in transit
854,DTC,8606,2,5561,0,3,2023-03-10,2,10719,19,0.8,2023-03-21,2023-03-29,2023-03-31,2,0,Defect
855,DTC,8614,1,5340,0,3,2023-03-10,1,5360,6,0.8,2023-03-14,2023-03-16,2023-03-18,1,0,Changed mind
856,DTC,12605,1,22634,0,45,2023-03-10,1,2458,17,0.8,2023-03-20,2023-03-27,2023-03-29,1,0,Damaged in transit
857,DTC,8632,1,5355,0,30,2023-03-11,1,1747,19,0.8,2023-03-22,2023-03-30,2023-04-01,1,0,Not as expected
858,DTC,8643,1,5363,0,1,2023-03-11,1,5753,19,0.8,2023-03-22,2023-03-30,2023-04-01,1,0,Not as expected
859,DTC,8647,2,12660,0,3,2023-03-11,1,5360,18,0.8,2023-03-22,2023-03-29,2023-03-31,1,0,Fit / size
860,DTC,8678,2,5388,0,8,2023-03-11,1,5223,16,0.8,2023-03-21,2023-03-27,2023-03-29,1,0,Damaged in transit
861,DTC,8705,1,5402,0,33,2023-03-11,1,2230,19,0.8,2023-03-22,2023-03-30,2023-04-01,1,0,Changed mind
862,DTC,8781,1,5449,0,5,2023-03-11,1,6632,21,0.8,2023-03-24,2023-04-01,2023-04-03,1,0,Changed mind
863,DTC,8802,1,10301,0,11,2023-03-11,2,10228,10,0.8,2023-03-17,2023-03-21,2023-03-23,2,0,Fit / size
864,DTC,12792,1,44635,0,12,2023-03-11,1,4830,11,0.8,2023-03-18,2023-03-22,2023-03-24,1,0,Defect
865,DTC,12873,1,7947,0,4,2023-03-11,2,8935,12,0.8,2023-03-18,2023-03-23,2023-03-25,2,0,Not as expected
866,DTC,8867,1,17174,0,4,2023-03-12,1,4467,5,0.8,2023-03-15,2023-03-17,2023-03-19,1,0,Defect
867,DTC,12900,1,7966,0,29,2023-03-12,1,4135,24,0.8,2023-03-26,2023-04-05,2023-04-07,1,0,Fit / size
868,DTC,12933,1,52274,0,44,2023-03-12,1,6472,13,0.8,2023-03-20,2023-03-25,2023-03-27,1,0,Defect
869,DTC,13014,1,8030,0,27,2023-03-12,1,1686,23,0.8,2023-03-26,2023-04-04,2023-04-06,1,0,Damaged in transit
870,DTC,9082,1,18871,0,2,2023-03-13,2,11492,26,0.8,2023-03-29,2023-04-08,2023-04-10,2,0,Changed mind
871,DTC,9084,1,20516,0,32,2023-03-13,2,7733,17,0.8,2023-03-23,2023-03-30,2023-04-01,2,0,Damaged in transit
872,DTC,9109,2,5649,0,6,2023-03-13,2,8644,15,0.8,2023-03-22,2023-03-28,2023-03-30,2,0,Fit / size
873,DTC,9112,2,5652,0,12,2023-03-13,1,4830,22,0.8,2023-03-26,2023-04-04,2023-04-06,1,0,Defect
874,DTC,9167,2,5687,0,1,2023-03-13,1,5753,18,0.8,2023-03-24,2023-03-31,2023-04-02,1,0,Changed mind
875,DTC,9185,1,5696,0,1,2023-03-13,1,5753,20,0.8,2023-03-25,2023-04-02,2023-04-04,1,0,Changed mind
876,DTC,13199,1,8148,0,66,2023-03-13,1,6780,12,0.8,2023-03-20,2023-03-25,2023-03-27,1,0,Changed mind
877,DTC,13274,1,29384,0,42,2023-03-13,1,8149,22,0.8,2023-03-26,2023-04-04,2023-04-06,1,0,Not as expected
878,DTC,9194,2,9711,0,29,2023-03-14,1,4135,21,0.8,2023-03-27,2023-04-04,2023-04-06,1,0,Fit / size
879,DTC,9228,1,14594,0,29,2023-03-14,1,4135,18,0.8,2023-03-25,2023-04-01,2023-04-03,1,0,Fit / size
880,DTC,9242,1,5731,0,17,2023-03-14,1,5471,29,0.8,2023-03-31,2023-04-12,2023-04-14,1,0,Damaged in transit
881,DTC,9253,1,5739,0,1,2023-03-14,1,5753,14,0.8,2023-03-22,2023-03-28,2023-03-30,1,0,Defect
882,DTC,9257,1,34832,0,33,2023-03-14,1,2230,30,0.8,2023-04-01,2023-04-13,2023-04-15,1,0,Damaged in transit
883,DTC,9262,1,5744,0,5,2023-03-14,1,6632,23,0.8,2023-03-28,2023-04-06,2023-04-08,1,0,Damaged in transit
884,DTC,9309,1,5772,0,23,2023-03-14,1,4050,23,0.8,2023-03-28,2023-04-06,2023-04-08,1,0,Damaged in transit
885,DTC,9327,1,5784,0,31,2023-03-14,1,5363,7,0.8,2023-03-18,2023-03-21,2023-03-23,1,0,Changed mind
886,DTC,9334,1,37477,0,9,2023-03-14,1,5975,13,0.8,2023-03-22,2023-03-27,2023-03-29,1,0,Defect
887,DTC,9339,1,5793,0,5,2023-03-14,1,6632,30,0.8,2023-04-01,2023-04-13,2023-04-15,1,0,Fit / size
888,DTC,9359,1,5809,0,3,2023-03-14,1,5360,22,0.8,2023-03-27,2023-04-05,2023-04-07,1,0,Defect
889,DTC,9368,1,5817,0,4,2023-03-14,1,4467,23,0.8,2023-03-28,2023-04-06,2023-04-08,1,0,Not as expected
890,DTC,9396,1,3427,0,9,2023-03-14,2,11951,17,0.8,2023-03-24,2023-03-31,2023-04-02,2,0,Not as expected
891,DTC,13341,1,8240,0,66,2023-03-14,1,6780,2,0.8,2023-03-15,2023-03-16,2023-03-18,1,0,Damaged in transit
892,DTC,13343,1,25216,0,41,2023-03-14,1,2682,20,0.8,2023-03-26,2023-04-03,2023-04-05,1,0,Not as expected
893,DTC,13358,3,8253,0,53,2023-03-14,1,2105,18,0.8,2023-03-25,2023-04-01,2023-04-03,1,0,Fit / size
894,DTC,13362,2,8257,0,51,2023-03-14,1,4193,15,0.8,2023-03-23,2023-03-29,2023-03-31,1,0,Defect
895,DTC,13367,3,8258,0,55,2023-03-14,1,5668,24,0.8,2023-03-28,2023-04-07,2023-04-09,1,0,Fit / size
896,DTC,13387,1,8272,0,55,2023-03-14,2,11336,27,0.8,2023-03-30,2023-04-10,2023-04-12,2,0,Defect
897,DTC,13438,2,8307,0,71,2023-03-14,1,3944,21,0.8,2023-03-27,2023-04-04,2023-04-06,1,0,Defect
898,DTC,13459,1,8321,0,50,2023-03-14,2,16085,12,0.8,2023-03-21,2023-03-26,2023-03-28,2,0,Damaged in transit
899,DTC,13488,1,38061,0,76,2023-03-14,1,6133,12,0.8,2023-03-21,2023-03-26,2023-03-28,1,0,Not as expected
900,DTC,9420,2,5851,0,9,2023-03-15,1,5975,9,0.8,2023-03-20,2023-03-24,2023-03-26,1,0,Fit / size
901,DTC,9471,1,5887,0,20,2023-03-15,1,3992,28,0.8,2023-04-01,2023-04-12,2023-04-14,1,0,Damaged in transit
902,DTC,9527,1,46450,0,21,2023-03-15,1,1805,18,0.8,2023-03-26,2023-04-02,2023-04-04,1,0,Fit / size
903,DTC,9558,1,5939,0,17,2023-03-15,2,10941,10,0.8,2023-03-21,2023-03-25,2023-03-27,2,0,Defect
904,DTC,13517,1,13378,0,38,2023-03-15,1,3936,8,0.8,2023-03-20,2023-03-23,2023-03-25,1,0,Damaged in transit
905,DTC,13532,1,8362,0,13,2023-03-15,1,4311,8,0.8,2023-03-20,2023-03-23,2023-03-25,1,0,Defect
906,DTC,13649,1,18242,0,36,2023-03-15,1,1546,21,0.8,2023-03-28,2023-04-05,2023-04-07,1,0,Changed mind
907,DTC,13652,3,8429,0,51,2023-03-15,1,3305,23,0.8,2023-03-29,2023-04-07,2023-04-09,1,0,Damaged in transit
908,DTC,9609,2,5975,0,1,2023-03-16,1,5753,31,0.8,2023-04-04,2023-04-16,2023-04-18,1,0,Defect
909,DTC,9704,1,6031,0,2,2023-03-16,1,5746,14,0.8,2023-03-24,2023-03-30,2023-04-01,1,0,Damaged in transit
910,DTC,9718,1,6040,0,18,2023-03-16,1,2582,18,0.8,2023-03-27,2023-04-03,2023-04-05,1,0,Not as expected
911,DTC,9718,2,6040,0,12,2023-03-16,1,4830,22,0.8,2023-03-29,2023-04-07,2023-04-09,1,0,Fit / size
912,DTC,9734,1,31008,0,14,2023-03-16,2,10956,24,0.8,2023-03-30,2023-04-09,2023-04-11,2,0,Fit / size
913,DTC,9734,2,31008,0,9,2023-03-16,2,11951,11,0.8,2023-03-23,2023-03-27,2023-03-29,2,0,Changed mind
914,DTC,9759,1,6070,0,1,2023-03-16,1,5753,21,0.8,2023-03-29,2023-04-06,2023-04-08,1,0,Fit / size
915,DTC,9763,1,6074,0,23,2023-03-16,1,4050,14,0.8,2023-03-24,2023-03-30,2023-04-01,1,0,Not as expected
916,DTC,9786,1,6089,0,3,2023-03-16,1,5360,19,0.8,2023-03-27,2023-04-04,2023-04-06,1,0,Fit / size
917,DTC,13775,1,8501,0,68,2023-03-16,1,3850,10,0.8,2023-03-22,2023-03-26,2023-03-28,1,0,Changed mind
918,DTC,13861,2,8556,0,43,2023-03-16,1,4251,24,0.8,2023-03-30,2023-04-09,2023-04-11,1,0,Defect
919,DTC,13866,2,8559,0,49,2023-03-16,1,1470,12,0.8,2023-03-23,2023-03-28,2023-03-30,1,0,Not as expected
920,DTC,9866,1,6139,0,5,2023-03-17,1,6632,30,0.8,2023-04-04,2023-04-16,2023-04-18,1,0,Changed mind
921,DTC,9880,1,37512,0,12,2023-03-17,1,4830,19,0.8,2023-03-28,2023-04-05,2023-04-07,1,0,Changed mind
922,DTC,9909,1,6161,0,5,2023-03-17,1,6632,15,0.8,2023-03-26,2023-04-01,2023-04-03,1,0,Damaged in transit
923,DTC,9910,1,31304,0,11,2023-03-17,1,5114,24,0.8,2023-03-31,2023-04-10,2023-04-12,1,0,Not as expected
924,DTC,9926,1,47504,0,22,2023-03-17,1,5736,21,0.8,2023-03-30,2023-04-07,2023-04-09,1,0,Fit / size
925,DTC,9933,1,6173,0,3,2023-03-17,1,5360,14,0.8,2023-03-25,2023-03-31,2023-04-02,1,0,Defect
926,DTC,9991,1,6208,0,35,2023-03-17,1,5044,24,0.8,2023-03-31,2023-04-10,2023-04-12,1,0,Fit / size
927,DTC,10000,1,6214,0,2,2023-03-17,1,5746,10,0.8,2023-03-23,2023-03-27,2023-03-29,1,0,Not as expected
928,DTC,13894,1,8579,0,47,2023-03-17,1,4123,34,0.8,2023-04-06,2023-04-20,2023-04-22,1,0,Damaged in transit
929,DTC,13997,2,8645,0,82,2023-03-17,1,3968,21,0.8,2023-03-30,2023-04-07,2023-04-09,1,0,Defect
930,DTC,14062,1,51052,0,36,2023-03-17,1,1457,9,0.8,2023-03-22,2023-03-26,2023-03-28,1,0,Defect
931,DTC,10016,1,6220,0,3,2023-03-18,2,10719,23,0.8,2023-04-01,2023-04-10,2023-04-12,2,0,Damaged in transit
932,DTC,10042,1,33179,0,10,2023-03-18,2,8533,9,0.8,2023-03-23,2023-03-27,2023-03-29,2,0,Damaged in transit
933,DTC,10056,2,6246,0,2,2023-03-18,1,5746,18,0.8,2023-03-29,2023-04-05,2023-04-07,1,0,Damaged in transit
934,DTC,10073,1,6255,0,31,2023-03-18,1,5363,23,0.8,2023-04-01,2023-04-10,2023-04-12,1,0,Damaged in transit
935,DTC,10087,1,6263,0,13,2023-03-18,2,9969,34,0.8,2023-04-07,2023-04-21,2023-04-23,2,0,Not as expected
936,DTC,10172,1,49131,0,5,2023-03-18,1,6632,11,0.8,2023-03-25,2023-03-29,2023-03-31,1,0,Defect
937,DTC,14141,1,27376,0,51,2023-03-18,1,3734,22,0.8,2023-03-31,2023-04-09,2023-04-11,1,0,Defect
938,DTC,14193,1,40450,0,47,2023-03-18,2,7509,19,0.8,2023-03-29,2023-04-06,2023-04-08,2,0,Defect
939,DTC,14204,1,8772,0,68,2023-03-18,1,3584,16,0.8,2023-03-28,2023-04-03,2023-04-05,1,0,Changed mind
940,DTC,10177,1,20490,0,8,2023-03-19,1,5223,14,0.8,2023-03-27,2023-04-02,2023-04-04,1,0,Not as expected
941,DTC,10263,1,6374,0,19,2023-03-19,1,5017,30,0.8,2023-04-06,2023-04-18,2023-04-20,1,0,Damaged in transit
942,DTC,14281,3,46960,0,43,2023-03-19,1,3866,18,0.8,2023-03-30,2023-04-06,2023-04-08,1,0,Defect
943,DTC,14357,2,42651,0,75,2023-03-19,1,6625,24,0.8,2023-04-02,2023-04-12,2023-04-14,1,0,Changed mind
944,DTC,14453,1,50896,0,46,2023-03-19,1,6034,22,0.8,2023-04-01,2023-04-10,2023-04-12,1,0,Not as expected
945,DTC,10329,1,6412,0,17,2023-03-20,2,10941,15,0.8,2023-03-29,2023-04-04,2023-04-06,2,0,Not as expected
946,DTC,10340,1,6421,0,17,2023-03-20,2,10941,12,0.8,2023-03-27,2023-04-01,2023-04-03,2,0,Damaged in transit
947,DTC,10345,1,6424,0,2,2023-03-20,1,5746,24,0.8,2023-04-03,2023-04-13,2023-04-15,1,0,Defect
948,DTC,10393,2,47559,0,6,2023-03-20,1,4322,28,0.8,2023-04-06,2023-04-17,2023-04-19,1,0,Not as expected
949,DTC,10425,1,50160,0,29,2023-03-20,1,4135,10,0.8,2023-03-26,2023-03-30,2023-04-01,1,0,Changed mind
950,DTC,10436,1,50061,0,6,2023-03-20,1,4322,23,0.8,2023-04-03,2023-04-12,2023-04-14,1,0,Changed mind
951,DTC,10443,3,46861,0,1,2023-03-20,1,5753,31,0.8,2023-04-08,2023-04-20,2023-04-22,1,0,Not as expected
952,DTC,10455,1,6488,0,1,2023-03-20,2,11507,17,0.8,2023-03-30,2023-04-06,2023-04-08,2,0,Defect
953,DTC,10471,1,6500,0,33,2023-03-20,1,2230,26,0.8,2023-04-05,2023-04-15,2023-04-17,1,0,Fit / size
954,DTC,10488,1,6509,0,18,2023-03-20,1,2582,23,0.8,2023-04-03,2023-04-12,2023-04-14,1,0,Damaged in transit
955,DTC,14544,1,8977,0,71,2023-03-20,1,3348,8,0.8,2023-03-25,2023-03-28,2023-03-30,1,0,Defect
956,DTC,14579,1,44138,0,9,2023-03-20,1,5005,10,0.8,2023-03-26,2023-03-30,2023-04-01,1,0,Changed mind
957,DTC,14582,1,35389,0,51,2023-03-20,1,3282,17,0.8,2023-03-30,2023-04-06,2023-04-08,1,0,Not as expected
958,DTC,14590,1,9005,0,45,2023-03-20,2,4104,26,0.8,2023-04-05,2023-04-15,2023-04-17,2,0,Fit / size
959,DTC,14653,1,32060,0,63,2023-03-20,2,10431,15,0.8,2023-03-29,2023-04-04,2023-04-06,2,0,Not as expected
960,DTC,10499,1,48071,0,2,2023-03-21,1,5746,25,0.8,2023-04-05,2023-04-15,2023-04-17,1,0,Changed mind
961,DTC,10564,2,15230,0,4,2023-03-21,1,4467,18,0.8,2023-04-01,2023-04-08,2023-04-10,1,0,Fit / size
962,DTC,10571,1,6556,0,4,2023-03-21,1,4467,15,0.8,2023-03-30,2023-04-05,2023-04-07,1,0,Not as expected
963,DTC,10599,1,6567,0,2,2023-03-21,1,5746,22,0.8,2023-04-03,2023-04-12,2023-04-14,1,0,Fit / size
964,DTC,10623,1,6581,0,8,2023-03-21,1,5223,5,0.8,2023-03-24,2023-03-26,2023-03-28,1,0,Not as expected
965,DTC,10640,1,6593,0,19,2023-03-21,1,5017,10,0.8,2023-03-27,2023-03-31,2023-04-02,1,0,Damaged in transit
966,DTC,10644,2,6595,0,17,2023-03-21,1,5471,14,0.8,2023-03-29,2023-04-04,2023-04-06,1,0,Not as expected
967,DTC,10672,1,38528,0,5,2023-03-21,2,13264,12,0.8,2023-03-28,2023-04-02,2023-04-04,2,0,Changed mind
968,DTC,10680,1,6615,0,16,2023-03-21,1,6565,27,0.8,2023-04-06,2023-04-17,2023-04-19,1,0,Defect
969,DTC,10686,1,6619,0,24,2023-03-21,2,3547,32,0.8,2023-04-09,2023-04-22,2023-04-24,2,0,Defect
970,DTC,14666,2,9051,0,37,2023-03-21,1,5896,25,0.8,2023-04-05,2023-04-15,2023-04-17,1,0,Not as expected
971,DTC,14683,1,9062,0,14,2023-03-21,1,4559,10,0.8,2023-03-27,2023-03-31,2023-04-02,1,0,Damaged in transit
972,DTC,14822,1,3587,0,45,2023-03-21,1,2070,27,0.8,2023-04-06,2023-04-17,2023-04-19,1,0,Changed mind
973,DTC,14843,1,9151,0,43,2023-03-21,2,8320,17,0.8,2023-03-31,2023-04-07,2023-04-09,2,0,Damaged in transit
974,DTC,10853,1,19298,0,17,2023-03-22,1,5471,27,0.8,2023-04-07,2023-04-18,2023-04-20,1,0,Defect
975,DTC,10861,1,6723,0,19,2023-03-22,1,5017,7,0.8,2023-03-26,2023-03-29,2023-03-31,1,0,Defect
976,DTC,14909,1,41768,0,4,2023-03-22,1,3757,15,0.8,2023-03-31,2023-04-06,2023-04-08,1,0,Defect
977,DTC,14992,1,9240,0,38,2023-03-22,1,3891,19,0.8,2023-04-02,2023-04-10,2023-04-12,1,0,Changed mind
978,DTC,15054,2,9281,0,36,2023-03-22,1,1642,19,0.8,2023-04-02,2023-04-10,2023-04-12,1,0,Defect
979,DTC,15068,1,9288,0,68,2023-03-22,1,3722,20,0.8,2023-04-03,2023-04-11,2023-04-13,1,0,Changed mind
980,DTC,15093,2,9303,0,46,2023-03-22,1,6487,9,0.8,2023-03-27,2023-03-31,2023-04-02,1,0,Changed mind
981,DTC,11007,1,6806,0,24,2023-03-23,1,1773,26,0.8,2023-04-08,2023-04-18,2023-04-20,1,0,Not as expected
982,DTC,11042,2,6824,0,5,2023-03-23,1,6632,19,0.8,2023-04-03,2023-04-11,2023-04-13,1,0,Fit / size
983,DTC,11048,1,10978,0,14,2023-03-23,1,5478,17,0.8,2023-04-02,2023-04-09,2023-04-11,1,0,Not as expected
984,DTC,11058,3,6833,0,8,2023-03-23,1,5223,8,0.8,2023-03-28,2023-03-31,2023-04-02,1,0,Fit / size
985,DTC,11065,3,6838,0,32,2023-03-23,1,3866,17,0.8,2023-04-02,2023-04-09,2023-04-11,1,0,Damaged in transit
986,DTC,11090,1,8351,0,1,2023-03-23,1,5753,9,0.8,2023-03-28,2023-04-01,2023-04-03,1,0,Not as expected
987,DTC,11116,1,51182,0,10,2023-03-23,1,4266,16,0.8,2023-04-02,2023-04-08,2023-04-10,1,0,Not as expected
988,DTC,11147,1,6890,0,17,2023-03-23,1,5471,14,0.8,2023-03-31,2023-04-06,2023-04-08,1,0,Changed mind
989,DTC,15170,2,9352,0,13,2023-03-23,1,4218,8,0.8,2023-03-28,2023-03-31,2023-04-02,1,0,Damaged in transit
990,DTC,15207,1,9376,0,30,2023-03-23,1,1467,10,0.8,2023-03-29,2023-04-02,2023-04-04,1,0,Changed mind
991,DTC,15269,1,9413,0,7,2023-03-23,1,4723,19,0.8,2023-04-03,2023-04-11,2023-04-13,1,0,Changed mind
992,DTC,15320,1,9445,0,30,2023-03-23,1,1444,12,0.8,2023-03-30,2023-04-04,2023-04-06,1,0,Fit / size
993,DTC,11192,1,6918,0,14,2023-03-24,1,5478,18,0.8,2023-04-04,2023-04-11,2023-04-13,1,0,Fit / size
994,DTC,11212,1,23370,0,12,2023-03-24,2,9660,16,0.8,2023-04-03,2023-04-09,2023-04-11,2,0,Not as expected
995,DTC,11313,1,3659,0,10,2023-03-24,1,4266,13,0.8,2023-04-01,2023-04-06,2023-04-08,1,0,Defect
996,DTC,11314,1,6991,0,27,2023-03-24,1,1686,13,0.8,2023-04-01,2023-04-06,2023-04-08,1,0,Fit / size
997,DTC,11315,1,6992,0,17,2023-03-24,1,5471,8,0.8,2023-03-29,2023-04-01,2023-04-03,1,0,Damaged in transit
998,DTC,11357,1,7017,0,5,2023-03-24,2,13264,19,0.8,2023-04-04,2023-04-12,2023-04-14,2,0,Fit / size
999,DTC,11357,2,7017,0,2,2023-03-24,1,5746,3,0.8,2023-03-26,2023-03-27,2023-03-29,1,0,Fit / size
1000,DTC,15423,1,9503,0,18,2023-03-24,1,2133,18,0.8,2023-04-04,2023-04-11,2023-04-13,1,0,Not as expected
